universe_index,family,taxon
1,PINACEAE,Abies alba
2,MALVACEAE,Abutilon theophrasti
3,SAPINDACEAE,Acer campestre
4,SAPINDACEAE,Acer monspessulanum
5,SAPINDACEAE,Acer monspessulanum x A. campestre
6,SAPINDACEAE,Acer opalus
7,SAPINDACEAE,Acer pseudoplatanus
8,ASTERACEAE,Achillea ageratum
9,ASTERACEAE,Achillea collina
10,ASTERACEAE,Achillea millefolium
11,ASTERACEAE,Achillea millefolium subsp. millefolium
12,ASTERACEAE,Achillea odorata
13,ASTERACEAE,Achillea ptarmica
14,ASTERACEAE,Achillea ptarmica subsp. pyrenaica
15,ASTERACEAE,Achillea tomentosa
16,LAMIACEAE,Acinos alpinus
17,LAMIACEAE,Acinos arvensis
18,RANUNCULACEAE,Aconitum anthora
19,RANUNCULACEAE,Aconitum napellus
20,RANUNCULACEAE,Aconitum vulgaria subsp. neapolitanum
21,RANUNCULACEAE,Actaea spicata
22,FABACEAE,Adenocarpus complicatus
23,FABACEAE,Adenocarpus hispanicus
24,PTERIDACEAE,Adiantum capillus-veneris
25,RANUNCULACEAE,Adonis aestivalis
26,RANUNCULACEAE,Adonis aestivalis subsp. squarrosa
27,RANUNCULACEAE,Adonis annua
28,RANUNCULACEAE,Adonis flammea
29,RANUNCULACEAE,Adonis microcarpa
30,RANUNCULACEAE,Adonis vernalis
31,POACEAE,Aegilops geniculata
32,POACEAE,Aegilops neglecta
33,POACEAE,Aegilops triuncialis
34,POACEAE,Aegilops ventricosa
35,BORAGINACEAE,Aegonychon purpurocaeruleum
36,POACEAE,Aeluropus littoralis
37,SAPINDACEAE,Aesculus hippocastanum
38,BRASSICACEAE,Aethionema marginatum
39,BRASSICACEAE,Aethionema monospermum
40,BRASSICACEAE,Aethionema saxatile
41,BRASSICACEAE,Aethionema saxatile subsp. ovalifolium
42,BRASSICACEAE,Aethionema thomasianum
43,ROSACEAE,Agrimonia eupatoria
44,POACEAE,Agropyron cristatum subsp. pectinatum
45,CARYOPHYLLACEAE,Agrostemma githago
46,POACEAE,Agrostis alpina
47,POACEAE,Agrostis canina
48,POACEAE,Agrostis capillaris
49,POACEAE,Agrostis castellana
50,POACEAE,Agrostis curtisii
51,POACEAE,Agrostis delicatula
52,POACEAE,Agrostis rupestris
53,POACEAE,Agrostis stolonifera
54,POACEAE,Aira caryophyllea
55,POACEAE,Aira cupaniana
56,POACEAE,Aira praecox
57,POACEAE,Airopsis tenella
58,AIZOACEAE,Aizoon hispanicum
59,LAMIACEAE,Ajuga chamaepitys
60,LAMIACEAE,Ajuga pyramidalis
61,LAMIACEAE,Ajuga reptans
62,MALVACEAE,Alcea rosea
63,ROSACEAE,Alchemilla alpigena
64,ROSACEAE,Alchemilla alpina
65,ROSACEAE,Alchemilla basaltica
66,ROSACEAE,Alchemilla colorata
67,ROSACEAE,Alchemilla coriacea
68,ROSACEAE,Alchemilla filicaulis
69,ROSACEAE,Alchemilla filicaulis var. vestita
70,ROSACEAE,Alchemilla glabra
71,ROSACEAE,Alchemilla plicatula
72,ROSACEAE,Alchemilla polatschekiana
73,ROSACEAE,Alchemilla santanderiensis
74,ROSACEAE,Alchemilla saxatilis
75,ROSACEAE,Alchemilla saxetana
76,ROSACEAE,Alchemilla spectabilior
77,ROSACEAE,Alchemilla straminea
78,ROSACEAE,Alchemilla tenuis
79,ROSACEAE,Alchemilla transiens
80,ROSACEAE,Alchemilla vetteri
81,ROSACEAE,Alchemilla xanthochlora
82,ALISMATACEAE,Alisma lanceolatum
83,ALISMATACEAE,Alisma plantago-aquatica
84,BRASSICACEAE,Alliaria petiolata
85,AMARYLLIDACEAE,Allium ampeloprasum
86,AMARYLLIDACEAE,Allium guttatum subsp. sardoum
87,AMARYLLIDACEAE,Allium lusitanicum
88,AMARYLLIDACEAE,Allium oleraceum
89,AMARYLLIDACEAE,Allium oleraceum var. oleraceum
90,AMARYLLIDACEAE,Allium paniculatum
91,AMARYLLIDACEAE,Allium roseum
92,AMARYLLIDACEAE,Allium schoenoprassum
93,AMARYLLIDACEAE,Allium schoenoprasum
94,AMARYLLIDACEAE,Allium scorodoprasum subsp. rotundum
95,AMARYLLIDACEAE,Allium sphaerocephalon
96,AMARYLLIDACEAE,Allium stearnii
97,AMARYLLIDACEAE,Allium ursinum
98,AMARYLLIDACEAE,Allium victorialis
99,AMARYLLIDACEAE,Allium vineale
100,PTERIDACEAE,Allosurus acrosticus
101,PTERIDACEAE,Allosurus pteridioides
102,BETULACEAE,Alnus glutinosa
103,POACEAE,Alopecurus aequalis
104,POACEAE,Alopecurus arundinaceus
105,POACEAE,Alopecurus geniculatus
106,POACEAE,Alopecurus myosuroides
107,POACEAE,Alopecurus pratensis
108,MALVACEAE,Althaea cannabina
109,MALVACEAE,Althaea hirsuta
110,MALVACEAE,Althaea officinalis
111,BRASSICACEAE,Alyssum alyssoides
112,BRASSICACEAE,Alyssum fastigiatum
113,BRASSICACEAE,Alyssum granatense
114,BRASSICACEAE,Alyssum linifolium
115,BRASSICACEAE,Alyssum minutum
116,BRASSICACEAE,Alyssum montanum
117,BRASSICACEAE,Alyssum serpyllifolium
118,BRASSICACEAE,Alyssum simplex
119,AMARANTHACEAE,Amaranthus albus
120,AMARANTHACEAE,Amaranthus blitoides
121,AMARANTHACEAE,Amaranthus blitum
122,AMARANTHACEAE,Amaranthus deflexus
123,AMARANTHACEAE,Amaranthus graecizans subsp. silvestris
124,AMARANTHACEAE,Amaranthus hybridus
125,AMARANTHACEAE,Amaranthus muricatus
126,AMARANTHACEAE,Amaranthus powelli
127,AMARANTHACEAE,Amaranthus powellii
128,AMARANTHACEAE,Amaranthus retroflexus
129,ROSACEAE,Amelanchier ovalis
130,APIACEAE,Ammi majus
131,APIACEAE,Ammi visnaga
132,ORCHIDACEAE,Anacamptis coriophora
133,ORCHIDACEAE,Anacamptis pyramidalis
134,ASTERACEAE,Anacyclus clavatus
135,ASTERACEAE,Anacyclus valentinus
136,PLANTAGINACEAE,Anarrhinum bellidifolium
137,BORAGINACEAE,Anchusa arvensis
138,BORAGINACEAE,Anchusa azurea
139,BORAGINACEAE,Anchusa italica
140,PRIMULACEAE,Androsace maxima
141,PRIMULACEAE,Androsace rioxana
142,PRIMULACEAE,Androsace villosa
143,ASTERACEAE,Andryala integrifolia
144,ASTERACEAE,Andryala ragusina
145,ASTERACEAE,Andryala ragusina var. ragusina
146,RANUNCULACEAE,Anemone nemorosa
147,RANUNCULACEAE,Anemone ranunculoides
148,APIACEAE,Anethum graveolens
149,APIACEAE,Angelica major
150,APIACEAE,Angelica sylvestris
151,PTERIDACEAE,Anogramma leptophylla
152,ASTERACEAE,Antennaria dioica
153,ORCHIDACEAE,Anteriorchis fragrans
154,ASTERACEAE,Anthemis alpestris
155,ASTERACEAE,Anthemis arvensis
156,ASTERACEAE,Anthemis carpatica
157,ASTERACEAE,Anthemis cotula
158,ASTERACEAE,Anthemis triumfetti
159,ASPARAGACEAE,Anthericum liliago
160,POACEAE,Anthoxanthum odoratum
161,POACEAE,Anthoxanthum ovatum subsp. aristatum
162,APIACEAE,Anthriscus caucalis
163,APIACEAE,Anthriscus sylvestris
164,FABACEAE,Anthyllis montana subsp. hispanica
165,FABACEAE,Anthyllis vulneraria subsp. alpestris
166,FABACEAE,Anthyllis vulneraria subsp. gandogeri
167,FABACEAE,Anthyllis vulneraria subsp. iberica
168,FABACEAE,Anthyllis vulneraria subsp. sampaioana
169,FABACEAE,Anthyllis vulneraria subsp. vulnerarioides
170,PLANTAGINACEAE,Antirrhinum barrelieri
171,PLANTAGINACEAE,Antirrhinum braun-blanquetii
172,PLANTAGINACEAE,Antirrhinum litigiosum
173,PLANTAGINACEAE,Antirrhinum meonanthum
174,ROSACEAE,Aphanes arvensis
175,ROSACEAE,Aphanes australis
176,ROSACEAE,Aphanes cornucopioides
177,ROSACEAE,Aphanes microcarpa
178,ASPARAGACEAE,Aphyllanthes monspeliensis
179,APIACEAE,Apium graveolens
180,APIACEAE,Apium nodiflorum
181,RANUNCULACEAE,Aquilegia vulgaris
182,BRASSICACEAE,Arabidopsis thaliana
183,BRASSICACEAE,Arabis alpina
184,BRASSICACEAE,Arabis auriculata
185,BRASSICACEAE,Arabis hirsuta
186,BRASSICACEAE,Arabis parvula
187,BRASSICACEAE,Arabis planisiliqua
188,BRASSICACEAE,Arabis scabra
189,BRASSICACEAE,Arabis serpillifolia
190,BRASSICACEAE,Arabis turrita
191,ERICACEAE,Arbutus unedo
192,SANTALACEAE,Arceuthobium oxycedri
193,ASTERACEAE,Arctium minus
194,ERICACEAE,Arctostaphylos uva-ursi
195,CARYOPHYLLACEAE,Arenaria erinacea
196,CARYOPHYLLACEAE,Arenaria grandiflora
197,CARYOPHYLLACEAE,Arenaria interpres
198,CARYOPHYLLACEAE,Arenaria leptoclados
199,CARYOPHYLLACEAE,Arenaria modesta
200,CARYOPHYLLACEAE,Arenaria montana
201,CARYOPHYLLACEAE,Arenaria pomelii subsp. ciliaris
202,CARYOPHYLLACEAE,Arenaria serpyllifolia
203,FABACEAE,Argyrolobium zanonii
204,ARISTOLOCHIACEAE,Aristolochia paucinervis
205,ARISTOLOCHIACEAE,Aristolochia pistolochia
206,PLUMBAGINACEAE,Armeria alliacea subsp. matritensis
207,PLUMBAGINACEAE,Armeria arenaria
208,PLUMBAGINACEAE,Armeria arenaria subsp. arenaria
209,PLUMBAGINACEAE,Armeria arenaria subsp. bilbilitana
210,PLUMBAGINACEAE,Armeria bigerrensis subsp. losae
211,PLUMBAGINACEAE,Armeria cantabrica
212,ASTERACEAE,Arnoseris minima
213,POACEAE,Arrhenatherum album
214,POACEAE,Arrhenatherum elatius
215,POACEAE,Arrhenatherum elatius subsp. bulbosum
216,POACEAE,Arrhenatherum elatius subsp. sardoum
217,ASTERACEAE,Artemisia absinthium
218,ASTERACEAE,Artemisia alba
219,ASTERACEAE,Artemisia campestris
220,ASTERACEAE,Artemisia herba-alba
221,ASTERACEAE,Artemisia vulgaris
222,ARACEAE,Arum cylindraceum
223,ARACEAE,Arum italicum
224,ARACEAE,Arum maculatum
225,ARACEAE,Arum orientale subsp. orientale
226,POACEAE,Arundo donax
227,ASPARAGACEAE,Asparagus acutifolius
228,BORAGINACEAE,Asperugo procumbens
229,RUBIACEAE,Asperula aristata subsp. scabra
230,RUBIACEAE,Asperula arvensis
231,RUBIACEAE,Asperula cynanchica
232,RUBIACEAE,Asperula pyrenaica
233,ASPHODELACEAE,Asphodelus aestivus
234,ASPHODELACEAE,Asphodelus albus
235,ASPHODELACEAE,Asphodelus albus subsp. albus
236,ASPHODELACEAE,Asphodelus ayardii
237,ASPHODELACEAE,Asphodelus cerasiferus
238,ASPHODELACEAE,Asphodelus fistulosus
239,ASPHODELACEAE,Asphodelus ramosus
240,ASPHODELACEAE,Asphodelus serotinum
241,ASPLENIACEAE,Asplenium adiantum-nigrum
242,ASPLENIACEAE,Asplenium billotii
243,ASPLENIACEAE,Asplenium ceterach
244,ASPLENIACEAE,Asplenium csikii
245,ASPLENIACEAE,Asplenium fontanum
246,ASPLENIACEAE,Asplenium obovatum subsp. lanceolatum
247,ASPLENIACEAE,Asplenium onopteris
248,ASPLENIACEAE,Asplenium petrarchae
249,ASPLENIACEAE,Asplenium ruta-muraria
250,ASPLENIACEAE,Asplenium scolopendrium
251,ASPLENIACEAE,Asplenium seelosii subsp. glabrum
252,ASPLENIACEAE,Asplenium septentrionale
253,ASPLENIACEAE,Asplenium trichomanes
254,ASPLENIACEAE,Asplenium trichomanes subsp. hastatum
255,ASPLENIACEAE,Asplenium trichomanes subsp. quadrivalens
256,ASPLENIACEAE,Asplenium viride
257,ASPLENIACEAE,Asplenium x alternifolium
258,ASPLENIACEAE,Asplenium x sarniense
259,ASPLENIACEAE,Asplenium x souchei
260,ASPLENIACEAE,Asplenium x staufferi
261,ASPLENIACEAE,Asplenium x ticinense
262,ASTERACEAE,Aster alpinus
263,ASTERACEAE,Aster aragonensis
264,ASTERACEAE,Aster linosyris
265,ASTERACEAE,Aster squamatus
266,ASTERACEAE,Aster willkommii
267,ASTERACEAE,Asteriscus aquaticus
268,PRIMULACEAE,Asterolinon linum-stellatum
269,FABACEAE,Astragalus alopecuroides
270,FABACEAE,Astragalus austriacus
271,FABACEAE,Astragalus depressus
272,FABACEAE,Astragalus echinatus
273,FABACEAE,Astragalus glaux
274,FABACEAE,Astragalus glycyphyllos
275,FABACEAE,Astragalus hamosus
276,FABACEAE,Astragalus hypoglottis
277,FABACEAE,Astragalus incanus
278,FABACEAE,Astragalus incanus subsp. nummularioides
279,FABACEAE,Astragalus monspessulanus
280,FABACEAE,Astragalus monspessulanus subsp. gypsophilus
281,FABACEAE,Astragalus nevadensis subsp. muticus
282,FABACEAE,Astragalus sempervirens
283,FABACEAE,Astragalus sesameus
284,FABACEAE,Astragalus stella
285,FABACEAE,Astragalus vesicarius
286,APIACEAE,Astrantia major
287,ATHYRIACEAE,Athyrium distentifolium
288,ATHYRIACEAE,Athyrium filix-femina
289,ASTERACEAE,Atractylis cancellata
290,ASTERACEAE,Atractylis humilis
291,AMARANTHACEAE,Atriplex halimus
292,AMARANTHACEAE,Atriplex patula
293,AMARANTHACEAE,Atriplex prostrata
294,AMARANTHACEAE,Atriplex rosea
295,SOLANACEAE,Atropa bella-donna
296,SOLANACEAE,Atropa belladona
297,POACEAE,Avellinia festucoides
298,POACEAE,Avena barbata
299,POACEAE,Avena barbata subsp. barbata
300,POACEAE,Avena fatua
301,POACEAE,Avena sativa
302,POACEAE,Avena sativa subsp. byzantina
303,POACEAE,Avena sterilis subsp. ludoviciana
304,POACEAE,Avena sterilis subsp. sterilis
305,POACEAE,Avenella flexuosa
306,POACEAE,Avenula pratensis subsp. iberica
307,POACEAE,Avenula pratensis var. paniculata
308,POACEAE,Avenula pratensis var. vasconica
309,POACEAE,Avenula sulcata subsp. sulcata
310,ALISMATACEAE,Baldellia alpestris
311,ALISMATACEAE,Baldellia ranunculoides
312,LAMIACEAE,Ballota nigra
313,LAMIACEAE,Ballota nigra subsp. foetida
314,BRASSICACEAE,Barbarea intermedia
315,BRASSICACEAE,Barbarea vulgaris
316,OROBANCHACEAE,Bartsia trixago
317,AMARANTHACEAE,Bassia prostrata
318,AMARANTHACEAE,Bassia scoparia
319,AMARANTHACEAE,Bassia scoparia subsp. densiflora
320,OROBANCHACEAE,Bellardia trixago
321,ASTERACEAE,Bellis perennis
322,ASTERACEAE,Bellis sylvestris
323,APIACEAE,Berula erecta
324,AMARANTHACEAE,Beta vulgaris subsp. vulgaris
325,BETULACEAE,Betula alba
326,BETULACEAE,Betula alba var. alba
327,BETULACEAE,Betula alba var. glabrata
328,BETULACEAE,Betula celtiberica
329,BETULACEAE,Betula pendula var. meridionalis
330,BETULACEAE,Betula pubescens
331,ASTERACEAE,Bidens aurea
332,ASTERACEAE,Bidens aureus
333,ASTERACEAE,Bidens cernuus
334,ASTERACEAE,Bidens tripartita
335,ASTERACEAE,Bidens tripartitus
336,APIACEAE,Bifora testiculata
337,BRASSICACEAE,Biscutella intermedia
338,BRASSICACEAE,Biscutella valentina
339,BRASSICACEAE,Biscutella valentina var. laevigata
340,BRASSICACEAE,Biscutella valentina var. valentina
341,FABACEAE,Bituminaria bituminosa
342,GENTIANACEAE,Blackstonia acuminata
343,GENTIANACEAE,Blackstonia imperfoliata
344,GENTIANACEAE,Blackstonia perfoliata
345,BLECHNACEAE,Blechnum spicant
346,BLECHNACEAE,Blechnum spicant var. spicant
347,CYPERACEAE,Bolboschoenus glaucus
348,CYPERACEAE,Bolboschoenus maritimus
349,ASTERACEAE,Bombycilaena discolor
350,ASTERACEAE,Bombycilaena erecta
351,BORAGINACEAE,Borago officinalis
352,OPHIOGLOSSACEAE,Botrychium lunaria
353,OROBANCHACEAE,Bouardia latisquama
354,POACEAE,Brachypodium distachyon
355,POACEAE,Brachypodium phoenicoides
356,POACEAE,Brachypodium pinnatum subsp. rupestre
357,POACEAE,Brachypodium retusum
358,POACEAE,Brachypodium sylvaticum
359,BRASSICACEAE,Brassica napus
360,BRASSICACEAE,Brassica nigra
361,BRASSICACEAE,Brassica repanda subsp. cantabrica
362,BRASSICACEAE,Brassica repanda subsp. nudicaulis
363,ASPARAGACEAE,Brimeura amethystina
364,POACEAE,Briza maxima
365,POACEAE,Briza media
366,POACEAE,Briza minor
367,POACEAE,Bromus arvensis
368,POACEAE,Bromus benekenii
369,POACEAE,Bromus catharticus
370,POACEAE,Bromus diandrus
371,POACEAE,Bromus erectus
372,POACEAE,Bromus erectus subsp. erectus
373,POACEAE,Bromus hordeaceus
374,POACEAE,Bromus lanceolatus
375,POACEAE,Bromus madritensis
376,POACEAE,Bromus racemosus
377,POACEAE,Bromus ramosus
378,POACEAE,Bromus rigidus
379,POACEAE,Bromus rubens
380,POACEAE,Bromus squarrosus
381,POACEAE,Bromus sterilis
382,POACEAE,Bromus tectorum
383,CUCURBITACEAE,Bryonia dioica
384,CARYOPHYLLACEAE,Bufonia tenuifolia
385,BORAGINACEAE,Buglossoides arvensis
386,BORAGINACEAE,Buglossoides arvensis subsp. permixta
387,BORAGINACEAE,Buglossoides incrassata
388,APIACEAE,Bupleurum baldense
389,APIACEAE,Bupleurum falcatum
390,APIACEAE,Bupleurum fruticescens
391,APIACEAE,Bupleurum fruticosum
392,APIACEAE,Bupleurum gerardii
393,APIACEAE,Bupleurum praealtum
394,APIACEAE,Bupleurum ranunculoides
395,APIACEAE,Bupleurum rigidum
396,APIACEAE,Bupleurum rotundifolium
397,APIACEAE,Bupleurum semicompositum
398,APIACEAE,Bupleurum tenuissimum
399,BUXACEAE,Buxus sempervirens
400,POACEAE,Calamagrostis epigejos
401,POACEAE,Calamagrostis epigeros
402,POACEAE,Calamagrostis pseudophragmites
403,LAMIACEAE,Calamintha nepeta
404,LAMIACEAE,Calamintha nepeta subsp. sylvatica
405,ASTERACEAE,Calendula arvensis
406,ASTERACEAE,Calendula officinalis
407,BRASSICACEAE,Calepina irregularis
408,PLANTAGINACEAE,Callitriche lusitanica
409,PLANTAGINACEAE,Callitriche palustris
410,PLANTAGINACEAE,Callitriche stagnalis
411,ERICACEAE,Calluna vulgaris
412,CONVOLVULACEAE,Calystegia sepium
413,CONVOLVULACEAE,Calystegia sepium subsp. sepium
414,BRASSICACEAE,Camelina microcarpa
415,CAMPANULACEAE,Campanula dieckii
416,CAMPANULACEAE,Campanula erinus
417,CAMPANULACEAE,Campanula fastigiata
418,CAMPANULACEAE,Campanula glomerata
419,CAMPANULACEAE,Campanula hispanica
420,CAMPANULACEAE,Campanula matritensis
421,CAMPANULACEAE,Campanula patula
422,CAMPANULACEAE,Campanula paui
423,CAMPANULACEAE,Campanula persicifolia
424,CAMPANULACEAE,Campanula rapunculus
425,CAMPANULACEAE,Campanula rotundifolia
426,CAMPANULACEAE,Campanula rotundifolia subsp. hispanica
427,CAMPANULACEAE,Campanula scheuchzeri
428,CAMPANULACEAE,Campanula trachelium
429,CAMPANULACEAE,Campanula urbionensis
430,AMARANTHACEAE,Camphorosma monspeliaca
431,BRASSICACEAE,Capsella bursa-pastoris
432,BRASSICACEAE,Cardamine flexuosa
433,BRASSICACEAE,Cardamine hirsuta
434,BRASSICACEAE,Cardamine impatiens
435,BRASSICACEAE,Cardamine pratensis
436,ASTERACEAE,Carduncellus mitissimus
437,ASTERACEAE,Carduncellus monspelliensium
438,ASTERACEAE,Carduus assoi
439,ASTERACEAE,Carduus bourgeanus
440,ASTERACEAE,Carduus carlinoides
441,ASTERACEAE,Carduus carpetanus
442,ASTERACEAE,Carduus defloratus subsp. medius
443,ASTERACEAE,Carduus nigrescens
444,ASTERACEAE,Carduus nutans
445,ASTERACEAE,Carduus nutans subsp. nutans
446,ASTERACEAE,Carduus pycnocephalus
447,ASTERACEAE,Carduus tenuiflorus
448,CYPERACEAE,Carex acuta
449,CYPERACEAE,Carex acutiformis
450,CYPERACEAE,Carex asturica
451,CYPERACEAE,Carex binervis
452,CYPERACEAE,Carex brevicollis
453,CYPERACEAE,Carex canescens
454,CYPERACEAE,Carex capillaris
455,CYPERACEAE,Carex caryophyllea
456,CYPERACEAE,Carex cuprina
457,CYPERACEAE,Carex demissa
458,CYPERACEAE,Carex distachya
459,CYPERACEAE,Carex distans
460,CYPERACEAE,Carex divisa
461,CYPERACEAE,Carex divulsa
462,CYPERACEAE,Carex divulsa subsp. divulsa
463,CYPERACEAE,Carex divulsa subsp. leersii
464,CYPERACEAE,Carex echinata
465,CYPERACEAE,Carex elata
466,CYPERACEAE,Carex elata subsp. elata
467,CYPERACEAE,Carex flacca
468,CYPERACEAE,Carex flacca subsp. flacca
469,CYPERACEAE,Carex flacca subsp. serrulata
470,CYPERACEAE,Carex hallerana
471,CYPERACEAE,Carex hirta
472,CYPERACEAE,Carex hordeistichos
473,CYPERACEAE,Carex humilis
474,CYPERACEAE,Carex laevigata
475,CYPERACEAE,Carex lepidocarpa
476,CYPERACEAE,Carex leporina
477,CYPERACEAE,Carex liparocarpos
478,CYPERACEAE,Carex mairei
479,CYPERACEAE,Carex mairii
480,CYPERACEAE,Carex nigra
481,CYPERACEAE,Carex ornithopoda
482,CYPERACEAE,Carex otrubae
483,CYPERACEAE,Carex ovalis
484,CYPERACEAE,Carex pairae
485,CYPERACEAE,Carex pallescens
486,CYPERACEAE,Carex panicea
487,CYPERACEAE,Carex paniculata subsp. lusitanica
488,CYPERACEAE,Carex pendula
489,CYPERACEAE,Carex pilulifera
490,CYPERACEAE,Carex pseudocyperus
491,CYPERACEAE,Carex pulicaris
492,CYPERACEAE,Carex remota
493,CYPERACEAE,Carex riparia
494,CYPERACEAE,Carex rostrata
495,CYPERACEAE,Carex spicata
496,CYPERACEAE,Carex sylvatica
497,CYPERACEAE,Carex sylvatica subsp. sylvatica
498,ASTERACEAE,Carlina acanthifolia subsp. cynara
499,ASTERACEAE,Carlina acaulis
500,ASTERACEAE,Carlina corymbosa subsp. hispanica
501,ASTERACEAE,Carlina lanata
502,ASTERACEAE,Carlina vulgaris subsp. spinosa
503,ASTERACEAE,Carlina vulgaris subsp. vulgaris
504,ASTERACEAE,Carthamus lanatus
505,APIACEAE,Carum verticillatum
506,FAGACEAE,Castanea sativa
507,POACEAE,Catabrosa aquatica
508,ASTERACEAE,Catananche caerulea
509,POACEAE,Catapodium rigidum
510,APIACEAE,Caucalis platycarpos
511,ASTERACEAE,Centaurea alba
512,ASTERACEAE,Centaurea aspera
513,ASTERACEAE,Centaurea aspera subsp. aspera
514,ASTERACEAE,Centaurea bofiliana
515,ASTERACEAE,Centaurea calcitrapa
516,ASTERACEAE,Centaurea cephalariifolia
517,ASTERACEAE,Centaurea cyanus
518,ASTERACEAE,Centaurea debeauxii
519,ASTERACEAE,Centaurea graminifolia
520,ASTERACEAE,Centaurea jacea subsp. angustifolia
521,ASTERACEAE,Centaurea janeri
522,ASTERACEAE,Centaurea lagascana
523,ASTERACEAE,Centaurea langei
524,ASTERACEAE,Centaurea linifolia
525,ASTERACEAE,Centaurea melitensis
526,ASTERACEAE,Centaurea montana
527,ASTERACEAE,Centaurea nigra
528,ASTERACEAE,Centaurea ornata
529,ASTERACEAE,Centaurea paniculata
530,ASTERACEAE,Centaurea scabiosa
531,ASTERACEAE,Centaurea solstitialis
532,ASTERACEAE,Centaurea triumfetti subsp. semidecurrens
533,ASTERACEAE,Centaurea vinyalsii
534,ASTERACEAE,Centaurea x zubiae
535,GENTIANACEAE,Centaurium erythraea
536,GENTIANACEAE,Centaurium grandiflorum
537,GENTIANACEAE,Centaurium grandiflorum subsp. majus
538,GENTIANACEAE,Centaurium pulchellum
539,GENTIANACEAE,Centaurium quadrifolium subsp. parviflorum
540,GENTIANACEAE,Centaurium tenuiflorum
541,CAPRIFOLIACEAE,Centranthus calcitrape
542,CAPRIFOLIACEAE,Centranthus lecoqii
543,CAPRIFOLIACEAE,Centranthus ruber
544,CAPRIFOLIACEAE,Centranthus ruber subsp. ruber
545,ORCHIDACEAE,Cephalanthera damasonium
546,ORCHIDACEAE,Cephalanthera longifolia
547,ORCHIDACEAE,Cephalanthera rubra
548,CAPRIFOLIACEAE,Cephalaria leucantha
549,CARYOPHYLLACEAE,Cerastium arvense
550,CARYOPHYLLACEAE,Cerastium brachypetalum
551,CARYOPHYLLACEAE,Cerastium cerastoides
552,CARYOPHYLLACEAE,Cerastium diffusum
553,CARYOPHYLLACEAE,Cerastium fontanum subsp. vulgare
554,CARYOPHYLLACEAE,Cerastium glomeratum
555,CARYOPHYLLACEAE,Cerastium gracile
556,CARYOPHYLLACEAE,Cerastium pumilum
557,CARYOPHYLLACEAE,Cerastium ramosissimum
558,CARYOPHYLLACEAE,Cerastium semidecandrum
559,PAPAVERACEAE,Ceratocapnos claviculata
560,RANUNCULACEAE,Ceratocephala falcata
561,CERATOPHYLLACEAE,Ceratophyllum demersum
562,CERATOPHYLLACEAE,Ceratophyllum submersum
563,PLANTAGINACEAE,Chaenorhinum crassifolium
564,PLANTAGINACEAE,Chaenorhinum exile
565,PLANTAGINACEAE,Chaenorhinum minus
566,PLANTAGINACEAE,Chaenorhinum origanifolium
567,PLANTAGINACEAE,Chaenorhinum rubrifolium
568,PLANTAGINACEAE,Chaenorhinum rupestre
569,PLANTAGINACEAE,Chaenorhinum segoviense
570,PLANTAGINACEAE,Chaenorhinum semiglabrum
571,PLANTAGINACEAE,Chaenorhinum serpyllifolium
572,APIACEAE,Chaerophyllum aureum
573,APIACEAE,Chaerophyllum hirsutum
574,APIACEAE,Chaerophyllum nodosum
575,APIACEAE,Chaerophyllum temulentum
576,APIACEAE,Chaerophyllum temulum
577,IRIDACEAE,Chamaeiris foetidissima
578,IRIDACEAE,Chamaeiris reichenbachiana
579,ASTERACEAE,Chamaemelaum nobile
580,ASTERACEAE,Chamaemelum nobile
581,FABACEAE,Chamaespartium delphinense
582,FABACEAE,Chamaespartium sagittale
583,EUPHORBIACEAE,Chamaesyce canescens
584,EUPHORBIACEAE,Chamaesyce prostrata
585,EUPHORBIACEAE,Chamaesyce serpens
586,PTERIDACEAE,Cheilanthes acrostica
587,PTERIDACEAE,Cheilanthes maderensis
588,ASTERACEAE,Cheirolophus intybaceus
589,PAPAVERACEAE,Chelidonium majus
590,AMARANTHACEAE,Chenopodium album
591,AMARANTHACEAE,Chenopodium album subsp. reticulatum
592,AMARANTHACEAE,Chenopodium ambrosioides
593,AMARANTHACEAE,Chenopodium bonus-henricus
594,AMARANTHACEAE,Chenopodium botrys
595,AMARANTHACEAE,Chenopodium chenopodioides
596,AMARANTHACEAE,Chenopodium exsuccum
597,AMARANTHACEAE,Chenopodium ficifolium
598,AMARANTHACEAE,Chenopodium foliosum
599,AMARANTHACEAE,Chenopodium hybridum
600,AMARANTHACEAE,Chenopodium murale
601,AMARANTHACEAE,Chenopodium opulifolium
602,AMARANTHACEAE,Chenopodium polyspermum
603,AMARANTHACEAE,Chenopodium urbicum
604,AMARANTHACEAE,Chenopodium vulvaria
605,ASTERACEAE,Chiliadenus glutinosus
606,ASTERACEAE,Chondrilla juncea
607,EUPHORBIACEAE,Chrozophora tinctoria
608,SAXIFRAGACEAE,Chrysosplenium oppositifolium
609,GENTIANACEAE,Cicendia filiformis
610,FABACEAE,Cicer arietinum
611,ASTERACEAE,Cichorium intybus
612,ONAGRACEAE,Circaea lutetiana
613,ASTERACEAE,Cirsium arvense
614,ASTERACEAE,Cirsium echinatum
615,ASTERACEAE,Cirsium eriophorum
616,ASTERACEAE,Cirsium ferox
617,ASTERACEAE,Cirsium filipendulum
618,ASTERACEAE,Cirsium monspessulanum
619,ASTERACEAE,Cirsium odontolepis
620,ASTERACEAE,Cirsium palustre
621,ASTERACEAE,Cirsium pyrenaicum
622,ASTERACEAE,Cirsium richterianum subsp. giraudiasii
623,ASTERACEAE,Cirsium tuberosum
624,ASTERACEAE,Cirsium valdespinulosum
625,ASTERACEAE,Cirsium vulgare
626,CISTACEAE,Cistus albidus
627,CISTACEAE,Cistus clusii
628,CISTACEAE,Cistus laurifolius
629,CISTACEAE,Cistus populifolius
630,CISTACEAE,Cistus salvifolius
631,CISTACEAE,Cistus salviifolius
632,RANUNCULACEAE,Clematis vitalba
633,LAMIACEAE,Clinopodium acinos
634,LAMIACEAE,Clinopodium alpinum
635,LAMIACEAE,Clinopodium vulgare
636,BRASSICACEAE,Clypeola jonthlaspi
637,BRASSICACEAE,Clypeola jonthlaspi subsp. microcarpa
638,BRASSICACEAE,Cochlearia glastifolia
639,BRASSICACEAE,Coincya monensis subsp. cheiranthos
640,COLCHICACEAE,Colchicum autumnale
641,COLCHICACEAE,Colchicum lusitanicum
642,COLCHICACEAE,Colchicum multiflorum
643,FABACEAE,Colutea arborescens
644,FABACEAE,Colutea atlantica
645,FABACEAE,Colutea brevialata
646,APIACEAE,Conium maculatum
647,APIACEAE,Conopodium arvense
648,APIACEAE,Conopodium bourgaei
649,APIACEAE,Conopodium capillifolium
650,APIACEAE,Conopodium majus subsp. marizianum
651,APIACEAE,Conopodium pyrenaeum
652,APIACEAE,Conopodium ramosum
653,APIACEAE,Conopodium subcarneum
654,BRASSICACEAE,Conringia orientalis
655,RANUNCULACEAE,Consolida pubescens
656,ASPARAGACEAE,Convallaria majalis
657,CONVOLVULACEAE,Convolvulus arvensis
658,CONVOLVULACEAE,Convolvulus cantabrica
659,CONVOLVULACEAE,Convolvulus lanuginosus
660,CONVOLVULACEAE,Convolvulus lineatus
661,PRIMULACEAE,Coris monspeliensis
662,PRIMULACEAE,Coris monspeliensis subsp. fontqueri
663,CORNACEAE,Cornus sanguinea
664,CORNACEAE,Cornus sanguinea subsp. sanguinea
665,FABACEAE,Coronilla glauca
666,FABACEAE,Coronilla minima
667,FABACEAE,Coronilla minima subsp. lotoides
668,FABACEAE,Coronilla scorpioides
669,FABACEAE,Coronilla valentina subsp. glauca
670,BRASSICACEAE,Coronopus didymus
671,BRASSICACEAE,Coronopus squamatus
672,CARYOPHYLLACEAE,Corrigiola litoralis
673,CARYOPHYLLACEAE,Corrigiola litoralis subsp. litoralis
674,CARYOPHYLLACEAE,Corrigiola telephiifolia
675,PAPAVERACEAE,Corydalis cava
676,PAPAVERACEAE,Corydalis cava subsp. cava
677,PAPAVERACEAE,Corydalis intermedia
678,BETULACEAE,Corylus avellana
679,POACEAE,Corynephorus canescens
680,POACEAE,Corynephorus divaricatus
681,POACEAE,Corynephorus fasciculatus
682,ROSACEAE,Cotoneaster horizontalis
683,ROSACEAE,Cotoneaster integerrimus
684,ROSACEAE,Cotoneaster nebrodensis
685,CRASSULACEAE,Crassula tillaea
686,ROSACEAE,Crataegus laevigata
687,ROSACEAE,Crataegus monogyna
688,ASTERACEAE,Crepis albida
689,ASTERACEAE,Crepis albida subsp. albida
690,ASTERACEAE,Crepis albida subsp. longicaulis
691,ASTERACEAE,Crepis capillaris
692,ASTERACEAE,Crepis foetida
693,ASTERACEAE,Crepis lampsanoides
694,ASTERACEAE,Crepis pulchra
695,ASTERACEAE,Crepis sancta
696,ASTERACEAE,Crepis taraxacifolia
697,ASTERACEAE,Crepis vesicaria
698,ASTERACEAE,Crepis vesicaria subsp. vesicaria
699,IRIDACEAE,Crocus nevadensis
700,IRIDACEAE,Crocus nudiflorus
701,RUBIACEAE,Crucianella angustifolia
702,RUBIACEAE,Cruciata glabra
703,RUBIACEAE,Cruciata glabra subsp. hirticaulis
704,RUBIACEAE,Cruciata laevipes
705,RUBIACEAE,Cruciata pedemontana
706,ASTERACEAE,Crupina vulgaris
707,PTERIDACEAE,Cryptogramma crispa
708,POACEAE,Ctenopsis delicatula
709,CARYOPHYLLACEAE,Cucubalus baccifer
710,CUPRESSACEAE,Cupressus arizonica
711,CONVOLVULACEAE,Cuscuta approximata
712,CONVOLVULACEAE,Cuscuta campestris
713,CONVOLVULACEAE,Cuscuta epithymum
714,CONVOLVULACEAE,Cuscuta europaea
715,CONVOLVULACEAE,Cuscuta nivea
716,PLANTAGINACEAE,Cymbalaria muralis
717,APOCYNACEAE,Cynanchum acutum
718,ASTERACEAE,Cynara cardunculus subsp. flavescens
719,POACEAE,Cynodon dactylon
720,BORAGINACEAE,Cynoglossum cheirifolium
721,BORAGINACEAE,Cynoglossum creticum
722,BORAGINACEAE,Cynoglossum dioscoridis
723,BORAGINACEAE,Cynoglossum germanicum subsp. pellucidum
724,BORAGINACEAE,Cynoglossum officinale
725,POACEAE,Cynosurus cristatus
726,POACEAE,Cynosurus echinatus
727,POACEAE,Cynosurus effusus
728,POACEAE,Cynosurus elegans
729,CYPERACEAE,Cyperus eragrostis
730,CYPERACEAE,Cyperus fuscus
731,CYPERACEAE,Cyperus longus
732,CYPERACEAE,Cyperus rotundus
733,CYSTOPTERIDACEAE,Cystopteris dickieana
734,CYSTOPTERIDACEAE,Cystopteris fragilis
735,CYSTOPTERIDACEAE,Cystopteris fragilis subsp. fragilis
736,CYSTOPTERIDACEAE,Cystopteris fragilis subsp. huteri
737,CYTINACEAE,Cytinus hypocistis
738,CYTINACEAE,Cytinus hypocistis subsp. macranthus
739,FABACEAE,Cytisus cantabricus
740,FABACEAE,Cytisus decumbens
741,FABACEAE,Cytisus oromediterraneus
742,FABACEAE,Cytisus scoparius
743,FABACEAE,Cytisus striatus
744,ERICACEAE,Daboecia cantabrica
745,POACEAE,Dactylis glomerata
746,POACEAE,Dactylis hispanica
747,ORCHIDACEAE,Dactylorhiza elata
748,ORCHIDACEAE,Dactylorhiza ericetorum
749,ORCHIDACEAE,Dactylorhiza insularis
750,ORCHIDACEAE,Dactylorhiza maculata
751,ORCHIDACEAE,Dactylorhiza markusii
752,ORCHIDACEAE,Dactylorhiza sambucina
753,ORCHIDACEAE,Dactylorhiza viridis
754,POACEAE,Danthonia decumbens
755,THYMELAEACEAE,Daphne gnidium
756,THYMELAEACEAE,Daphne laureola
757,SOLANACEAE,Datura stramonium
758,APIACEAE,Daucus carota
759,APIACEAE,Daucus durieua
760,RANUNCULACEAE,Delphinium halteratum subsp. verdunense
761,POACEAE,Deschampsia cespitosa subsp. media
762,POACEAE,Deschampsia cespitosa subsp. subtriflora
763,POACEAE,Deschampsia flexuosa
764,POACEAE,Deschampsia hispanica
765,BRASSICACEAE,Descurainia sophia
766,APIACEAE,Dethawia splendens subsp. cantabrica
767,CARYOPHYLLACEAE,Dianthus armeria
768,CARYOPHYLLACEAE,Dianthus armeria subsp. armeria
769,CARYOPHYLLACEAE,Dianthus broteri
770,CARYOPHYLLACEAE,Dianthus carthusianorum
771,CARYOPHYLLACEAE,Dianthus deltoides
772,CARYOPHYLLACEAE,Dianthus hyssopifolius
773,CARYOPHYLLACEAE,Dianthus laricifolius
774,CARYOPHYLLACEAE,Dianthus lusitanus
775,CARYOPHYLLACEAE,Dianthus pungens subsp. brachyanthus
776,CARYOPHYLLACEAE,Dianthus pungens subsp. hispanicus
777,APIACEAE,Dichoropetalum carvifolia
778,PLANTAGINACEAE,Digitalis obscura
779,PLANTAGINACEAE,Digitalis parviflora
780,PLANTAGINACEAE,Digitalis purpurea
781,PLANTAGINACEAE,Digitalis purpurea subsp. purpurea
782,POACEAE,Digitaria sanguinalis
783,ASPARAGACEAE,Dipcadi serotinum
784,BRASSICACEAE,Diplotaxis erucoides
785,BRASSICACEAE,Diplotaxis erucoides subsp. erucoides
786,BRASSICACEAE,Diplotaxis muralis
787,BRASSICACEAE,Diplotaxis viminea
788,BRASSICACEAE,Diplotaxis virgata
789,BRASSICACEAE,Diplotaxis virgata subsp. virgata
790,CAPRIFOLIACEAE,Dipsacus fullonum
791,CAPRIFOLIACEAE,Dipsacus sativus
792,ASTERACEAE,Dittrichia viscosa
793,ASTERACEAE,Doronicum carpetanum
794,ASTERACEAE,Doronicum carpetanum subsp. diazii
795,ASTERACEAE,Doronicum diazii
796,ASTERACEAE,Doronicum pardalianches
797,ASTERACEAE,Doronicum plantagineum
798,FABACEAE,Dorycnium gracile
799,FABACEAE,Dorycnium hirsutum
800,FABACEAE,Dorycnium pentaphyllum
801,FABACEAE,Dorycnium rectum
802,BRASSICACEAE,Draba aizoides
803,BRASSICACEAE,Draba aizoides subsp. aizoides
804,BRASSICACEAE,Draba dedeana
805,BRASSICACEAE,Draba muralis
806,DROSERACEAE,Drosera rotundifolia
807,DRYOPTERIDACEAE,Dryopteris affinis
808,DRYOPTERIDACEAE,Dryopteris affinis subsp. affinis
809,DRYOPTERIDACEAE,Dryopteris affinis var. borreri
810,DRYOPTERIDACEAE,Dryopteris affinis var. robusta
811,DRYOPTERIDACEAE,Dryopteris borreri
812,DRYOPTERIDACEAE,Dryopteris cambrensis
813,DRYOPTERIDACEAE,Dryopteris carthusiana
814,DRYOPTERIDACEAE,Dryopteris dilatata
815,DRYOPTERIDACEAE,Dryopteris expansa
816,DRYOPTERIDACEAE,Dryopteris filix-mas
817,DRYOPTERIDACEAE,Dryopteris mindshelkensis
818,DRYOPTERIDACEAE,Dryopteris oreades
819,DRYOPTERIDACEAE,Dryopteris submontana
820,DRYOPTERIDACEAE,Dryopteris x ambroseae
821,DRYOPTERIDACEAE,Dryopteris x mantoniae
822,CUCURBITACEAE,Ecballium elaterium
823,POACEAE,Echinaria capitata
824,POACEAE,Echinochloa crus-galli
825,ASTERACEAE,Echinops ritro
826,FABACEAE,Echinospartum horridum
827,BORAGINACEAE,Echium asperrimum
828,BORAGINACEAE,Echium asperrinum
829,BORAGINACEAE,Echium plantagineum
830,BORAGINACEAE,Echium vulgare
831,BORAGINACEAE,Echium vulgare subsp. pustulatum
832,ELAEAGNACEAE,Elaeagnus angustifolia
833,CYPERACEAE,Eleocharis palustris
834,CYPERACEAE,Eleocharis palustris subsp. walterssii
835,CYPERACEAE,Eleocharis quinqueflora
836,CYPERACEAE,Eleocharis uniglumis
837,POACEAE,Elymus caninus
838,POACEAE,Elymus hispidus
839,POACEAE,Elymus pungens
840,POACEAE,Elymus repens subsp. repens
841,POACEAE,Elytrigia campestris
842,POACEAE,Elytrigia curvifolia
843,POACEAE,Elytrigia intermedia subsp. intermedia
844,POACEAE,Elytrigia pungens subsp. pungens
845,POACEAE,Elytrigia repens subsp. repens
846,APIACEAE,Endressia castellana
847,EPHEDRACEAE,Ephedra distachya
848,EPHEDRACEAE,Ephedra fragilis
849,EPHEDRACEAE,Ephedra fragilis subsp. fragilis
850,EPHEDRACEAE,Ephedra major
851,ONAGRACEAE,Epilobium alsinifolium
852,ONAGRACEAE,Epilobium angustifolium
853,ONAGRACEAE,Epilobium collinum
854,ONAGRACEAE,Epilobium duriaei
855,ONAGRACEAE,Epilobium hirsutum
856,ONAGRACEAE,Epilobium lanceolatum
857,ONAGRACEAE,Epilobium montanum
858,ONAGRACEAE,Epilobium obscurum
859,ONAGRACEAE,Epilobium palustre
860,ONAGRACEAE,Epilobium parviflorum
861,ONAGRACEAE,Epilobium tetragonum
862,ONAGRACEAE,Epilobium tetragonum subsp. tournefortii
863,ORCHIDACEAE,Epipactis atrorubens
864,ORCHIDACEAE,Epipactis bugacensis
865,ORCHIDACEAE,Epipactis helleborine
866,ORCHIDACEAE,Epipactis hispanica
867,ORCHIDACEAE,Epipactis kleinii
868,ORCHIDACEAE,Epipactis microphylla
869,ORCHIDACEAE,Epipactis palustris
870,ORCHIDACEAE,Epipactis parviflora
871,ORCHIDACEAE,Epipactis phyllantes
872,ORCHIDACEAE,Epipactis phyllanthes
873,ORCHIDACEAE,Epipactis tremolsii
874,ORCHIDACEAE,Epipogium aphyllum
875,EQUISETACEAE,Equisetum arvense
876,EQUISETACEAE,Equisetum fluviatile
877,EQUISETACEAE,Equisetum hyemale
878,EQUISETACEAE,Equisetum palustre
879,EQUISETACEAE,Equisetum ramosissimum
880,EQUISETACEAE,Equisetum telmateia
881,EQUISETACEAE,Equisetum x litorale
882,EQUISETACEAE,Equisetum x moorei
883,POACEAE,Eragrostis barrelieri
884,POACEAE,Eragrostis minor
885,ERICACEAE,Erica arborea
886,ERICACEAE,Erica australis
887,ERICACEAE,Erica cinerea
888,ERICACEAE,Erica scoparia
889,ERICACEAE,Erica scoparia subsp. scoparia
890,ERICACEAE,Erica tetralix
891,ERICACEAE,Erica vagans
892,ASTERACEAE,Erigeron acer subsp. acer
893,ASTERACEAE,Erigeron acris
894,ASTERACEAE,Erigeron alpinus
895,ASTERACEAE,Erigeron bonariensis
896,ASTERACEAE,Erigeron canadensis
897,FABACEAE,Erinacea anthyllis
898,PLANTAGINACEAE,Erinus alpinus
899,CYPERACEAE,Eriophorum latifolium
900,GERANIACEAE,Erodium botrys
901,GERANIACEAE,Erodium carvifolium
902,GERANIACEAE,Erodium castellanum
903,GERANIACEAE,Erodium ciconium
904,GERANIACEAE,Erodium cicutarium
905,GERANIACEAE,Erodium daucoides
906,GERANIACEAE,Erodium glandulosum
907,GERANIACEAE,Erodium malacoides
908,GERANIACEAE,Erodium moschatum
909,BRASSICACEAE,Erophila verna
910,BRASSICACEAE,Eruca vesicaria
911,BRASSICACEAE,Erucastrum nasturtiifolium
912,BRASSICACEAE,Erucastrum nasturtiifolium subsp. sudrei
913,APIACEAE,Eryngium bourgatii
914,APIACEAE,Eryngium campestre
915,BRASSICACEAE,Erysimum cheiri
916,BRASSICACEAE,Erysimum gorbeanum
917,BRASSICACEAE,Erysimum incanum subsp. mairei
918,BRASSICACEAE,Erysimum incanum subsp. matritense
919,BRASSICACEAE,Erysimum mediohispanicum
920,LILIACEAE,Erythronium dens-canis
921,PAPAVERACEAE,Eschscholzia californica
922,CELASTRACEAE,Euonymus europaeus
923,ASTERACEAE,Eupatorium cannabinum
924,EUPHORBIACEAE,Euphorbia amygdaloides
925,EUPHORBIACEAE,Euphorbia angulata
926,EUPHORBIACEAE,Euphorbia characias
927,EUPHORBIACEAE,Euphorbia dulcis
928,EUPHORBIACEAE,Euphorbia esula
929,EUPHORBIACEAE,Euphorbia exigua
930,EUPHORBIACEAE,Euphorbia falcata
931,EUPHORBIACEAE,Euphorbia falcata subsp. falcata
932,EUPHORBIACEAE,Euphorbia flavicoma subsp. occidentalis
933,EUPHORBIACEAE,Euphorbia helioscopia
934,EUPHORBIACEAE,Euphorbia helioscopin subsp. helioscopioides
935,EUPHORBIACEAE,Euphorbia hirsuta
936,EUPHORBIACEAE,Euphorbia hyberna
937,EUPHORBIACEAE,Euphorbia minuta
938,EUPHORBIACEAE,Euphorbia nevadensis subsp. aragonensis
939,EUPHORBIACEAE,Euphorbia nevadensis subsp. bolosii
940,EUPHORBIACEAE,Euphorbia nicaeensis
941,EUPHORBIACEAE,Euphorbia peplus
942,EUPHORBIACEAE,Euphorbia platyphyllos
943,EUPHORBIACEAE,Euphorbia segetalis
944,EUPHORBIACEAE,Euphorbia serrata
945,EUPHORBIACEAE,Euphorbia sulcata
946,OROBANCHACEAE,Euphrasia hirtella
947,OROBANCHACEAE,Euphrasia minima
948,OROBANCHACEAE,Euphrasia officinalis subsp. rostkovina
949,OROBANCHACEAE,Euphrasia pectinata
950,OROBANCHACEAE,Euphrasia salisburgensis
951,OROBANCHACEAE,Euphrasia stricta
952,GENTIANACEAE,Exaculum pusillum
953,POLYGONACEAE,Fagopyrum esculentum
954,FAGACEAE,Fagus sylvatica
955,POLYGONACEAE,Fallopia baldschuanica
956,POLYGONACEAE,Fallopia convolvulus
957,POLYGONACEAE,Fallopia dumetorum
958,APIACEAE,Ferula communis subsp. catalaunica
959,POACEAE,Festuca altissima
960,POACEAE,Festuca ampla
961,POACEAE,Festuca arundinacea
962,POACEAE,Festuca arundinacea subsp. fenas
963,POACEAE,Festuca carpetana
964,POACEAE,Festuca durandoi subsp. livida
965,POACEAE,Festuca gautieri
966,POACEAE,Festuca gigantea
967,POACEAE,Festuca gracilior
968,POACEAE,Festuca heterophylla subsp. braun-blanquetii
969,POACEAE,Festuca hystrix
970,POACEAE,Festuca iberica
971,POACEAE,Festuca marginata subsp. andres-molinae
972,POACEAE,Festuca marginata subsp. gallica
973,POACEAE,Festuca ovina var. glauca
974,POACEAE,Festuca paniculata subsp. longiglumis
975,POACEAE,Festuca paniculata subsp. spadicea
976,POACEAE,Festuca pratensis
977,POACEAE,Festuca rivas-martinezii
978,POACEAE,Festuca rivas-martinezii subsp. rectifolia
979,POACEAE,Festuca rivularis
980,POACEAE,Festuca rubra subsp. rubra
981,POACEAE,Festuca sp.
982,RANUNCULACEAE,Ficaria verna
983,ASTERACEAE,Filaginella uliginosa
984,ASTERACEAE,Filago carpetana
985,ASTERACEAE,Filago congesta
986,ASTERACEAE,Filago lutescens
987,ASTERACEAE,Filago pygmaea
988,ASTERACEAE,Filago pyramidata
989,ROSACEAE,Filipendula ulmaria
990,ROSACEAE,Filipendula vulgaris
991,APIACEAE,Foeniculum vulgare
992,ROSACEAE,Fragaria vesca
993,ROSACEAE,Fragaria viridis
994,RHAMNACEAE,Frangula alnus
995,FRANKENIACEAE,Frankenia pulverulenta
996,OLEACEAE,Fraxinus angustifolia
997,OLEACEAE,Fraxinus excelsior
998,LILIACEAE,Fritillaria lusitanica
999,LILIACEAE,Fritillaria nervosa subsp. nervosa
1000,LILIACEAE,Fritillaria pyrenaica
1001,CISTACEAE,Fumana ericifolia
1002,CISTACEAE,Fumana ericoides
1003,CISTACEAE,Fumana procumbens
1004,CISTACEAE,Fumana thymifolia
1005,PAPAVERACEAE,Fumaria agraria
1006,PAPAVERACEAE,Fumaria capreolata
1007,PAPAVERACEAE,Fumaria densiflora
1008,PAPAVERACEAE,Fumaria muralis
1009,PAPAVERACEAE,Fumaria officinalis
1010,PAPAVERACEAE,Fumaria officinalis subsp. wirtgenii
1011,PAPAVERACEAE,Fumaria parviflora
1012,PAPAVERACEAE,Fumaria petteri subsp. calcarata
1013,PAPAVERACEAE,Fumaria reuteri
1014,PAPAVERACEAE,Fumaria vaillantii
1015,LILIACEAE,Gagea arvensis
1016,LILIACEAE,Gagea dubia
1017,LILIACEAE,Gagea foliosa
1018,LILIACEAE,Gagea fragifera
1019,LILIACEAE,Gagea lacaitae
1020,LILIACEAE,Gagea liotardii
1021,LILIACEAE,Gagea lutea
1022,LILIACEAE,Gagea nevadensis
1023,LILIACEAE,Gagea pratensis
1024,LILIACEAE,Gagea reverchonii
1025,LILIACEAE,Gagea soleirolii
1026,LILIACEAE,Gagea villosa
1027,ASTERACEAE,Galactites tomentosa
1028,ASTERACEAE,Galactites tomentosus
1029,ASTERACEAE,Galatella aragonensis
1030,ASTERACEAE,Galatella linosyris
1031,ASTERACEAE,Galatella sedifolia
1032,FABACEAE,Galega officinalis
1033,LAMIACEAE,Galeopsis angustifolia
1034,LAMIACEAE,Galeopsis angustifolia subsp. carpetana
1035,LAMIACEAE,Galeopsis ladanum
1036,LAMIACEAE,Galeopsis ladanum subsp. angustifolia
1037,LAMIACEAE,Galeopsis ladanum subsp. carpetana
1038,LAMIACEAE,Galeopsis tetrahit
1039,RUBIACEAE,Galium album subsp. album
1040,RUBIACEAE,Galium aparine
1041,RUBIACEAE,Galium aparine subsp. spurium
1042,RUBIACEAE,Galium boreale
1043,RUBIACEAE,Galium corrudifolium
1044,RUBIACEAE,Galium debile
1045,RUBIACEAE,Galium divaricatum
1046,RUBIACEAE,Galium estebanii
1047,RUBIACEAE,Galium fruticescens
1048,RUBIACEAE,Galium idubedae
1049,RUBIACEAE,Galium lucidum
1050,RUBIACEAE,Galium lucidum subsp. fruticescens
1051,RUBIACEAE,Galium minutulum
1052,RUBIACEAE,Galium mollugo
1053,RUBIACEAE,Galium murale
1054,RUBIACEAE,Galium odoratum
1055,RUBIACEAE,Galium palustre
1056,RUBIACEAE,Galium papillosum
1057,RUBIACEAE,Galium parisiense
1058,RUBIACEAE,Galium parisiense subsp. divaricatum
1059,RUBIACEAE,Galium pinetorum
1060,RUBIACEAE,Galium rotundifolium
1061,RUBIACEAE,Galium saxatile
1062,RUBIACEAE,Galium spurium
1063,RUBIACEAE,Galium tricornutum
1064,RUBIACEAE,Galium uliginosum
1065,RUBIACEAE,Galium verrucosum
1066,RUBIACEAE,Galium verticillatum
1067,RUBIACEAE,Galium verum
1068,RUBIACEAE,Galium verum subsp. verum
1069,POACEAE,Gastridium ventricosum
1070,POACEAE,Gaudinia fragilis
1071,FABACEAE,Genista anglica
1072,FABACEAE,Genista cinerea subsp. ausetana
1073,FABACEAE,Genista cinerea subsp. cinerea
1074,FABACEAE,Genista florida
1075,FABACEAE,Genista hispanica subsp. occidentalis
1076,FABACEAE,Genista micrantha
1077,FABACEAE,Genista multicaulis
1078,FABACEAE,Genista obtusiramea
1079,FABACEAE,Genista pilosa
1080,FABACEAE,Genista sagittalis
1081,FABACEAE,Genista scorpius
1082,FABACEAE,Genista tinctoria
1083,GENTIANACEAE,Gentiana angustifolia subsp. corbariensis
1084,GENTIANACEAE,Gentiana cruciata
1085,GENTIANACEAE,Gentiana lutea
1086,GENTIANACEAE,Gentiana lutea subsp. lutea
1087,GENTIANACEAE,Gentiana occidentalis
1088,GENTIANACEAE,Gentiana verna
1089,GENTIANACEAE,Gentiana verna subsp. verna
1090,GERANIACEAE,Geranium columbinum
1091,GERANIACEAE,Geranium dissectum
1092,GERANIACEAE,Geranium lucidum
1093,GERANIACEAE,Geranium molle
1094,GERANIACEAE,Geranium phaeum
1095,GERANIACEAE,Geranium purpureum
1096,GERANIACEAE,Geranium pyrenaicum
1097,GERANIACEAE,Geranium pyrenaicum subsp. lusitanicum
1098,GERANIACEAE,Geranium robertianum
1099,GERANIACEAE,Geranium rotundifolium
1100,GERANIACEAE,Geranium sanguineum
1101,GERANIACEAE,Geranium sylvaticum
1102,ROSACEAE,Geum hispidum
1103,ROSACEAE,Geum montanum
1104,ROSACEAE,Geum rivale
1105,ROSACEAE,Geum sylvaticum
1106,ROSACEAE,Geum urbanum
1107,IRIDACEAE,Gladiolus communis
1108,IRIDACEAE,Gladiolus illyricus
1109,BORAGINACEAE,Glandora prostrata
1110,PAPAVERACEAE,Glaucium corniculatum
1111,PAPAVERACEAE,Glaucium flavum
1112,LAMIACEAE,Glechoma hederacea
1113,FABACEAE,Gleditsia triacanthos
1114,PLANTAGINACEAE,Globularia alypum
1115,PLANTAGINACEAE,Globularia nudicaulis
1116,PLANTAGINACEAE,Globularia vulgaris
1117,POACEAE,Glyceria declinata
1118,POACEAE,Glyceria fluitans
1119,POACEAE,Glyceria notata
1120,FABACEAE,Glycyrrhiza glabra
1121,ASTERACEAE,Gnaphalium luteo-album
1122,POTAMOGETONACEAE,Groenlandia densa
1123,ORCHIDACEAE,Gymnadenia conopsea
1124,ORCHIDACEAE,Gymnadenia densiflora
1125,CYSTOPTERIDACEAE,Gymnocarpium dryopteris
1126,CARYOPHYLLACEAE,Gypsophila struthium subsp. hispanica
1127,POACEAE,Hainardia cylindrica
1128,CISTACEAE,Halimium umbellatum
1129,CISTACEAE,Halimium umbellatum subsp. viscosum
1130,RUTACEAE,Haplophyllum linifolium
1131,ARALIACEAE,Hedera helix
1132,ARALIACEAE,Hedera helix subsp. helix
1133,ARALIACEAE,Hedera hibernica
1134,ASTERACEAE,Hedypnois cretica
1135,ASTERACEAE,Hedypnois rhagadioloides
1136,FABACEAE,Hedysarum boveanum subsp. europaeum
1137,FABACEAE,Hedysarum confertum
1138,FABACEAE,Hedysarum spinosissimum
1139,CISTACEAE,Helianthemum aegyptiacum
1140,CISTACEAE,Helianthemum apenninum
1141,CISTACEAE,Helianthemum apenninum subsp. stoechadifolium
1142,CISTACEAE,Helianthemum cinereum subsp. rotundifolium
1143,CISTACEAE,Helianthemum hirtum
1144,CISTACEAE,Helianthemum ledifolium
1145,CISTACEAE,Helianthemum nummularium
1146,CISTACEAE,Helianthemum oelandicum subsp. incanum
1147,CISTACEAE,Helianthemum salicifolium
1148,CISTACEAE,Helianthemum squamatum
1149,CISTACEAE,Helianthemum syriacum
1150,CISTACEAE,Helianthemum violaceum
1151,ASTERACEAE,Helichrysum serotinum
1152,ASTERACEAE,Helichrysum stoechas
1153,POACEAE,Helictochloa bromoides
1154,POACEAE,Helictochloa marginata
1155,POACEAE,Helictochloa pratensis subsp. iberica
1156,POACEAE,Helictotrichon cantabricum
1157,BORAGINACEAE,Heliotropium europaeum
1158,RANUNCULACEAE,Helleborus foetidus
1159,RANUNCULACEAE,Helleborus viridis subsp. occidentalis
1160,ASTERACEAE,Helminthotheca echioides
1161,APIACEAE,Helosciadium nodiflorum
1162,RANUNCULACEAE,Hepatica nobilis
1163,APIACEAE,Heracleum sphondylium
1164,CARYOPHYLLACEAE,Herniaria cinerea
1165,CARYOPHYLLACEAE,Herniaria fruticosa
1166,CARYOPHYLLACEAE,Herniaria fruticosa var. fruticosa
1167,CARYOPHYLLACEAE,Herniaria glabra
1168,CARYOPHYLLACEAE,Herniaria glabra var. glabra
1169,CARYOPHYLLACEAE,Herniaria hirsuta
1170,CARYOPHYLLACEAE,Herniaria hirsuta subsp. hirsuta
1171,CARYOPHYLLACEAE,Herniaria latifolia
1172,CARYOPHYLLACEAE,Herniaria scabrida
1173,CARYOPHYLLACEAE,Herniaria scabrida var. scabrida
1174,BRASSICACEAE,Hesperis matronalis
1175,ASTERACEAE,Hieracium amplexicaule
1176,ASTERACEAE,Hieracium aragonense
1177,ASTERACEAE,Hieracium argillaceum
1178,ASTERACEAE,Hieracium arnedianum
1179,ASTERACEAE,Hieracium bifurcum
1180,ASTERACEAE,Hieracium bombycinum
1181,ASTERACEAE,Hieracium bourgaei
1182,ASTERACEAE,Hieracium castellanum
1183,ASTERACEAE,Hieracium compositum
1184,ASTERACEAE,Hieracium diaphanoides
1185,ASTERACEAE,Hieracium elisaeanum
1186,ASTERACEAE,Hieracium flagellare
1187,ASTERACEAE,Hieracium glaucinum
1188,ASTERACEAE,Hieracium hirsutum
1189,ASTERACEAE,Hieracium hypochoeroides
1190,ASTERACEAE,Hieracium jurassicum
1191,ASTERACEAE,Hieracium lachenalii
1192,ASTERACEAE,Hieracium laevigatum
1193,ASTERACEAE,Hieracium latemixtum
1194,ASTERACEAE,Hieracium maculatum
1195,ASTERACEAE,Hieracium mixtum
1196,ASTERACEAE,Hieracium montserratii
1197,ASTERACEAE,Hieracium murorum
1198,ASTERACEAE,Hieracium niveum
1199,ASTERACEAE,Hieracium nobile
1200,ASTERACEAE,Hieracium pilosella
1201,ASTERACEAE,Hieracium planchonianum
1202,ASTERACEAE,Hieracium praecox
1203,ASTERACEAE,Hieracium pulmorioides
1204,ASTERACEAE,Hieracium ramondii
1205,ASTERACEAE,Hieracium recensitum
1206,ASTERACEAE,Hieracium rioxanum
1207,ASTERACEAE,Hieracium sabaudum
1208,ASTERACEAE,Hieracium saxifragum
1209,ASTERACEAE,Hieracium schmidtii
1210,ASTERACEAE,Hieracium spathulatum
1211,ASTERACEAE,Hieracium umbrosum
1212,ASTERACEAE,Hieracium urbionicum
1213,ASTERACEAE,Hieracium vahlii
1214,ASTERACEAE,Hieracium valentinum
1215,ASTERACEAE,Hieracium viride
1216,ASTERACEAE,Hieracium vogesiacum
1217,ASTERACEAE,Hieracium willkommii
1218,ORCHIDACEAE,Himantoglossum hircinum
1219,FABACEAE,Hippocrepis biflora
1220,FABACEAE,Hippocrepis ciliata
1221,FABACEAE,Hippocrepis commutata
1222,FABACEAE,Hippocrepis comosa
1223,FABACEAE,Hippocrepis scabra
1224,PLANTAGINACEAE,Hippuris vulgaris
1225,BRASSICACEAE,Hirschfeldia incana
1226,POACEAE,Holcus lanatus
1227,POACEAE,Holcus mollis
1228,CARYOPHYLLACEAE,Holosteum umbellatum
1229,POACEAE,Hordelymus europaeus
1230,POACEAE,Hordeum glaucum
1231,POACEAE,Hordeum hystrix
1232,POACEAE,Hordeum marinum
1233,POACEAE,Hordeum murinum
1234,POACEAE,Hordeum murinum subsp. leporinum
1235,POACEAE,Hordeum secalinum
1236,BRASSICACEAE,Hormathophylla lapeyrousiana
1237,BRASSICACEAE,Hormathophylla spinosa
1238,BRASSICACEAE,Hornungia alpina
1239,BRASSICACEAE,Hornungia petraea
1240,BRASSICACEAE,Hornungia procumbens
1241,CANNABACEAE,Humulus lupulus
1242,LYCOPODIACEAE,Huperzia selago
1243,LYCOPODIACEAE,Huperzia selago subsp. selago
1244,ASPARAGACEAE,Hyacinthoides hispanica
1245,ASPARAGACEAE,Hyacinthoides non-scripta
1246,APIACEAE,Hydrocotyle vulgaris
1247,CRASSULACEAE,Hylotelephium telephium
1248,SOLANACEAE,Hyosciamus albus
1249,SOLANACEAE,Hyoscyamus albus
1250,SOLANACEAE,Hyoscyamus niger
1251,PAPAVERACEAE,Hypecoum imberbe
1252,PAPAVERACEAE,Hypecoum pendulum
1253,PAPAVERACEAE,Hypecoum procumbens
1254,HYPERICACEAE,Hypericum androsaemum
1255,HYPERICACEAE,Hypericum caprifolium
1256,HYPERICACEAE,Hypericum hirsutum
1257,HYPERICACEAE,Hypericum humifusum
1258,HYPERICACEAE,Hypericum hyssopifolium
1259,HYPERICACEAE,Hypericum linariifolium
1260,HYPERICACEAE,Hypericum montanum
1261,HYPERICACEAE,Hypericum nummularium
1262,HYPERICACEAE,Hypericum perforatum
1263,HYPERICACEAE,Hypericum perforatum subsp. angustifolium
1264,HYPERICACEAE,Hypericum pulchrum
1265,HYPERICACEAE,Hypericum tetrapterum
1266,HYPERICACEAE,Hypericum tomentosum
1267,HYPERICACEAE,Hypericum undulatum
1268,ASTERACEAE,Hypochaeris glabra
1269,ASTERACEAE,Hypochaeris maculata
1270,ASTERACEAE,Hypochaeris radicata
1271,ASTERACEAE,Hypochoeris glabra
1272,ASTERACEAE,Hypochoeris radicata
1273,BRASSICACEAE,Iberis amara
1274,BRASSICACEAE,Iberis carnosa
1275,BRASSICACEAE,Iberis carnosa subsp. carnosa
1276,BRASSICACEAE,Iberis saxatilis
1277,AQUIFOLIACEAE,Ilex aquifolium
1278,CARYOPHYLLACEAE,Illecebrum verticillatum
1279,BALSAMINACEAE,Impatiens balfourii
1280,ASTERACEAE,Inula conyza
1281,ASTERACEAE,Inula crithmoides
1282,ASTERACEAE,Inula helenioides
1283,ASTERACEAE,Inula helvetica
1284,ASTERACEAE,Inula langeana
1285,ASTERACEAE,Inula montana
1286,ASTERACEAE,Inula salicina
1287,IRIDACEAE,Iris foetidissima
1288,IRIDACEAE,Iris germanica
1289,IRIDACEAE,Iris pseudacorus
1290,BRASSICACEAE,Isatis tinctoria
1291,ISOETACEAE,Isoetes echinosporum
1292,CYPERACEAE,Isolepis cernua
1293,CYPERACEAE,Isolepis setacea
1294,ASTERACEAE,Jacobaea aquatica
1295,ASTERACEAE,Jacobaea auricula
1296,ASTERACEAE,Jacobaea erucifolia
1297,ASTERACEAE,Jacobaea vulgaris
1298,CAMPANULACEAE,Jasione crispa
1299,CAMPANULACEAE,Jasione crispa subsp. centralis
1300,CAMPANULACEAE,Jasione crispa subsp. sessiliflora
1301,CAMPANULACEAE,Jasione laevis
1302,CAMPANULACEAE,Jasione laevis subsp. carpetana
1303,CAMPANULACEAE,Jasione laevis subsp. laevis
1304,CAMPANULACEAE,Jasione montana
1305,CAMPANULACEAE,Jasione sessilifolia
1306,OLEACEAE,Jasminum fruticans
1307,OLEACEAE,Jasminum officinale
1308,ASTERACEAE,Jasonia glutinosa
1309,ASTERACEAE,Jasonia tuberosa
1310,BRASSICACEAE,Jonopsidium savianum
1311,JUGLANDACEAE,Juglans regia
1312,JUNCACEAE,Juncus acutiflorus
1313,JUNCACEAE,Juncus acutus
1314,JUNCACEAE,Juncus articulatus
1315,JUNCACEAE,Juncus bufonius
1316,JUNCACEAE,Juncus bulbosus
1317,JUNCACEAE,Juncus capitatus
1318,JUNCACEAE,Juncus compressus
1319,JUNCACEAE,Juncus conglomeratus
1320,JUNCACEAE,Juncus conglomeratus var. laxus
1321,JUNCACEAE,Juncus effusus
1322,JUNCACEAE,Juncus effusus var. effusus
1323,JUNCACEAE,Juncus fontanesii
1324,JUNCACEAE,Juncus gerardi
1325,JUNCACEAE,Juncus gerardii
1326,JUNCACEAE,Juncus hybridus
1327,JUNCACEAE,Juncus inflexus
1328,JUNCACEAE,Juncus inflexus var. inflexus
1329,JUNCACEAE,Juncus maritimus
1330,JUNCACEAE,Juncus pygmaeus
1331,JUNCACEAE,Juncus sphaerocarpus
1332,JUNCACEAE,Juncus squarrosus
1333,JUNCACEAE,Juncus subnodulosus
1334,JUNCACEAE,Juncus subulatus
1335,JUNCACEAE,Juncus tenageia
1336,JUNCACEAE,Juncus tenageia subsp. tenageia
1337,CUPRESSACEAE,Juniperus communis
1338,CUPRESSACEAE,Juniperus communis subsp. hemisphaerica
1339,CUPRESSACEAE,Juniperus communis subsp. nana
1340,CUPRESSACEAE,Juniperus oxycedrus
1341,CUPRESSACEAE,Juniperus oxycedrus subsp. badia
1342,CUPRESSACEAE,Juniperus phoenicea
1343,CUPRESSACEAE,Juniperus thurifera
1344,ASTERACEAE,Jurinea humilis
1345,PLANTAGINACEAE,Kicksia elatine
1346,PLANTAGINACEAE,Kickxia elatine
1347,PLANTAGINACEAE,Kickxia spuria subsp. integrifolia
1348,ASTERACEAE,Klasea flavescens subsp. leucantha
1349,ASTERACEAE,Klasea nudicaulis
1350,ASTERACEAE,Klasea pinnatifida
1351,CAPRIFOLIACEAE,Knautia arvensis
1352,CAPRIFOLIACEAE,Knautia arvernensis
1353,CAPRIFOLIACEAE,Knautia collina
1354,CAPRIFOLIACEAE,Knautia legionensis
1355,CAPRIFOLIACEAE,Knautia nevadensis
1356,CAPRIFOLIACEAE,Knautia numantina
1357,CAPRIFOLIACEAE,Knautia purpurea
1358,CAPRIFOLIACEAE,Knautia subscaposa
1359,POACEAE,Koeleria crassipes
1360,POACEAE,Koeleria pyramidata
1361,POACEAE,Koeleria vallesiana
1362,ASTERACEAE,Lactuca muralis
1363,ASTERACEAE,Lactuca perennis
1364,ASTERACEAE,Lactuca plumieri
1365,ASTERACEAE,Lactuca saligna
1366,ASTERACEAE,Lactuca serriola
1367,ASTERACEAE,Lactuca tenerrima
1368,ASTERACEAE,Lactuca viminea
1369,ASTERACEAE,Lactuca viminea subsp. chondrilliflora
1370,ASTERACEAE,Lactuca viminea subsp. ramosissima
1371,ASTERACEAE,Lactuca virosa
1372,POACEAE,Lamarckia aurea
1373,LAMIACEAE,Lamium amplexicaule
1374,LAMIACEAE,Lamium galeobdolon subsp. montanum
1375,LAMIACEAE,Lamium hybridum
1376,LAMIACEAE,Lamium maculatum
1377,LAMIACEAE,Lamium purpureum
1378,BORAGINACEAE,Lappula squarrosa
1379,ASTERACEAE,Lapsana communis
1380,ASTERACEAE,Lapsana communis subsp. communis
1381,PINACEAE,Larix decidua
1382,PINACEAE,Larix x eurolepis
1383,APIACEAE,Laserpitium eliasii
1384,APIACEAE,Laserpitium gallicum
1385,APIACEAE,Laserpitium latifolium
1386,APIACEAE,Laserpitium siler
1387,DRYOPTERIDACEAE,Lastrea limbosperma
1388,OROBANCHACEAE,Lathraea clandestina
1389,OROBANCHACEAE,Lathraea squamaria
1390,FABACEAE,Lathyrus angulatus
1391,FABACEAE,Lathyrus aphaca
1392,FABACEAE,Lathyrus cicera
1393,FABACEAE,Lathyrus filiformis
1394,FABACEAE,Lathyrus hirsutus
1395,FABACEAE,Lathyrus laevigatus subsp. occidentalis
1396,FABACEAE,Lathyrus latifolius
1397,FABACEAE,Lathyrus linifolius
1398,FABACEAE,Lathyrus niger
1399,FABACEAE,Lathyrus niger subsp. niger
1400,FABACEAE,Lathyrus nudicaulis
1401,FABACEAE,Lathyrus occidentalis
1402,FABACEAE,Lathyrus pannonicus subsp. longestipulatus
1403,FABACEAE,Lathyrus pratensis
1404,FABACEAE,Lathyrus setifolius
1405,FABACEAE,Lathyrus sphaericus
1406,FABACEAE,Lathyrus tuberosus
1407,ASTERACEAE,Launaea fragilis
1408,ASTERACEAE,Launaea pumila
1409,ASTERACEAE,Launaea resedifolia
1410,LAMIACEAE,Lavandula latifolia
1411,LAMIACEAE,Lavandula pedunculata
1412,CAMPANULACEAE,Legousia castellana
1413,CAMPANULACEAE,Legousia hybrida
1414,CAMPANULACEAE,Legousia scabra
1415,ARACEAE,Lemna gibba
1416,ARACEAE,Lemna minor
1417,ASTERACEAE,Leontodon autumnalis
1418,ASTERACEAE,Leontodon carolipaui
1419,ASTERACEAE,Leontodon hispidus
1420,ASTERACEAE,Leontodon taraxacoides
1421,BRASSICACEAE,Lepidium campestre
1422,BRASSICACEAE,Lepidium draba
1423,BRASSICACEAE,Lepidium graminifolium
1424,BRASSICACEAE,Lepidium heterophyllum
1425,BRASSICACEAE,Lepidium hirtum
1426,BRASSICACEAE,Lepidium latifolium
1427,BRASSICACEAE,Lepidium ruderale
1428,BRASSICACEAE,Lepidium subulatum
1429,ASTERACEAE,Leucanthemopsis alpina
1430,ASTERACEAE,Leucanthemopsis alpina subsp. cuneata
1431,ASTERACEAE,Leucanthemopsis pallida
1432,ASTERACEAE,Leucanthemopsis pulverulenta
1433,ASTERACEAE,Leucanthemum cantabricum
1434,ASTERACEAE,Leucanthemum gaudinii
1435,ASTERACEAE,Leucanthemum ircutianum
1436,ASTERACEAE,Leucanthemum pallens
1437,ASTERACEAE,Leucanthemum vulgare subsp. eliasii
1438,ASTERACEAE,Leucanthemum vulgare subsp. pujulae
1439,APIACEAE,Ligusticum lucidum
1440,OLEACEAE,Ligustrum vulgare
1441,LILIACEAE,Lilium martagon
1442,IRIDACEAE,Limniris pseudacorus
1443,ORCHIDACEAE,Limodorum abortivum
1444,PLUMBAGINACEAE,Limonium echioides
1445,PLUMBAGINACEAE,Limonium hibericum
1446,PLUMBAGINACEAE,Limonium paui
1447,PLUMBAGINACEAE,Limonium ruizii
1448,PLANTAGINACEAE,Linaria aeruginea
1449,PLANTAGINACEAE,Linaria alpina
1450,PLANTAGINACEAE,Linaria alpina var. aciculifolia
1451,PLANTAGINACEAE,Linaria arvensis
1452,PLANTAGINACEAE,Linaria badalii
1453,PLANTAGINACEAE,Linaria caesia
1454,PLANTAGINACEAE,Linaria elegans
1455,PLANTAGINACEAE,Linaria glauca
1456,PLANTAGINACEAE,Linaria micrantha
1457,PLANTAGINACEAE,Linaria oblongifolia subsp. aragonensis
1458,PLANTAGINACEAE,Linaria propinqua
1459,PLANTAGINACEAE,Linaria proxima
1460,PLANTAGINACEAE,Linaria repens
1461,PLANTAGINACEAE,Linaria saxatilis
1462,PLANTAGINACEAE,Linaria simplex
1463,PLANTAGINACEAE,Linaria spartea
1464,PLANTAGINACEAE,Linaria supina
1465,PLUMBAGINACEAE,Linomium paui
1466,LINACEAE,Linum appressum subsp. commutatum
1467,LINACEAE,Linum appressum subsp. permixtum
1468,LINACEAE,Linum bienne
1469,LINACEAE,Linum catharticum
1470,LINACEAE,Linum maritimum
1471,LINACEAE,Linum narbonense
1472,LINACEAE,Linum narbonense subsp. barrasii
1473,LINACEAE,Linum strictum
1474,LINACEAE,Linum suffruticosum subsp. diferens
1475,LINACEAE,Linum trigynum
1476,LINACEAE,Linum usitatissimum
1477,LINACEAE,Linum viscosum
1478,BORAGINACEAE,Lithodora fruticosa
1479,BORAGINACEAE,Lithospermum arvense
1480,BORAGINACEAE,Lithospermum incrassatum
1481,BORAGINACEAE,Lithospermum officinale
1482,PLANTAGINACEAE,Littorella uniflora
1483,BRASSICACEAE,Lobularia maritima
1484,ASTERACEAE,Logfia arvensis
1485,ASTERACEAE,Logfia gallica
1486,ASTERACEAE,Logfia minima
1487,POACEAE,Lolium multiflorum
1488,POACEAE,Lolium perenne
1489,POACEAE,Lolium rigidum
1490,POACEAE,Lolium rigidum subsp. rigidum
1491,CAPRIFOLIACEAE,Lomelosia stellata
1492,CAPRIFOLIACEAE,Lonicera caprifolium
1493,CAPRIFOLIACEAE,Lonicera etrusca
1494,CAPRIFOLIACEAE,Lonicera implexa
1495,CAPRIFOLIACEAE,Lonicera periclymenum
1496,CAPRIFOLIACEAE,Lonicera periclymenum subsp. hispanica
1497,CAPRIFOLIACEAE,Lonicera pyrenaica
1498,CAPRIFOLIACEAE,Lonicera xylosteum
1499,FABACEAE,Lotus corniculatus
1500,FABACEAE,Lotus corniculatus subsp. alpinus
1501,FABACEAE,Lotus corniculatus subsp. carpetanus
1502,FABACEAE,Lotus glaber
1503,FABACEAE,Lotus hispidus
1504,FABACEAE,Lotus maritimus
1505,FABACEAE,Lotus pedunculatus
1506,FABACEAE,Lotus preslii
1507,BRASSICACEAE,Lunaria annua subsp. annua
1508,FABACEAE,Lupinus angustifolius
1509,JUNCACEAE,Luzula caespitosa
1510,JUNCACEAE,Luzula campestris
1511,JUNCACEAE,Luzula congesta
1512,JUNCACEAE,Luzula forsteri
1513,JUNCACEAE,Luzula hispanica
1514,JUNCACEAE,Luzula lactea
1515,JUNCACEAE,Luzula multiflora
1516,JUNCACEAE,Luzula nutans
1517,JUNCACEAE,Luzula pediformis
1518,JUNCACEAE,Luzula pilosa
1519,JUNCACEAE,Luzula spicata
1520,JUNCACEAE,Luzula sylvatica
1521,SOLANACEAE,Lycium europaeum
1522,LYCOPODIACEAE,Lycopodiella inundata
1523,LYCOPODIACEAE,Lycopodium clavatum
1524,BORAGINACEAE,Lycopsis arvensis
1525,BORAGINACEAE,Lycopsis orientalis
1526,LAMIACEAE,Lycopus europaeus
1527,POACEAE,Lygeum spartum
1528,PRIMULACEAE,Lysimachia arvensis
1529,PRIMULACEAE,Lysimachia ephemerum
1530,PRIMULACEAE,Lysimachia foemina
1531,PRIMULACEAE,Lysimachia monelli
1532,PRIMULACEAE,Lysimachia nemorum
1533,PRIMULACEAE,Lysimachia nemorun
1534,PRIMULACEAE,Lysimachia tenella
1535,PRIMULACEAE,Lysimachia vulgaris
1536,LYTHRACEAE,Lythrum hyssopifolia
1537,LYTHRACEAE,Lythrum portula
1538,LYTHRACEAE,Lythrum salicaria
1539,LYTHRACEAE,Lythrum tribracteatum
1540,SCROPHULARIACEAE,Macrosyrhingion longiflorum
1541,BRASSICACEAE,Malcolmia africana
1542,BRASSICACEAE,Malcolmia ramosissima
1543,ROSACEAE,Malus sylvestris
1544,MALVACEAE,Malva aegyptia
1545,MALVACEAE,Malva alcea
1546,MALVACEAE,Malva moschata
1547,MALVACEAE,Malva multiflora
1548,MALVACEAE,Malva neglecta
1549,MALVACEAE,Malva nicaeensis
1550,MALVACEAE,Malva parviflora
1551,MALVACEAE,Malva sylvestris
1552,MALVACEAE,Malva tournefortiana
1553,MALVACEAE,Malva trifida
1554,ASTERACEAE,Mantisalca duriaei
1555,ASTERACEAE,Mantisalca salmantica
1556,LAMIACEAE,Marrubium alysson
1557,LAMIACEAE,Marrubium supinum
1558,LAMIACEAE,Marrubium vulgare
1559,ASTERACEAE,Matricaria chamomilla
1560,ASTERACEAE,Matricaria discoidea
1561,BRASSICACEAE,Matthiola fruticulosa
1562,PAPAVERACEAE,Meconopsis cambrica
1563,FABACEAE,Medicago arabica
1564,FABACEAE,Medicago littoralis
1565,FABACEAE,Medicago lupulina
1566,FABACEAE,Medicago minima
1567,FABACEAE,Medicago monspeliaca
1568,FABACEAE,Medicago orbicularis
1569,FABACEAE,Medicago polyceratia
1570,FABACEAE,Medicago polymorpha
1571,FABACEAE,Medicago rigidula
1572,FABACEAE,Medicago sativa
1573,FABACEAE,Medicago sativa subsp. sativa
1574,FABACEAE,Medicago suffruticosa
1575,FABACEAE,Medicago truncatula
1576,OROBANCHACEAE,Melampyrum cristatum
1577,OROBANCHACEAE,Melampyrum pratense subsp. latifolium
1578,POACEAE,Melica ciliata
1579,POACEAE,Melica ciliata subsp. ciliata
1580,POACEAE,Melica ciliata subsp. magnolii
1581,POACEAE,Melica minuta
1582,POACEAE,Melica uniflora
1583,FABACEAE,Melilotus albus
1584,FABACEAE,Melilotus altissima
1585,FABACEAE,Melilotus altissimus
1586,FABACEAE,Melilotus indicus
1587,FABACEAE,Melilotus neapolitanus
1588,FABACEAE,Melilotus officinalis
1589,FABACEAE,Melilotus spicatus
1590,FABACEAE,Melilotus sulcatus
1591,LAMIACEAE,Melissa officinalis
1592,LAMIACEAE,Melittis melissophyllum
1593,LAMIACEAE,Mentha aquatica
1594,LAMIACEAE,Mentha longifolia
1595,LAMIACEAE,Mentha pulegium
1596,LAMIACEAE,Mentha spicata
1597,LAMIACEAE,Mentha suaveolens
1598,LAMIACEAE,Mentha x dumetorum
1599,MENYANTHACEAE,Menyanthes trifoliata
1600,EUPHORBIACEAE,Mercurialis ambigua
1601,EUPHORBIACEAE,Mercurialis annua
1602,EUPHORBIACEAE,Mercurialis huetii
1603,EUPHORBIACEAE,Mercurialis perennis
1604,EUPHORBIACEAE,Mercurialis tomentosa
1605,COLCHICACEAE,Merendera montana
1606,COLCHICACEAE,Merendera pyrenaica
1607,APIACEAE,Meum athamanticum
1608,POACEAE,Mibora minima
1609,POACEAE,Micropyrum tenellum
1610,POACEAE,Milium effusum
1611,CARYOPHYLLACEAE,Minuartia campestris
1612,CARYOPHYLLACEAE,Minuartia cymifera
1613,CARYOPHYLLACEAE,Minuartia dichotoma
1614,CARYOPHYLLACEAE,Minuartia funkii
1615,CARYOPHYLLACEAE,Minuartia hamata
1616,CARYOPHYLLACEAE,Minuartia hybrida
1617,CARYOPHYLLACEAE,Minuartia hybrida subsp. hybrida
1618,CARYOPHYLLACEAE,Minuartia hybrida subsp. vaillantiana
1619,CARYOPHYLLACEAE,Minuartia recurva
1620,CARYOPHYLLACEAE,Minuartia rubra
1621,CARYOPHYLLACEAE,Minuartia verna
1622,PLANTAGINACEAE,Misopates orontium
1623,CARYOPHYLLACEAE,Moehringia pentandra
1624,CARYOPHYLLACEAE,Moehringia trinervia
1625,CARYOPHYLLACEAE,Moenchia erecta
1626,CARYOPHYLLACEAE,Moenchia erecta subsp. erecta
1627,POACEAE,Molineriella laevis
1628,POACEAE,Molineriella minuta
1629,POACEAE,Molinia caerulea
1630,POACEAE,Molinia caerulea subsp. arundinacea
1631,ERICACEAE,Monotropa hypopitys
1632,PORTULACACEAE,Montia fontana subsp. amporitana
1633,PORTULACACEAE,Montia fontana subsp. chondrosperma
1634,BRASSICACEAE,Moricandia arvensis
1635,BRASSICACEAE,Moricandia moricandioides
1636,MORACEAE,Morus nigra
1637,BRASSICACEAE,Murbeckiella boryi
1638,ASPARAGACEAE,Muscari baeticum
1639,ASPARAGACEAE,Muscari comosum
1640,ASPARAGACEAE,Muscari matritensis
1641,ASPARAGACEAE,Muscari neglectum
1642,BORAGINACEAE,Myosotis alpestris
1643,BORAGINACEAE,Myosotis arvensis
1644,BORAGINACEAE,Myosotis decumbens subsp. teresiana
1645,BORAGINACEAE,Myosotis discolor
1646,BORAGINACEAE,Myosotis discolor subsp. discolor
1647,BORAGINACEAE,Myosotis laxa subsp. caespitosa
1648,BORAGINACEAE,Myosotis nemorosa
1649,BORAGINACEAE,Myosotis ramosissima
1650,BORAGINACEAE,Myosotis ramosissima subsp. globularis
1651,BORAGINACEAE,Myosotis ramosissima subsp. gracillima
1652,BORAGINACEAE,Myosotis ramosissima subsp. ramosissima
1653,BORAGINACEAE,Myosotis stolonifera
1654,BORAGINACEAE,Myosotis stricta
1655,RANUNCULACEAE,Myosurus minimus
1656,TAMARICACEAE,Myricaria germanica
1657,HALORAGACEAE,Myriophyllum spicatum
1658,APIACEAE,Myrrhoides nodosa
1659,AMARYLLIDACEAE,Narcissus assoanus
1660,AMARYLLIDACEAE,Narcissus asturiensis
1661,AMARYLLIDACEAE,Narcissus bulbocodium
1662,AMARYLLIDACEAE,Narcissus bulbocodium subsp. bulbocodium
1663,AMARYLLIDACEAE,Narcissus dubius
1664,AMARYLLIDACEAE,Narcissus eugeniae
1665,AMARYLLIDACEAE,Narcissus minor
1666,AMARYLLIDACEAE,Narcissus pseudonarcissus subsp. portensis
1667,AMARYLLIDACEAE,Narcissus rupicola
1668,AMARYLLIDACEAE,Narcissus triandrus
1669,AMARYLLIDACEAE,Narcissus triandrus subsp. pallidulus
1670,AMARYLLIDACEAE,Narcissus triandrus subsp. triandrus
1671,POACEAE,Nardus stricta
1672,BORAGINACEAE,Neatostema apulum
1673,POACEAE,Neoschischkinia nebulosa
1674,POACEAE,Neoschischkinia truncatula subsp. duriaei
1675,ORCHIDACEAE,Neotinea maculata
1676,ORCHIDACEAE,Neottia nidus-avis
1677,ORCHIDACEAE,Neottia ovata
1678,LAMIACEAE,Nepeta beltranii
1679,LAMIACEAE,Nepeta cataria
1680,LAMIACEAE,Nepeta hispanica
1681,LAMIACEAE,Nepeta nepetella
1682,LAMIACEAE,Nepeta nepetella subsp. aragonensis
1683,LAMIACEAE,Nepeta nepetella subsp. cordifolia
1684,LAMIACEAE,Nepeta tuberosa
1685,BRASSICACEAE,Neslia paniculata subsp. thracica
1686,RANUNCULACEAE,Nigella damascena
1687,RANUNCULACEAE,Nigella gallica
1688,BRASSICACEAE,Noccaea stenoptera
1689,BORAGINACEAE,Nonea echioides
1690,BORAGINACEAE,Nonea micrantha
1691,OROBANCHACEAE,Odontites eliassennenii
1692,OROBANCHACEAE,Odontites kaliformis
1693,OROBANCHACEAE,Odontites longiflora
1694,OROBANCHACEAE,Odontites luteus
1695,OROBANCHACEAE,Odontites recordonii
1696,OROBANCHACEAE,Odontites verna
1697,OROBANCHACEAE,Odontites verna subsp. serotina
1698,OROBANCHACEAE,Odontites verna subsp. verna
1699,OROBANCHACEAE,Odontites vernus
1700,OROBANCHACEAE,Odontites viscosa
1701,OROBANCHACEAE,Odontites viscosus
1702,APIACEAE,Oenanthe crocata
1703,APIACEAE,Oenanthe hispanica
1704,APIACEAE,Oenanthe lachenalii
1705,APIACEAE,Oenanthe leucura
1706,APIACEAE,Oenanthe oenanthe
1707,ONAGRACEAE,Oenothera biennis
1708,ONAGRACEAE,Oenothera glazioviana
1709,OLEACEAE,Olea europaea
1710,ASTERACEAE,Omalotheca supina
1711,ASTERACEAE,Omalotheca sylvatica
1712,FABACEAE,Onobrychis argentea subsp. hispanica
1713,FABACEAE,Onobrychis saxatilis
1714,FABACEAE,Onobrychis supina
1715,FABACEAE,Onobrychis viciifolia
1716,FABACEAE,Ononis aragonensis
1717,FABACEAE,Ononis fruticosa
1718,FABACEAE,Ononis minutissima
1719,FABACEAE,Ononis mitissima
1720,FABACEAE,Ononis natrix
1721,FABACEAE,Ononis natrix subsp. natrix
1722,FABACEAE,Ononis pusilla
1723,FABACEAE,Ononis reclinata subsp. mollis
1724,FABACEAE,Ononis rotundifolia
1725,FABACEAE,Ononis spinosa
1726,FABACEAE,Ononis spinosa subsp. australis
1727,FABACEAE,Ononis spinosa subsp. maritima
1728,FABACEAE,Ononis spinosa subsp. spinosa
1729,FABACEAE,Ononis striata
1730,FABACEAE,Ononis tridentata
1731,FABACEAE,Ononis viscosa subsp. breviflora
1732,ASTERACEAE,Onopordon acanthium
1733,ASTERACEAE,Onopordon corymbosum
1734,ASTERACEAE,Onopordon nervosum
1735,ASTERACEAE,Onopordum acanthium
1736,ASTERACEAE,Onopordum acaulon
1737,ASTERACEAE,Onopordum corymbosum
1738,ASTERACEAE,Onopordum nervosum
1739,OPHIOGLOSSACEAE,Ophioglossum vulgatum
1740,ORCHIDACEAE,Ophrys apifera
1741,ORCHIDACEAE,Ophrys arnoldii
1742,ORCHIDACEAE,Ophrys aveyronensis
1743,ORCHIDACEAE,Ophrys bilunulata
1744,ORCHIDACEAE,Ophrys castellana
1745,ORCHIDACEAE,Ophrys dyris
1746,ORCHIDACEAE,Ophrys ficalhoana
1747,ORCHIDACEAE,Ophrys fusca
1748,ORCHIDACEAE,Ophrys incubacea
1749,ORCHIDACEAE,Ophrys insectifera
1750,ORCHIDACEAE,Ophrys lupercalis
1751,ORCHIDACEAE,Ophrys lutea
1752,ORCHIDACEAE,Ophrys passionis
1753,ORCHIDACEAE,Ophrys picta
1754,ORCHIDACEAE,Ophrys riojana
1755,ORCHIDACEAE,Ophrys santonica
1756,ORCHIDACEAE,Ophrys scolopax
1757,ORCHIDACEAE,Ophrys scolopax subsp. scolopax
1758,ORCHIDACEAE,Ophrys speculum
1759,ORCHIDACEAE,Ophrys sphegodes
1760,ORCHIDACEAE,Ophrys tenthredinifera
1761,ORCHIDACEAE,Ophrys vasconica
1762,ORCHIDACEAE,Ophrys x manfredoniae
1763,ORCHIDACEAE,Orchis anthropophora
1764,ORCHIDACEAE,Orchis champagneuxii
1765,ORCHIDACEAE,Orchis fragrans
1766,ORCHIDACEAE,Orchis italica
1767,ORCHIDACEAE,Orchis langei
1768,ORCHIDACEAE,Orchis mascula
1769,ORCHIDACEAE,Orchis militaris
1770,ORCHIDACEAE,Orchis morio
1771,ORCHIDACEAE,Orchis picta
1772,ORCHIDACEAE,Orchis provincialis
1773,ORCHIDACEAE,Orchis purpurea
1774,ORCHIDACEAE,Orchis ustulata
1775,POACEAE,Oreochloa confusa
1776,APIACEAE,Orlaya daucoides
1777,ASPARAGACEAE,Ornithogalum baeticum
1778,ASPARAGACEAE,Ornithogalum narbonense
1779,ASPARAGACEAE,Ornithogalum pyrenaicum
1780,ASPARAGACEAE,Ornithogalum umbellatum
1781,FABACEAE,Ornithopus compressus
1782,FABACEAE,Ornithopus perpusillus
1783,OROBANCHACEAE,Orobanche alba
1784,OROBANCHACEAE,Orobanche amethystea
1785,OROBANCHACEAE,Orobanche cernua
1786,OROBANCHACEAE,Orobanche gracilis
1787,OROBANCHACEAE,Orobanche hederae
1788,OROBANCHACEAE,Orobanche laevis
1789,OROBANCHACEAE,Orobanche latisquama
1790,OROBANCHACEAE,Orobanche leptantha
1791,OROBANCHACEAE,Orobanche purpurea
1792,OROBANCHACEAE,Orobanche ramosa
1793,OROBANCHACEAE,Orobanche rapum-genistae
1794,OROBANCHACEAE,Orobanche santolinae
1795,OSMUNDACEAE,Osmunda regalis
1796,SANTALACEAE,Osyris alba
1797,OXALIDACEAE,Oxalis acetosella
1798,OXALIDACEAE,Oxalis articulata
1799,OXALIDACEAE,Oxalis corniculata
1800,OXALIDACEAE,Oxalis latifolia
1801,PAEONIACEAE,Paeonia officinalis subsp. microcarpa
1802,ASTERACEAE,Pallenis spinosa
1803,ASTERACEAE,Pallenis spinosa subsp. spinosa
1804,POACEAE,Panicum capillare
1805,PAPAVERACEAE,Papaver argemone
1806,PAPAVERACEAE,Papaver dubium
1807,PAPAVERACEAE,Papaver hybridum
1808,PAPAVERACEAE,Papaver rhoeas
1809,PAPAVERACEAE,Papaver somniferum subsp. setigerum
1810,POACEAE,Parapholis incurva
1811,POACEAE,Parapholis strigosa
1812,OROBANCHACEAE,Parentucellia latifolia
1813,OROBANCHACEAE,Parentucellia viscosa
1814,URTICACEAE,Parietaria judaica
1815,MELANTHIACEAE,Paris quadrifolia
1816,SAXIFRAGACEAE,Parnassia palustris
1817,CARYOPHYLLACEAE,Paronychia argentea
1818,CARYOPHYLLACEAE,Paronychia capitata
1819,CARYOPHYLLACEAE,Paronychia capitata var. capitata
1820,CARYOPHYLLACEAE,Paronychia kapela
1821,CARYOPHYLLACEAE,Paronychia kapela subsp. kapela
1822,CARYOPHYLLACEAE,Paronychia polygonifolia
1823,POACEAE,Paspalum dilatatum
1824,POACEAE,Paspalum paspalodes
1825,APIACEAE,Pastinaca sativa subsp. sylvestris
1826,OROBANCHACEAE,Pedicularis schizocalyx
1827,OROBANCHACEAE,Pedicularis sylvatica
1828,POACEAE,Periballia involucrata
1829,POLYGONACEAE,Persicaria amphibia
1830,POLYGONACEAE,Persicaria bistorta
1831,POLYGONACEAE,Persicaria lapathifolia
1832,POLYGONACEAE,Persicaria maculosa
1833,POLYGONACEAE,Persicaria minus
1834,CARYOPHYLLACEAE,Petrorhagia nanteuilii
1835,CARYOPHYLLACEAE,Petrorhagia prolifera
1836,APIACEAE,Petroselinum crispum
1837,APIACEAE,Petroselinum segetum
1838,APIACEAE,Peucedanum carvifolia
1839,APIACEAE,Peucedanum officinale
1840,APIACEAE,Peucedanum ostruthium
1841,ASTERACEAE,Phagnalon rupestre
1842,ASTERACEAE,Phagnalon saxatile
1843,ASTERACEAE,Phagnalon saxatilis
1844,ASTERACEAE,Phagnalon sordidum
1845,ASTERACEAE,Phalacrocarpum oppositifolium
1846,POACEAE,Phalaris arundinacea
1847,POACEAE,Phalaris canariensis
1848,POACEAE,Phalaris minor
1849,OROBANCHACEAE,Phelipanche arenaria
1850,OROBANCHACEAE,Phelipanche cernua
1851,OROBANCHACEAE,Phelipanche lavandulaceoides
1852,OROBANCHACEAE,Phelipanche purpurea subsp. bohemica
1853,OROBANCHACEAE,Phelipanche rosmarina
1854,OLEACEAE,Phillyrea angustifolia
1855,OLEACEAE,Phillyrea latifolia
1856,POACEAE,Phleum alpinum
1857,POACEAE,Phleum alpinum subsp. alpinum
1858,POACEAE,Phleum phleoides
1859,POACEAE,Phleum pratense
1860,POACEAE,Phleum pratense subsp. bertolonii
1861,LAMIACEAE,Phlomis herba-venti
1862,LAMIACEAE,Phlomis lychnitis
1863,POACEAE,Phragmites australis
1864,APIACEAE,Physospermum cornubiense
1865,CAMPANULACEAE,Phyteuma hemisphaericum
1866,CAMPANULACEAE,Phyteuma orbiculare
1867,CAMPANULACEAE,Phyteuma pyrenaicum
1868,CAMPANULACEAE,Phyteuma spicatum
1869,PINACEAE,Picea abies subsp. abies
1870,ASTERACEAE,Picnomon acarna
1871,ASTERACEAE,Picris echioides
1872,ASTERACEAE,Picris hieracioides
1873,ASTERACEAE,Picris hispanica
1874,ASTERACEAE,Pilosella capillata
1875,ASTERACEAE,Pilosella castellana
1876,ASTERACEAE,Pilosella galiciana
1877,ASTERACEAE,Pilosella officinarum
1878,ASTERACEAE,Pilosella pintodasilvae
1879,ASTERACEAE,Pilosella pseudopilosella
1880,ASTERACEAE,Pilosella saussureoides
1881,ASTERACEAE,Pilosella sp.
1882,ASTERACEAE,Pilosella subtardans
1883,ASTERACEAE,Pilosella tricholepia
1884,ASTERACEAE,Pilosella vahlii
1885,APIACEAE,Pimpinella espanensis
1886,APIACEAE,Pimpinella gracilis
1887,APIACEAE,Pimpinella major
1888,APIACEAE,Pimpinella saxifraga
1889,APIACEAE,Pimpinella villosa
1890,LENTIBULARIACEAE,Pinguicula grandiflora
1891,LENTIBULARIACEAE,Pinguicula lusitanica
1892,LENTIBULARIACEAE,Pinguicula vulgaris
1893,PINACEAE,Pinus halepensis
1894,PINACEAE,Pinus nigra subsp. salzmannii
1895,PINACEAE,Pinus pinaster
1896,PINACEAE,Pinus pinea
1897,PINACEAE,Pinus sylvestris
1898,PINACEAE,Pinus uncinata
1899,POACEAE,Piptatherum miliaceum
1900,POACEAE,Piptatherum paradoxum
1901,ANACARDIACEAE,Pistacia lentiscus
1902,ANACARDIACEAE,Pistacia terebinthus
1903,CRASSULACEAE,Pistorinia hispanica
1904,FABACEAE,Pisum sativum subsp. elatius
1905,PLANTAGINACEAE,Plantago afra
1906,PLANTAGINACEAE,Plantago albicans
1907,PLANTAGINACEAE,Plantago alpina
1908,PLANTAGINACEAE,Plantago atrata subsp. discolor
1909,PLANTAGINACEAE,Plantago coronopus
1910,PLANTAGINACEAE,Plantago crassifolia
1911,PLANTAGINACEAE,Plantago holosteum
1912,PLANTAGINACEAE,Plantago lagopus
1913,PLANTAGINACEAE,Plantago lanceolata
1914,PLANTAGINACEAE,Plantago loeflingii
1915,PLANTAGINACEAE,Plantago major
1916,PLANTAGINACEAE,Plantago maritima subsp. serpentina
1917,PLANTAGINACEAE,Plantago media
1918,PLANTAGINACEAE,Plantago monosperma subsp. discolor
1919,PLANTAGINACEAE,Plantago sempervirens
1920,PLANTAGINACEAE,Plantago subulata
1921,ORCHIDACEAE,Platanthera algeriensis
1922,ORCHIDACEAE,Platanthera bifolia
1923,ORCHIDACEAE,Platanthera chlorantha
1924,ORCHIDACEAE,Platanthera clorantha
1925,PLATANACEAE,Platanus hispanica
1926,PAPAVERACEAE,Platycapnos spicata
1927,PLUMBAGINACEAE,Plumbago europaea
1928,POACEAE,Poa alpina
1929,POACEAE,Poa angustifolia
1930,POACEAE,Poa annua
1931,POACEAE,Poa bulbosa
1932,POACEAE,Poa bulbosa var. vivipara
1933,POACEAE,Poa cenisia
1934,POACEAE,Poa chaixii
1935,POACEAE,Poa compressa
1936,POACEAE,Poa feratiana
1937,POACEAE,Poa flaccidula
1938,POACEAE,Poa ligulata
1939,POACEAE,Poa nemoralis
1940,POACEAE,Poa pratensis subsp. angustifolia
1941,POACEAE,Poa trivialis subsp. sylvicola
1942,POACEAE,Poa trivialis subsp. trivialis
1943,ASTERACEAE,Podospermum laciniatum
1944,CARYOPHYLLACEAE,Polycarpon tetraphyllum
1945,AMARANTHACEAE,Polycnemum arvense
1946,POLYGALACEAE,Polygala alpestris
1947,POLYGALACEAE,Polygala alpina
1948,POLYGALACEAE,Polygala calcarea
1949,POLYGALACEAE,Polygala exilis
1950,POLYGALACEAE,Polygala monspeliaca
1951,POLYGALACEAE,Polygala nicaeensis
1952,POLYGALACEAE,Polygala rupestris
1953,POLYGALACEAE,Polygala serpyllifolia
1954,POLYGALACEAE,Polygala vulgaris
1955,ASPARAGACEAE,Polygonatum odoratum
1956,ASPARAGACEAE,Polygonatum verticillatum
1957,POLYGONACEAE,Polygonum amphibium
1958,POLYGONACEAE,Polygonum arenastrum
1959,POLYGONACEAE,Polygonum aviculare
1960,POLYGONACEAE,Polygonum bellardii
1961,POLYGONACEAE,Polygonum equisetiforme
1962,POLYGONACEAE,Polygonum lapathifolium
1963,POLYGONACEAE,Polygonum mite
1964,POLYGONACEAE,Polygonum persicaria
1965,POLYGONACEAE,Polygonum rurivagum
1966,POLYPODIACEAE,Polypodium cambricum
1967,POLYPODIACEAE,Polypodium interjectum
1968,POLYPODIACEAE,Polypodium vulgare
1969,POLYPODIACEAE,Polypodium x mantoniae
1970,POLYPODIACEAE,Polypodium x shivasiae
1971,POACEAE,Polypogon maritimus
1972,POACEAE,Polypogon monspeliensis
1973,POACEAE,Polypogon viridis
1974,DRYOPTERIDACEAE,Polystichum aculeatum
1975,DRYOPTERIDACEAE,Polystichum lonchitis
1976,DRYOPTERIDACEAE,Polystichum setiferum
1977,DRYOPTERIDACEAE,Polystichum x bicknellii
1978,DRYOPTERIDACEAE,Polystichum x illyricum
1979,SALICACEAE,Populus alba
1980,SALICACEAE,Populus nigra
1981,SALICACEAE,Populus nigra var. italica
1982,SALICACEAE,Populus tremula
1983,SALICACEAE,Populus x canadensis
1984,PORTULACACEAE,Portulaca oleracea
1985,PORTULACACEAE,Portulaca oleracea subsp. granulatostellulata
1986,POTAMOGETONACEAE,Potamogeton berchtoldii
1987,POTAMOGETONACEAE,Potamogeton crispus
1988,POTAMOGETONACEAE,Potamogeton lucens
1989,POTAMOGETONACEAE,Potamogeton natans
1990,POTAMOGETONACEAE,Potamogeton nodosus
1991,POTAMOGETONACEAE,Potamogeton pectinatus
1992,POTAMOGETONACEAE,Potamogeton perfoliatus
1993,POTAMOGETONACEAE,Potamogeton polygonifolius
1994,ROSACEAE,Potentilla anserina
1995,ROSACEAE,Potentilla argentea
1996,ROSACEAE,Potentilla cinerea
1997,ROSACEAE,Potentilla crantzii
1998,ROSACEAE,Potentilla erecta
1999,ROSACEAE,Potentilla hirta
2000,ROSACEAE,Potentilla hispanica
2001,ROSACEAE,Potentilla micrantha
2002,ROSACEAE,Potentilla montana
2003,ROSACEAE,Potentilla neumanniana
2004,ROSACEAE,Potentilla palustris
2005,ROSACEAE,Potentilla pensylvanica
2006,ROSACEAE,Potentilla pyrenaica
2007,ROSACEAE,Potentilla recta
2008,ROSACEAE,Potentilla reptans
2009,ROSACEAE,Potentilla rupestris
2010,ROSACEAE,Potentilla sterilis
2011,ROSACEAE,Potentilla tabernaemontani
2012,ROSACEAE,Potentilla velutina
2013,PRIMULACEAE,Primula acaulis
2014,PRIMULACEAE,Primula acaulis subsp. acaulis
2015,PRIMULACEAE,Primula elatior
2016,PRIMULACEAE,Primula elatior subsp. elatior
2017,PRIMULACEAE,Primula veris
2018,PRIMULACEAE,Primula veris subsp. columnae
2019,PRIMULACEAE,Primula veris subsp. suaveolens
2020,PRIMULACEAE,Primula veris subsp. veris
2021,ROSACEAE,Prunus avium
2022,ROSACEAE,Prunus domestica
2023,ROSACEAE,Prunus dulcis
2024,ROSACEAE,Prunus insititia
2025,ROSACEAE,Prunus lusitanica
2026,ROSACEAE,Prunus mahaleb
2027,ROSACEAE,Prunus padus
2028,ROSACEAE,Prunus padus subsp. padus
2029,ROSACEAE,Prunus spinosa
2030,PINACEAE,Pseudotsuga menziesii
2031,POACEAE,Psilurus incurvus
2032,DENNSTAEDTIACEAE,Pteridium aquilinum
2033,FABACEAE,Pterospartum tridentatum subsp. cantabricum
2034,FABACEAE,Pterospartum tridentatum subsp. lasianthum
2035,APIACEAE,Ptychotis saxifraga
2036,POACEAE,Puccinellia distans
2037,POACEAE,Puccinellia fasciculata
2038,POACEAE,Puccinellia festuciformis
2039,POACEAE,Puccinellia rupestris
2040,ASTERACEAE,Pulicaria dysenterica
2041,ASTERACEAE,Pulicaria dysenterica subsp. hispanica
2042,ASTERACEAE,Pulicaria odora
2043,BORAGINACEAE,Pulmonaria longifolia
2044,RANUNCULACEAE,Pulsatilla rubra
2045,CYPERACEAE,Pycreus flavescens
2046,ERICACEAE,Pyrola minor
2047,ROSACEAE,Pyrus communis
2048,FAGACEAE,Quercus cerrioides
2049,FAGACEAE,Quercus coccifera
2050,FAGACEAE,Quercus faginea
2051,FAGACEAE,Quercus faginea subsp. faginea
2052,FAGACEAE,Quercus humilis
2053,FAGACEAE,Quercus ilex subsp. ballota
2054,FAGACEAE,Quercus orocantabrica
2055,FAGACEAE,Quercus petraea
2056,FAGACEAE,Quercus petraea subsp. petraea
2057,FAGACEAE,Quercus pubescens
2058,FAGACEAE,Quercus pyrenaica
2059,FAGACEAE,Quercus robur
2060,LINACEAE,Radiola linoides
2061,RANUNCULACEAE,Ranunculus aconitifoius
2062,RANUNCULACEAE,Ranunculus aconitifolius
2063,RANUNCULACEAE,Ranunculus acris subsp. despectus
2064,RANUNCULACEAE,Ranunculus amplexicaulis
2065,RANUNCULACEAE,Ranunculus aquatilis
2066,RANUNCULACEAE,Ranunculus arvensis
2067,RANUNCULACEAE,Ranunculus auricomus
2068,RANUNCULACEAE,Ranunculus bulbosus
2069,RANUNCULACEAE,Ranunculus bulbosus var. aleae
2070,RANUNCULACEAE,Ranunculus carinthiacus
2071,RANUNCULACEAE,Ranunculus falcatus
2072,RANUNCULACEAE,Ranunculus ficaria
2073,RANUNCULACEAE,Ranunculus ficaria subsp. ficaria
2074,RANUNCULACEAE,Ranunculus flammula
2075,RANUNCULACEAE,Ranunculus gramineus
2076,RANUNCULACEAE,Ranunculus gregarius
2077,RANUNCULACEAE,Ranunculus lateriflorus
2078,RANUNCULACEAE,Ranunculus nigrescens
2079,RANUNCULACEAE,Ranunculus nodiflorus
2080,RANUNCULACEAE,Ranunculus ollissiponensis
2081,RANUNCULACEAE,Ranunculus ollissiponensis subsp. alpinus
2082,RANUNCULACEAE,Ranunculus omiophyllus
2083,RANUNCULACEAE,Ranunculus paludosus
2084,RANUNCULACEAE,Ranunculus parviflorus
2085,RANUNCULACEAE,Ranunculus peltatus
2086,RANUNCULACEAE,Ranunculus peltatus subsp. baudotii
2087,RANUNCULACEAE,Ranunculus peltatus subsp. saniculifolius
2088,RANUNCULACEAE,Ranunculus peltatus var. peltatus
2089,RANUNCULACEAE,Ranunculus penicillatus
2090,RANUNCULACEAE,Ranunculus platanifolius
2091,RANUNCULACEAE,Ranunculus repens
2092,RANUNCULACEAE,Ranunculus sardous
2093,RANUNCULACEAE,Ranunculus sceleratus
2094,RANUNCULACEAE,Ranunculus trichophyllus
2095,RANUNCULACEAE,Ranunculus trilobus
2096,RANUNCULACEAE,Ranunculus tripartitus
2097,RANUNCULACEAE,Ranunculus tuberosus
2098,RANUNCULACEAE,Ranunculus valdesii
2099,BRASSICACEAE,Raphanus raphanistrum
2100,BRASSICACEAE,Rapistrum rugosum
2101,ASTERACEAE,Reichardia picroides
2102,RESEDACEAE,Reseda barrelieri
2103,RESEDACEAE,Reseda lutea
2104,RESEDACEAE,Reseda lutea subsp. lutea
2105,RESEDACEAE,Reseda luteola
2106,RESEDACEAE,Reseda phyteuma
2107,RESEDACEAE,Reseda stricta
2108,RESEDACEAE,Reseda stricta subsp. stricta
2109,RESEDACEAE,Reseda undata
2110,RESEDACEAE,Reseda undata subsp. undata
2111,FABACEAE,Retama sphaerocarpa
2112,ASTERACEAE,Rhagadiolus edulis
2113,ASTERACEAE,Rhagadiolus stellatus
2114,RHAMNACEAE,Rhamnus alaternus
2115,RHAMNACEAE,Rhamnus alaternus subsp. munyozgarmediae
2116,RHAMNACEAE,Rhamnus alpina
2117,RHAMNACEAE,Rhamnus alpina subsp. alpina
2118,RHAMNACEAE,Rhamnus cathartica
2119,RHAMNACEAE,Rhamnus infectoria
2120,RHAMNACEAE,Rhamnus lycioides subsp. lycioides
2121,RHAMNACEAE,Rhamnus lycioides subsp. velutina
2122,RHAMNACEAE,Rhamnus pumila
2123,RHAMNACEAE,Rhamnus saxatilis subsp. saxatilis
2124,ASTERACEAE,Rhaponticum coniferum
2125,OROBANCHACEAE,Rhinanthus angustifolius
2126,OROBANCHACEAE,Rhinanthus burnatii
2127,OROBANCHACEAE,Rhinanthus mediterraneus
2128,OROBANCHACEAE,Rhinanthus minor
2129,OROBANCHACEAE,Rhinanthus pumilus
2130,ANACARDIACEAE,Rhus coriaria
2131,GROSSULARIACEAE,Ribes alpinum
2132,GROSSULARIACEAE,Ribes petraeum
2133,GROSSULARIACEAE,Ribes uva-crispa
2134,FABACEAE,Robinia pseudacacia
2135,PAPAVERACEAE,Roemeria hybrida
2136,IRIDACEAE,Romulea bulbocodium
2137,IRIDACEAE,Romulea columnae
2138,BRASSICACEAE,Rorippa nasturtium-aquaticum
2139,BRASSICACEAE,Rorippa palustris
2140,BRASSICACEAE,Rorippa pyrenaica
2141,ROSACEAE,Rosa agrestis
2142,ROSACEAE,Rosa andegavensis
2143,ROSACEAE,Rosa arvensis
2144,ROSACEAE,Rosa blondeana
2145,ROSACEAE,Rosa canina
2146,ROSACEAE,Rosa corymbifera
2147,ROSACEAE,Rosa deseglisei
2148,ROSACEAE,Rosa elliptica
2149,ROSACEAE,Rosa foetida
2150,ROSACEAE,Rosa micrantha
2151,ROSACEAE,Rosa moschata
2152,ROSACEAE,Rosa nitidula
2153,ROSACEAE,Rosa pendulina
2154,ROSACEAE,Rosa pimpinellifolia
2155,ROSACEAE,Rosa pouzinii
2156,ROSACEAE,Rosa rubiginosa
2157,ROSACEAE,Rosa sicula
2158,ROSACEAE,Rosa squarrosa
2159,ROSACEAE,Rosa stylosa
2160,ROSACEAE,Rosa tomentosa
2161,ROSACEAE,Rosa villosa
2162,POACEAE,Rostraria cristata
2163,RUBIACEAE,Rubia peregrina
2164,RUBIACEAE,Rubia tinctorum
2165,ROSACEAE,Rubus caesius
2166,ROSACEAE,Rubus caesius x R. ulmifolius
2167,ROSACEAE,Rubus canescens
2168,ROSACEAE,Rubus castroviejoi
2169,ROSACEAE,Rubus henriquesii
2170,ROSACEAE,Rubus idaeus
2171,ROSACEAE,Rubus lucensis
2172,ROSACEAE,Rubus radula
2173,ROSACEAE,Rubus ulmifolius
2174,ROSACEAE,Rubus urbionicus
2175,ROSACEAE,Rubus vagabundus
2176,ROSACEAE,Rubus vestitus
2177,ROSACEAE,Rubus vigoi
2178,POLYGONACEAE,Rumex acetosa
2179,POLYGONACEAE,Rumex acetosa subsp. acetosa
2180,POLYGONACEAE,Rumex acetosella subsp. angiocarpus
2181,POLYGONACEAE,Rumex aquitanicus
2182,POLYGONACEAE,Rumex bucephalophorus subsp. gallicus
2183,POLYGONACEAE,Rumex conglomeratus
2184,POLYGONACEAE,Rumex crispus
2185,POLYGONACEAE,Rumex cristatus
2186,POLYGONACEAE,Rumex induratus
2187,POLYGONACEAE,Rumex intermedius
2188,POLYGONACEAE,Rumex longifolius
2189,POLYGONACEAE,Rumex obtusifolius
2190,POLYGONACEAE,Rumex papillaris
2191,POLYGONACEAE,Rumex pulcher
2192,POLYGONACEAE,Rumex pulcher subsp. woodsii
2193,POLYGONACEAE,Rumex roseus
2194,POLYGONACEAE,Rumex sanguineus
2195,POLYGONACEAE,Rumex scutatus
2196,POLYGONACEAE,Rumex suffruticosus
2197,RUPPIACEAE,Ruppia maritima
2198,ASPARAGACEAE,Ruscus aculeatus
2199,RUTACEAE,Ruta angustifolia
2200,RUTACEAE,Ruta montana
2201,CARYOPHYLLACEAE,Sagina apetala
2202,CARYOPHYLLACEAE,Sagina maritima
2203,CARYOPHYLLACEAE,Sagina procumbens
2204,CARYOPHYLLACEAE,Sagina sabuletorum
2205,CARYOPHYLLACEAE,Sagina saginoides
2206,AMARANTHACEAE,Salicornia patula
2207,AMARANTHACEAE,Salicornia ramosissima
2208,SALICACEAE,Salix alba
2209,SALICACEAE,Salix atrocinerea
2210,SALICACEAE,Salix atrocinerea x S. caprea
2211,SALICACEAE,Salix babylonica
2212,SALICACEAE,Salix cantabrica
2213,SALICACEAE,Salix caprea
2214,SALICACEAE,Salix eleagnos
2215,SALICACEAE,Salix fragilis
2216,SALICACEAE,Salix purpurea
2217,SALICACEAE,Salix purpurea var. lambertiana
2218,SALICACEAE,Salix salvifolia
2219,SALICACEAE,Salix salviifolia
2220,SALICACEAE,Salix triandra
2221,SALICACEAE,Salix x neotricha
2222,SALICACEAE,Salix x rubens
2223,AMARANTHACEAE,Salsola kali
2224,AMARANTHACEAE,Salsola vermiculata
2225,LAMIACEAE,Salvia aethiopis
2226,LAMIACEAE,Salvia pratensis
2227,LAMIACEAE,Salvia rosmarinus
2228,LAMIACEAE,Salvia sclarea
2229,LAMIACEAE,Salvia verbenaca
2230,CAPRIFOLIACEAE,Sambucus ebulus
2231,CAPRIFOLIACEAE,Sambucus nigra
2232,PRIMULACEAE,Samolus valerandi
2233,ROSACEAE,Sanguisorba minor
2234,ROSACEAE,Sanguisorba minor subsp. balearica
2235,ROSACEAE,Sanguisorba minor subsp. minor
2236,ROSACEAE,Sanguisorba officinalis
2237,ROSACEAE,Sanguisorba rupicola
2238,ROSACEAE,Sanguisorba verrucosa
2239,APIACEAE,Sanicula europaea
2240,ASTERACEAE,Santolina canescens
2241,ASTERACEAE,Santolina chamaecyparissus subsp. squarrosa
2242,ASTERACEAE,Santolina rosmarinifolia
2243,ASTERACEAE,Santolina virens
2244,CARYOPHYLLACEAE,Saponaria ocymoides
2245,CARYOPHYLLACEAE,Saponaria officinalis
2246,PAPAVERACEAE,Sarcocapnos enneaphylla
2247,LAMIACEAE,Satureja ascendens
2248,SAXIFRAGACEAE,Saxifraga aizoides
2249,SAXIFRAGACEAE,Saxifraga carpetana
2250,SAXIFRAGACEAE,Saxifraga cuneata
2251,SAXIFRAGACEAE,Saxifraga cuneata x S. losae
2252,SAXIFRAGACEAE,Saxifraga dichotoma
2253,SAXIFRAGACEAE,Saxifraga fragosoi
2254,SAXIFRAGACEAE,Saxifraga granulata
2255,SAXIFRAGACEAE,Saxifraga hirsuta
2256,SAXIFRAGACEAE,Saxifraga hirsuta subsp. hirsuta
2257,SAXIFRAGACEAE,Saxifraga losae
2258,SAXIFRAGACEAE,Saxifraga moncayensis
2259,SAXIFRAGACEAE,Saxifraga oppositifolia
2260,SAXIFRAGACEAE,Saxifraga pentadactylis subsp. willkommiana
2261,SAXIFRAGACEAE,Saxifraga platyloba
2262,SAXIFRAGACEAE,Saxifraga tridactylites
2263,SAXIFRAGACEAE,Saxifraga x arizagae
2264,SAXIFRAGACEAE,Saxifraga x celtiberica
2265,CAPRIFOLIACEAE,Scabiosa atropurpurea
2266,CAPRIFOLIACEAE,Scabiosa columbaria
2267,CAPRIFOLIACEAE,Scabiosa columbaria subsp. affinis
2268,APIACEAE,Scandix australis
2269,APIACEAE,Scandix australis subsp. microcarpa
2270,APIACEAE,Scandix macrorhyncha
2271,APIACEAE,Scandix pecten-veneris
2272,GENTIANACEAE,Schenkia spicata
2273,POACEAE,Schismus barbatus
2274,CYPERACEAE,Schoenoplectiella supina
2275,CYPERACEAE,Schoenoplectus lacustris
2276,CYPERACEAE,Schoenoplectus lacustris subsp. glaucus
2277,CYPERACEAE,Schoenoplectus pungens
2278,CYPERACEAE,Schoenus nigricans
2279,ASPARAGACEAE,Scilla autumnalis
2280,ASPARAGACEAE,Scilla lilio-hyacinthus
2281,ASPARAGACEAE,Scilla verna
2282,CYPERACEAE,Scirpoides holoschoenus
2283,CARYOPHYLLACEAE,Scleranthus annuus
2284,CARYOPHYLLACEAE,Scleranthus delortii
2285,CARYOPHYLLACEAE,Scleranthus perennis
2286,CARYOPHYLLACEAE,Scleranthus polycarpos
2287,CARYOPHYLLACEAE,Scleranthus polycnemoides
2288,POACEAE,Sclerochloa dura
2289,ASTERACEAE,Scolymus hispanicus
2290,FABACEAE,Scorpiurus muricatus
2291,FABACEAE,Scorpiurus subvillosus
2292,ASTERACEAE,Scorzonera angustifolia
2293,ASTERACEAE,Scorzonera graminifolia
2294,ASTERACEAE,Scorzonera hirsuta
2295,ASTERACEAE,Scorzonera hispanica
2296,ASTERACEAE,Scorzonera humilis
2297,ASTERACEAE,Scorzonera laciniata
2298,ASTERACEAE,Scorzoneriodes pyrenaica
2299,ASTERACEAE,Scorzoneroides autumnalis
2300,ASTERACEAE,Scorzoneroides carpetana
2301,SCROPHULARIACEAE,Scrophularia alpestris
2302,SCROPHULARIACEAE,Scrophularia auriculata
2303,SCROPHULARIACEAE,Scrophularia canina
2304,SCROPHULARIACEAE,Scrophularia crithmifolia
2305,SCROPHULARIACEAE,Scrophularia lyrata
2306,LAMIACEAE,Scutellaria alpina
2307,CRASSULACEAE,Sedum acre
2308,CRASSULACEAE,Sedum album
2309,CRASSULACEAE,Sedum amplexicaule
2310,CRASSULACEAE,Sedum anglicum
2311,CRASSULACEAE,Sedum brevifolium
2312,CRASSULACEAE,Sedum caespitosum
2313,CRASSULACEAE,Sedum cepaea
2314,CRASSULACEAE,Sedum dasyphyllum
2315,CRASSULACEAE,Sedum forsterianum
2316,CRASSULACEAE,Sedum gypsicola
2317,CRASSULACEAE,Sedum hirsutum
2318,CRASSULACEAE,Sedum nevadense
2319,CRASSULACEAE,Sedum pedicellatum
2320,CRASSULACEAE,Sedum rupestre
2321,CRASSULACEAE,Sedum sediforme
2322,CRASSULACEAE,Sedum villosum subsp. villosum
2323,CRASSULACEAE,Sempervivum vicentei
2324,ASTERACEAE,Senecio adonidifolius
2325,ASTERACEAE,Senecio carpetanus
2326,ASTERACEAE,Senecio doria subsp. laderoi
2327,ASTERACEAE,Senecio gallicus
2328,ASTERACEAE,Senecio inaequidens
2329,ASTERACEAE,Senecio laderoi subsp. laderoi
2330,ASTERACEAE,Senecio lagascanus
2331,ASTERACEAE,Senecio lividus
2332,ASTERACEAE,Senecio minutus
2333,ASTERACEAE,Senecio pyrenaicus
2334,ASTERACEAE,Senecio sylvaticus
2335,ASTERACEAE,Senecio viscosus
2336,ASTERACEAE,Senecio vulgaris
2337,ORCHIDACEAE,Serapias cordigera
2338,ORCHIDACEAE,Serapias lingua
2339,ORCHIDACEAE,Serapias lingua x parviflora
2340,ORCHIDACEAE,Serapias parviflora
2341,ASTERACEAE,Serratula leucantha
2342,ASTERACEAE,Serratula nudicaulis
2343,ASTERACEAE,Serratula pinnatifida
2344,ASTERACEAE,Serratula tinctoria
2345,RESEDACEAE,Sesamoides purpurascens
2346,APIACEAE,Seseli cantabricum
2347,APIACEAE,Seseli libanotis
2348,APIACEAE,Seseli libanotis subsp. libanotis
2349,APIACEAE,Seseli montanum
2350,APIACEAE,Seseli peucedanoides
2351,POACEAE,Sesleria albicans
2352,POACEAE,Sesleria argentea subsp. hispanica
2353,POACEAE,Sesleria caerulea
2354,POACEAE,Setaria verticillata
2355,POACEAE,Setaria viridis
2356,RUBIACEAE,Sherardia arvensis
2357,LAMIACEAE,Sideritis camarae
2358,LAMIACEAE,Sideritis hirsuta
2359,LAMIACEAE,Sideritis linearifolia
2360,LAMIACEAE,Sideritis spinulosa
2361,CARYOPHYLLACEAE,Silene boryi
2362,CARYOPHYLLACEAE,Silene ciliata
2363,CARYOPHYLLACEAE,Silene colorata
2364,CARYOPHYLLACEAE,Silene conica
2365,CARYOPHYLLACEAE,Silene conica subsp. conica
2366,CARYOPHYLLACEAE,Silene conoidea
2367,CARYOPHYLLACEAE,Silene coutinhoi
2368,CARYOPHYLLACEAE,Silene dioica
2369,CARYOPHYLLACEAE,Silene flos-cuculi
2370,CARYOPHYLLACEAE,Silene gallica
2371,CARYOPHYLLACEAE,Silene inaperta
2372,CARYOPHYLLACEAE,Silene inaperta subsp. inaperta
2373,CARYOPHYLLACEAE,Silene italica
2374,CARYOPHYLLACEAE,Silene italica subsp. italica
2375,CARYOPHYLLACEAE,Silene latifolia
2376,CARYOPHYLLACEAE,Silene legionensis
2377,CARYOPHYLLACEAE,Silene mellifera
2378,CARYOPHYLLACEAE,Silene muscipula
2379,CARYOPHYLLACEAE,Silene nocturna
2380,CARYOPHYLLACEAE,Silene nutans
2381,CARYOPHYLLACEAE,Silene nutans subsp. nutans
2382,CARYOPHYLLACEAE,Silene otites
2383,CARYOPHYLLACEAE,Silene otites subsp. otites
2384,CARYOPHYLLACEAE,Silene portensis subsp. portensis
2385,CARYOPHYLLACEAE,Silene rupestris
2386,CARYOPHYLLACEAE,Silene tridentata
2387,CARYOPHYLLACEAE,Silene vulgaris
2388,CARYOPHYLLACEAE,Silene vulgaris subsp. glareosa
2389,CARYOPHYLLACEAE,Silene vulgaris subsp. prostrata
2390,CARYOPHYLLACEAE,Silene vulgaris subsp. vulgaris
2391,ASTERACEAE,Silybum marianum
2392,ASPHODELACEAE,Simethis mattiazzi
2393,ASPHODELACEAE,Simethis mattiazzii
2394,ASPHODELACEAE,Simethis planifolia
2395,BRASSICACEAE,Sinapis alba subsp. mairei
2396,BRASSICACEAE,Sinapis arvensis
2397,APIACEAE,Sison amomum
2398,BRASSICACEAE,Sisymbrella aspera
2399,BRASSICACEAE,Sisymbrium austriacum subsp. chrysanthum
2400,BRASSICACEAE,Sisymbrium austriacum subsp. contortum
2401,BRASSICACEAE,Sisymbrium irio
2402,BRASSICACEAE,Sisymbrium macroloma
2403,BRASSICACEAE,Sisymbrium officinale
2404,BRASSICACEAE,Sisymbrium orientale
2405,BRASSICACEAE,Sisymbrium runcinatum
2406,CAPRIFOLIACEAE,Sixalix atropurpurea
2407,SMILACACEAE,Smilax aspera
2408,APIACEAE,Smyrnium olusatrum
2409,APIACEAE,Smyrnium perfoliatum
2410,SOLANACEAE,Solanum dulcamara
2411,SOLANACEAE,Solanum nigrum
2412,ASTERACEAE,Solidago virgaurea
2413,ASTERACEAE,Sonchus aquatilis
2414,ASTERACEAE,Sonchus arvensis
2415,ASTERACEAE,Sonchus asper
2416,ASTERACEAE,Sonchus asper subsp. asper
2417,ASTERACEAE,Sonchus asper subsp. glaucescens
2418,ASTERACEAE,Sonchus maritimus
2419,ASTERACEAE,Sonchus oleraceus
2420,ASTERACEAE,Sonchus tenerrimus
2421,ROSACEAE,Sorbus aria
2422,ROSACEAE,Sorbus aria subsp. aria
2423,ROSACEAE,Sorbus aucuparia
2424,ROSACEAE,Sorbus domestica
2425,ROSACEAE,Sorbus intermedia
2426,ROSACEAE,Sorbus mougeotii
2427,ROSACEAE,Sorbus torminalis
2428,POACEAE,Sorghum halepense
2429,TYPHACEAE,Sparganium angustifolium
2430,TYPHACEAE,Sparganium emersum
2431,TYPHACEAE,Sparganium erectum
2432,FABACEAE,Spartium junceum
2433,CARYOPHYLLACEAE,Spergula arvensis
2434,CARYOPHYLLACEAE,Spergula bocconei
2435,CARYOPHYLLACEAE,Spergula capillacea
2436,CARYOPHYLLACEAE,Spergula diandra
2437,CARYOPHYLLACEAE,Spergula marina
2438,CARYOPHYLLACEAE,Spergula media
2439,CARYOPHYLLACEAE,Spergula morisonii
2440,CARYOPHYLLACEAE,Spergula pentandra
2441,CARYOPHYLLACEAE,Spergula rubra
2442,CARYOPHYLLACEAE,Spergularia diandra
2443,CARYOPHYLLACEAE,Spergularia marina
2444,CARYOPHYLLACEAE,Spergularia media
2445,CARYOPHYLLACEAE,Spergularia rubra
2446,POACEAE,Sphenopus divaricatus
2447,ROSACEAE,Spiraea hypericifolia subsp. obovata
2448,ORCHIDACEAE,Spiranthes aestivalis
2449,ORCHIDACEAE,Spiranthes spiralis
2450,POACEAE,Sporobolus indicus
2451,LAMIACEAE,Stachys alpina
2452,LAMIACEAE,Stachys germanica
2453,LAMIACEAE,Stachys heraclea
2454,LAMIACEAE,Stachys recta subsp. recta
2455,LAMIACEAE,Stachys sylvatica
2456,ASTERACEAE,Staehelina dubia
2457,CARYOPHYLLACEAE,Stellaria alsine
2458,CARYOPHYLLACEAE,Stellaria graminea
2459,CARYOPHYLLACEAE,Stellaria holostea
2460,CARYOPHYLLACEAE,Stellaria media
2461,CARYOPHYLLACEAE,Stellaria neglecta
2462,CARYOPHYLLACEAE,Stellaria nemorum subsp. montana
2463,CARYOPHYLLACEAE,Stellaria pallida
2464,POACEAE,Stipa barbata
2465,POACEAE,Stipa gigantea subsp. gigantea
2466,POACEAE,Stipa iberica
2467,POACEAE,Stipa lagascae
2468,POACEAE,Stipa offneri
2469,POACEAE,Stipa parviflora
2470,LILIACEAE,Streptopus amplexifolius
2471,AMARANTHACEAE,Suaeda spicata
2472,AMARANTHACEAE,Suaeda vera subsp. braun-blanquetii
2473,CAPRIFOLIACEAE,Succisa pratensis
2474,BORAGINACEAE,Symphytum officinale
2475,BORAGINACEAE,Symphytum tuberosum
2476,POACEAE,Taeniatherum caput-medusae
2477,TAMARICACEAE,Tamarix africana
2478,TAMARICACEAE,Tamarix canariensis
2479,TAMARICACEAE,Tamarix gallica
2480,TAMARICACEAE,Tamarix parviflora
2481,DIOSCOREACEAE,Tamus communis
2482,ASTERACEAE,Tanacetum corymbosum
2483,ASTERACEAE,Tanacetum corymbosum subsp. corymbosum
2484,ASTERACEAE,Tanacetum parthenium
2485,ASTERACEAE,Taraxacum ciliare
2486,ASTERACEAE,Taraxacum elegantius
2487,ASTERACEAE,Taraxacum gasparrinii
2488,ASTERACEAE,Taraxacum gr.
2489,ASTERACEAE,Taraxacum malato-belizii
2490,ASTERACEAE,Taraxacum marginellum
2491,ASTERACEAE,Taraxacum obovatum
2492,ASTERACEAE,Taraxacum pinto-silvae
2493,ASTERACEAE,Taraxacum pyropappum
2494,ASTERACEAE,Taraxacum sp.
2495,TAXACEAE,Taxus baccata
2496,BRASSICACEAE,Teesdalia coronopifolia
2497,BRASSICACEAE,Teesdalia nudicaulis
2498,CARYOPHYLLACEAE,Telephium imperati
2499,FABACEAE,Tetragonolobus maritimus
2500,LAMIACEAE,Teucrium botrys
2501,LAMIACEAE,Teucrium capitatum
2502,LAMIACEAE,Teucrium chamaedrys
2503,LAMIACEAE,Teucrium gnaphalodes
2504,LAMIACEAE,Teucrium polium
2505,LAMIACEAE,Teucrium pyrenaicum
2506,LAMIACEAE,Teucrium scorodonia
2507,RANUNCULACEAE,Thalictrum minus
2508,RANUNCULACEAE,Thalictrum minus subsp. minus
2509,RANUNCULACEAE,Thalictrum tuberosum
2510,APIACEAE,Thapsia dissecta
2511,APIACEAE,Thapsia villosa
2512,THELYPTERIDACEAE,Thelypteris limbosperma
2513,SANTALACEAE,Thesium humifusum
2514,BRASSICACEAE,Thlaspi arvense
2515,BRASSICACEAE,Thlaspi perfoliatum
2516,BRASSICACEAE,Thlaspi stenopterum
2517,ASTERACEAE,Thrincia hispida
2518,ASTERACEAE,Thrincia saxatilis
2519,ASTERACEAE,Thrincia tuberosa
2520,THYMELAEACEAE,Thymelaea coridifolia
2521,THYMELAEACEAE,Thymelaea passerina
2522,THYMELAEACEAE,Thymelaea pubescens
2523,THYMELAEACEAE,Thymelaea ruizii
2524,THYMELAEACEAE,Thymelaea sanamunda
2525,LAMIACEAE,Thymus loscosii
2526,LAMIACEAE,Thymus mastichina
2527,LAMIACEAE,Thymus mastigophorus
2528,LAMIACEAE,Thymus praecox
2529,LAMIACEAE,Thymus pulegioides
2530,LAMIACEAE,Thymus vulgaris
2531,LAMIACEAE,Thymus zygis
2532,MALVACEAE,Tilia platyphyllos
2533,MALVACEAE,Tilia x vulgaris
2534,ASTERACEAE,Tolpis barbata
2535,ASTERACEAE,Tolpis umbellata
2536,APIACEAE,Tordylium apulum
2537,APIACEAE,Tordylium maximum
2538,APIACEAE,Torilis arvensis subsp. arvensis
2539,APIACEAE,Torilis arvensis subsp. neglecta
2540,APIACEAE,Torilis arvensis subsp. purpurea
2541,APIACEAE,Torilis arvensis subsp. recta
2542,APIACEAE,Torilis elongata
2543,APIACEAE,Torilis japonica
2544,APIACEAE,Torilis leptophylla
2545,APIACEAE,Torilis nodosa
2546,ASTERACEAE,Tragopogon crocifolius
2547,ASTERACEAE,Tragopogon dubius
2548,ASTERACEAE,Tragopogon lamottei
2549,ASTERACEAE,Tragopogon porrifolius
2550,ASTERACEAE,Tragopogon pratensis
2551,ZYGOPHYLLACEAE,Tribulus terrestris
2552,CYPERACEAE,Trichophorum cespitosum
2553,FABACEAE,Trifolium angustifolium
2554,FABACEAE,Trifolium arvense
2555,FABACEAE,Trifolium campestre
2556,FABACEAE,Trifolium cherleri
2557,FABACEAE,Trifolium dubium
2558,FABACEAE,Trifolium fragiferum
2559,FABACEAE,Trifolium glomeratum
2560,FABACEAE,Trifolium hybridum
2561,FABACEAE,Trifolium lappaceum
2562,FABACEAE,Trifolium medium
2563,FABACEAE,Trifolium montanum
2564,FABACEAE,Trifolium ochroleucon
2565,FABACEAE,Trifolium phleoides subsp. willkommii
2566,FABACEAE,Trifolium pratense
2567,FABACEAE,Trifolium repens
2568,FABACEAE,Trifolium repens subsp. repens
2569,FABACEAE,Trifolium resupinatum
2570,FABACEAE,Trifolium retusum
2571,FABACEAE,Trifolium rubens
2572,FABACEAE,Trifolium scabrum
2573,FABACEAE,Trifolium squamosum
2574,FABACEAE,Trifolium striatum
2575,FABACEAE,Trifolium strictum
2576,FABACEAE,Trifolium subterraneum
2577,FABACEAE,Trifolium suffocatum
2578,FABACEAE,Trifolium sylvaticum
2579,FABACEAE,Trifolium tomentosum
2580,JUNCAGINACEAE,Triglochin palustris
2581,FABACEAE,Trigonella foenum-graecum
2582,FABACEAE,Trigonella gladiata
2583,FABACEAE,Trigonella monspeliaca
2584,FABACEAE,Trigonella polyceratia
2585,APIACEAE,Trinia dufourii
2586,APIACEAE,Trinia glauca
2587,APIACEAE,Trinia glauca subsp. glauca
2588,ASTERACEAE,Tripleurospermum inodorum
2589,POACEAE,Trisetaria loeflingiana
2590,POACEAE,Trisetaria ovata
2591,POACEAE,Trisetaria panicea
2592,POACEAE,Trisetaria scabriuscula
2593,POACEAE,Trisetum flavescens
2594,POACEAE,Trisetum hispidum
2595,POACEAE,Trisetum loeflingianum
2596,POACEAE,Trisetum ovatum
2597,POACEAE,Trisetum paniceum
2598,POACEAE,Triticum aestivum
2599,RANUNCULACEAE,Trollius europaeus
2600,ASTERACEAE,Trommsdorffia maculata
2601,CISTACEAE,Tuberaria guttata
2602,CISTACEAE,Tuberaria lignosa
2603,LILIACEAE,Tulipa sylvestris subsp. australis
2604,APIACEAE,Turgenia latifolia
2605,ASTERACEAE,Tussilago farfara
2606,TYPHACEAE,Typha angustifolia
2607,TYPHACEAE,Typha domingensis
2608,TYPHACEAE,Typha latifolia
2609,FABACEAE,Ulex europaeus
2610,ULMACEAE,Ulmus glabra
2611,ULMACEAE,Ulmus minor
2612,ULMACEAE,Ulmus x hollandica
2613,CRASSULACEAE,Umbilicus heylandianus
2614,CRASSULACEAE,Umbilicus rupestris
2615,URTICACEAE,Urtica dioica
2616,URTICACEAE,Urtica urens
2617,LENTIBULARIACEAE,Utricularia australis
2618,LENTIBULARIACEAE,Utricularia vulgaris
2619,CARYOPHYLLACEAE,Vaccaria hispanica
2620,ERICACEAE,Vaccinium myrtillus
2621,ERICACEAE,Vaccinium uliginosum
2622,CAPRIFOLIACEAE,Valeriana apula
2623,CAPRIFOLIACEAE,Valeriana longiflora
2624,CAPRIFOLIACEAE,Valeriana longifolia
2625,CAPRIFOLIACEAE,Valeriana montana
2626,CAPRIFOLIACEAE,Valeriana officinalis
2627,CAPRIFOLIACEAE,Valeriana officinalis subsp. tenuifolia
2628,CAPRIFOLIACEAE,Valeriana pyrenaica
2629,CAPRIFOLIACEAE,Valeriana tuberosa
2630,CAPRIFOLIACEAE,Valerianella carinata
2631,CAPRIFOLIACEAE,Valerianella coronata
2632,CAPRIFOLIACEAE,Valerianella dentata
2633,CAPRIFOLIACEAE,Valerianella discoidea
2634,CAPRIFOLIACEAE,Valerianella eriocarpa
2635,CAPRIFOLIACEAE,Valerianella fusiformis
2636,CAPRIFOLIACEAE,Valerianella locusta
2637,CAPRIFOLIACEAE,Valerianella locusta subsp. lusitanica
2638,CAPRIFOLIACEAE,Valerianella lusitanica
2639,CAPRIFOLIACEAE,Valerianella muricata
2640,CARYOPHYLLACEAE,Velezia rigida
2641,POACEAE,Ventenata dubia
2642,SCROPHULARIACEAE,Verbascum blattaria
2643,SCROPHULARIACEAE,Verbascum lychnitis
2644,SCROPHULARIACEAE,Verbascum pulverulentum
2645,SCROPHULARIACEAE,Verbascum rotundifolium subsp. ripacurcicum
2646,SCROPHULARIACEAE,Verbascum sinuatum
2647,SCROPHULARIACEAE,Verbascum thapsus
2648,SCROPHULARIACEAE,Verbascum thapsus subsp. crassifolium
2649,SCROPHULARIACEAE,Verbascum thapsus subsp. montanum
2650,SCROPHULARIACEAE,Verbascum thapsus subsp. thapsus
2651,SCROPHULARIACEAE,Verbascum virgatum
2652,VERBENACEAE,Verbena officinalis
2653,PLANTAGINACEAE,Veronica agrestis
2654,PLANTAGINACEAE,Veronica anagallis-aquatica
2655,PLANTAGINACEAE,Veronica anagalloides
2656,PLANTAGINACEAE,Veronica arvensis
2657,PLANTAGINACEAE,Veronica austriaca subsp. vahlii
2658,PLANTAGINACEAE,Veronica becabunga
2659,PLANTAGINACEAE,Veronica beccabunga
2660,PLANTAGINACEAE,Veronica chamaedrys
2661,PLANTAGINACEAE,Veronica chamaedrys subsp. chamaedrys
2662,PLANTAGINACEAE,Veronica fruticans subsp. cantabrica
2663,PLANTAGINACEAE,Veronica hederifolia
2664,PLANTAGINACEAE,Veronica hederifolia subsp. hederifolia
2665,PLANTAGINACEAE,Veronica montana
2666,PLANTAGINACEAE,Veronica officinalis
2667,PLANTAGINACEAE,Veronica persica
2668,PLANTAGINACEAE,Veronica polita
2669,PLANTAGINACEAE,Veronica ponae
2670,PLANTAGINACEAE,Veronica praecox
2671,PLANTAGINACEAE,Veronica scutellata
2672,PLANTAGINACEAE,Veronica sennenii
2673,PLANTAGINACEAE,Veronica serpyllifolia
2674,PLANTAGINACEAE,Veronica triphyllos
2675,PLANTAGINACEAE,Veronica verna
2676,CAPRIFOLIACEAE,Viburnum lantana
2677,CAPRIFOLIACEAE,Viburnum tinus
2678,FABACEAE,Vicia amphycarpa
2679,FABACEAE,Vicia angustifolia
2680,FABACEAE,Vicia benghalensis
2681,FABACEAE,Vicia bithynica
2682,FABACEAE,Vicia cracca
2683,FABACEAE,Vicia faba
2684,FABACEAE,Vicia hirsuta
2685,FABACEAE,Vicia hybrida
2686,FABACEAE,Vicia incana
2687,FABACEAE,Vicia lathyroides
2688,FABACEAE,Vicia lutea
2689,FABACEAE,Vicia monantha subsp. calcarata
2690,FABACEAE,Vicia narbonensis
2691,FABACEAE,Vicia onobrychioides
2692,FABACEAE,Vicia pannonica
2693,FABACEAE,Vicia parviflora
2694,FABACEAE,Vicia peregrina
2695,FABACEAE,Vicia pyrenaica
2696,FABACEAE,Vicia sativa
2697,FABACEAE,Vicia sativa subsp. nigra
2698,FABACEAE,Vicia sativa subsp. sativa
2699,FABACEAE,Vicia sepium
2700,FABACEAE,Vicia tenuifolia
2701,FABACEAE,Vicia tetrasperma
2702,FABACEAE,Vicia villosa
2703,APOCYNACEAE,Vinca difformis
2704,APOCYNACEAE,Vinca major subsp. major
2705,APOCYNACEAE,Vincetoxicum hirundinaria
2706,APOCYNACEAE,Vincetoxicum nigrum
2707,VIOLACEAE,Viola alba
2708,VIOLACEAE,Viola arvensis
2709,VIOLACEAE,Viola bubanii
2710,VIOLACEAE,Viola canina
2711,VIOLACEAE,Viola hirta
2712,VIOLACEAE,Viola kitaibeliana
2713,VIOLACEAE,Viola montcaunica
2714,VIOLACEAE,Viola odorata
2715,VIOLACEAE,Viola palustris
2716,VIOLACEAE,Viola reichenbachiana
2717,VIOLACEAE,Viola riviniana
2718,VIOLACEAE,Viola rupestris
2719,VIOLACEAE,Viola rupestris subsp. rupestris
2720,VIOLACEAE,Viola saxatilis
2721,VIOLACEAE,Viola suavis
2722,SANTALACEAE,Viscum album
2723,SANTALACEAE,Viscum album subsp. austriacum
2724,VITACEAE,Vitis vinifera
2725,VITACEAE,Vitis vinifera subsp. sylvestris
2726,VITACEAE,Vitis vinifera subsp. vinifera
2727,POACEAE,Vulpia bromoides
2728,POACEAE,Vulpia ciliata
2729,POACEAE,Vulpia membranacea
2730,POACEAE,Vulpia muralis
2731,POACEAE,Vulpia myuros
2732,POACEAE,Vulpia unilateralis
2733,CAMPANULACEAE,Wahlenbergia hederacea
2734,POACEAE,Wangenheimia lima
2735,ASTERACEAE,Xanthium orientale subsp. italicum
2736,ASTERACEAE,Xanthium spinosum
2737,ASTERACEAE,Xeranthemum cylindraceum
2738,ASTERACEAE,Xeranthemum inapertum
2739,CISTACEAE,Xolantha tuberaria
2740,POTAMOGETONACEAE,Zannichellia palustris
2741,POTAMOGETONACEAE,Zannichellia pedunculata
2742,POTAMOGETONACEAE,Zannichellia peltata
