universe_index,family,taxon,iucn_problem_state,phase1_resolution,phase2_state,suggested_taxon,supporting_source_count,parent_taxon,parent_sources,powo_normalized_hits,wfo_normalized_hits,anthos_normalized_hits,top_candidates_json,automatic_correction,automatic_deletion,checked_at
5,SAPINDACEAE,Acer monspessulanum x A. campestre,NO_EXACT_MATCH,NO_RESPONSE_ALL_THREE,STRONG_SPELLING_OR_NOMENCLATURAL_CANDIDATE,Acer monspessulanum var. cassinense,2,,,,,,"[{""source"":""POWO_WCVP"",""candidate"":""Acer monspessulanum var. cassinense"",""score"":0.91269,""taxonomic_status"":""Synonym"",""accepted_id"":""3261550"",""accepted_name_resolved"":""Acer monspessulanum subsp. monspessulanum"",""taxon_id"":""2615979""},{""source"":""WFO"",""candidate"":""Acer monspessulanum var. cassinense"",""score"":0.91269,""taxonomic_status"":""Synonym"",""accepted_id"":""wfo-0000514593"",""accepted_name_resolved"":""Acer monspessulanum"",""taxon_id"":""wfo-0000514595""},{""source"":""POWO_WCVP"",""candidate"":""Acer monspessulanum f. cassinense"",""score"":0.91,""taxonomic_status"":""Synonym"",""accepted_id"":""3261550"",""accepted_name_resolved"":""Acer monspessulanum subsp. monspessulanum"",""taxon_id"":""3005051""},{""source"":""POWO_WCVP"",""candidate"":""Acer monspessulanum f. maroccanum"",""score"":0.89615,""taxonomic_status"":""Synonym"",""accepted_id"":""3261550"",""accepted_name_resolved"":""Acer monspessulanum subsp. monspessulanum"",""taxon_id"":""2615991""},{""source"":""POWO_WCVP"",""candidate"":""Acer monspessulanum var. crenatum"",""score"":0.89615,""taxonomic_status"":""Synonym"",""accepted_id"":""2616213"",""accepted_name_resolved"":""Acer pentapomicum"",""taxon_id"":""2615983""},{""source"":""WFO"",""candidate"":""Acer monspessulanum f. maroccanum"",""score"":0.89615,""taxonomic_status"":""Synonym"",""accepted_id"":""wfo-0000514593"",""accepted_name_resolved"":""Acer monspessulanum"",""taxon_id"":""wfo-0000514608""},{""source"":""WFO"",""candidate"":""Acer monspessulanum var. crenatum"",""score"":0.89615,""taxonomic_status"":""Synonym"",""accepted_id"":""wfo-0000514841"",""accepted_name_resolved"":""Acer pentapomicum"",""taxon_id"":""wfo-0000514600""},{""source"":""POWO_WCVP"",""candidate"":""Acer monspessulanum f. minor"",""score"":0.895,""taxonomic_status"":""Synonym"",""accepted_id"":""3261550"",""accepted_name_resolved"":""Acer monspessulanum subsp. monspessulanum"",""taxon_id"":""3277388""},{""source"":""WFO"",""candidate"":""Acer monspessulanum f. gallicum"",""score"":0.89286,""taxonomic_status"":""Synonym"",""accepted_id"":""wfo-0000514593"",""accepted_name_resolved"":""Acer monspessulanum"",""taxon_id"":""wfo-0000735035""},{""source"":""WFO"",""candidate"":""Acer monspessulanum var. cruciatum"",""score"":0.89091,""taxonomic_status"":""Synonym"",""accepted_id"":""wfo-0000514593"",""accepted_name_resolved"":""Acer monspessulanum"",""taxon_id"":""wfo-0000734808""},{""source"":""ANTHOS"",""candidate"":""Acer monspessulanum"",""score"":0.87885,""taxonomic_status"":"""",""accepted_id"":"""",""accepted_name_resolved"":"""",""taxon_id"":""FUND. BIODIVERSIDAD:ANTHOS:26625""},{""source"":""ANTHOS"",""candidate"":""Acer monspessulanum subsp. monspessulanum"",""score"":0.85822,""taxonomic_status"":"""",""accepted_id"":"""",""accepted_name_resolved"":"""",""taxon_id"":""FUND. BIODIVERSIDAD:ANTHOS:928008""}]",False,False,2026-08-19T17:37:55.232609+00:00
20,RANUNCULACEAE,Aconitum vulgaria subsp. neapolitanum,NO_API_TAXON,NO_RESPONSE_ALL_THREE,STRONG_SPELLING_OR_NOMENCLATURAL_CANDIDATE,Aconitum vulparia subsp. neapolitanum,3,aconitum vulgaria,,,,,"[{""source"":""ANTHOS"",""candidate"":""Aconitum vulparia subsp. neapolitanum"",""score"":0.91875,""taxonomic_status"":"""",""accepted_id"":"""",""accepted_name_resolved"":"""",""taxon_id"":""FUND. BIODIVERSIDAD:ANTHOS:21859""},{""source"":""POWO_WCVP"",""candidate"":""Aconitum vulparia subsp. neapolitanum"",""score"":0.91875,""taxonomic_status"":""Synonym"",""accepted_id"":""2618952"",""accepted_name_resolved"":""Aconitum lamarckii"",""taxon_id"":""2619766""},{""source"":""WFO"",""candidate"":""Aconitum vulparia subsp. neapolitanum"",""score"":0.91875,""taxonomic_status"":""Synonym"",""accepted_id"":""wfo-0000517515"",""accepted_name_resolved"":""Aconitum lamarckii"",""taxon_id"":""wfo-0000518332""},{""source"":""POWO_WCVP"",""candidate"":""Aconitum vulparia subsp. thalianum"",""score"":0.87255,""taxonomic_status"":""Synonym"",""accepted_id"":""2619756"",""accepted_name_resolved"":""Aconitum vulparia"",""taxon_id"":""2619773""},{""source"":""WFO"",""candidate"":""Aconitum vulparia subsp. thalianum"",""score"":0.87255,""taxonomic_status"":""Synonym"",""accepted_id"":""wfo-0000518321"",""accepted_name_resolved"":""Aconitum vulparia"",""taxon_id"":""wfo-0000518340""},{""source"":""POWO_WCVP"",""candidate"":""Aconitum vulparia subsp. penninum"",""score"":0.85184,""taxonomic_status"":""Synonym"",""accepted_id"":""2619756"",""accepted_name_resolved"":""Aconitum vulparia"",""taxon_id"":""2619769""},{""source"":""WFO"",""candidate"":""Aconitum vulparia subsp. penninum"",""score"":0.85184,""taxonomic_status"":""Synonym"",""accepted_id"":""wfo-0000518321"",""accepted_name_resolved"":""Aconitum vulparia"",""taxon_id"":""wfo-0000518335""},{""source"":""POWO_WCVP"",""candidate"":""Aconitum vulparia subsp. pantocsekianum"",""score"":0.84611,""taxonomic_status"":""Synonym"",""accepted_id"":""2618952"",""accepted_name_resolved"":""Aconitum lamarckii"",""taxon_id"":""3247502""},{""source"":""POWO_WCVP"",""candidate"":""Aconitum vulparia subsp. platanifolium"",""score"":0.83878,""taxonomic_status"":""Synonym"",""accepted_id"":""2618952"",""accepted_name_resolved"":""Aconitum lamarckii"",""taxon_id"":""2619771""},{""source"":""WFO"",""candidate"":""Aconitum vulparia subsp. platanifolium"",""score"":0.83878,""taxonomic_status"":""Synonym"",""accepted_id"":""wfo-0000518321"",""accepted_name_resolved"":""Aconitum vulparia"",""taxon_id"":""wfo-0000518338""},{""source"":""WFO"",""candidate"":""Aconitum vulparia subsp. ranunculifolium"",""score"":0.82925,""taxonomic_status"":""Synonym"",""accepted_id"":""wfo-0000517515"",""accepted_name_resolved"":""Aconitum lamarckii"",""taxon_id"":""wfo-0000743300""}]",False,False,2026-08-19T17:37:55.232772+00:00
89,AMARYLLIDACEAE,Allium oleraceum var. oleraceum,NO_EXACT_MATCH,NO_RESPONSE_ALL_THREE,STRONG_SPELLING_OR_NOMENCLATURAL_CANDIDATE,Allium oleraceum var. alpestre,2,allium oleraceum,powo;wfo;anthos,,,,"[{""source"":""POWO_WCVP"",""candidate"":""Allium oleraceum var. alpestre"",""score"":0.93136,""taxonomic_status"":""Synonym"",""accepted_id"":""296142"",""accepted_name_resolved"":"""",""taxon_id"":""542920""},{""source"":""WFO"",""candidate"":""Allium oleraceum var. alpestre"",""score"":0.93136,""taxonomic_status"":""Unchecked"",""accepted_id"":"""",""accepted_name_resolved"":"""",""taxon_id"":""wfo-1200013700""},{""source"":""POWO_WCVP"",""candidate"":""Allium oleraceum var. complanatum"",""score"":0.92742,""taxonomic_status"":""Synonym"",""accepted_id"":""296142"",""accepted_name_resolved"":"""",""taxon_id"":""470963""},{""source"":""POWO_WCVP"",""candidate"":""Allium oleraceum var. carinatum"",""score"":0.925,""taxonomic_status"":""Synonym"",""accepted_id"":""296142"",""accepted_name_resolved"":"""",""taxon_id"":""341381""},{""source"":""WFO"",""candidate"":""Allium oleraceum var. carinatum"",""score"":0.925,""taxonomic_status"":""Synonym"",""accepted_id"":""wfo-0000756866"",""accepted_name_resolved"":""Allium oleraceum"",""taxon_id"":""wfo-0000803010""},{""source"":""POWO_WCVP"",""candidate"":""Allium oleraceum var. latifolium"",""score"":0.91885,""taxonomic_status"":""Synonym"",""accepted_id"":""296142"",""accepted_name_resolved"":"""",""taxon_id"":""342195""},{""source"":""WFO"",""candidate"":""Allium oleraceum var. latifolium"",""score"":0.91885,""taxonomic_status"":""Synonym"",""accepted_id"":""wfo-0000756866"",""accepted_name_resolved"":""Allium oleraceum"",""taxon_id"":""wfo-0000803842""},{""source"":""POWO_WCVP"",""candidate"":""Allium oleraceum var. alpicola"",""score"":0.9161,""taxonomic_status"":""Synonym"",""accepted_id"":""296142"",""accepted_name_resolved"":"""",""taxon_id"":""541798""},{""source"":""WFO"",""candidate"":""Allium oleraceum var. alpicola"",""score"":0.9161,""taxonomic_status"":""Unchecked"",""accepted_id"":"""",""accepted_name_resolved"":"""",""taxon_id"":""wfo-1200013727""},{""source"":""WFO"",""candidate"":""Allium oleraceum var. canaliculatum"",""score"":0.90156,""taxonomic_status"":""Unchecked"",""accepted_id"":"""",""accepted_name_resolved"":"""",""taxon_id"":""wfo-1200013733""},{""source"":""ANTHOS"",""candidate"":""Allium oleraceum"",""score"":0.86304,""taxonomic_status"":"""",""accepted_id"":"""",""accepted_name_resolved"":"""",""taxon_id"":""FUND. BIODIVERSIDAD:ANTHOS:35283""}]",False,False,2026-08-19T17:37:55.232909+00:00
92,AMARYLLIDACEAE,Allium schoenoprassum,NO_API_TAXON,NO_RESPONSE_ALL_THREE,STRONG_SPELLING_OR_NOMENCLATURAL_CANDIDATE,Allium schoenoprasum,3,allium schoenoprassum,,,,,"[{""source"":""ANTHOS"",""candidate"":""Allium schoenoprasum"",""score"":0.96865,""taxonomic_status"":"""",""accepted_id"":"""",""accepted_name_resolved"":"""",""taxon_id"":""FUND. BIODIVERSIDAD:ANTHOS:35391""},{""source"":""POWO_WCVP"",""candidate"":""Allium schoenoprasum"",""score"":0.96865,""taxonomic_status"":""Accepted"",""accepted_id"":""296525"",""accepted_name_resolved"":""Allium schoenoprasum"",""taxon_id"":""296525""},{""source"":""WFO"",""candidate"":""Allium schoenoprasum"",""score"":0.96865,""taxonomic_status"":""Accepted"",""accepted_id"":"""",""accepted_name_resolved"":"""",""taxon_id"":""wfo-0000757278""},{""source"":""POWO_WCVP"",""candidate"":""Allium schoenoprasum f. foliosum"",""score"":0.89309,""taxonomic_status"":""Illegitimate"",""accepted_id"":""296525"",""accepted_name_resolved"":""Allium schoenoprasum"",""taxon_id"":""3294499""},{""source"":""POWO_WCVP"",""candidate"":""Allium schoenoprasum f. pumilum"",""score"":0.88257,""taxonomic_status"":""Synonym"",""accepted_id"":""296525"",""accepted_name_resolved"":""Allium schoenoprasum"",""taxon_id"":""499076""},{""source"":""POWO_WCVP"",""candidate"":""Allium schoenoprasum var. foliosum"",""score"":0.87963,""taxonomic_status"":""Illegitimate"",""accepted_id"":""296525"",""accepted_name_resolved"":""Allium schoenoprasum"",""taxon_id"":""519654""},{""source"":""WFO"",""candidate"":""Allium schoenoprasum var. foliosum"",""score"":0.87963,""taxonomic_status"":""Synonym"",""accepted_id"":""wfo-0000757278"",""accepted_name_resolved"":""Allium schoenoprasum"",""taxon_id"":""wfo-0000757284""},{""source"":""POWO_WCVP"",""candidate"":""Allium schoenoprasum f. vegetior"",""score"":0.87578,""taxonomic_status"":""Synonym"",""accepted_id"":""296525"",""accepted_name_resolved"":""Allium schoenoprasum"",""taxon_id"":""550529""},{""source"":""WFO"",""candidate"":""Allium schoenoprasum var. bellum"",""score"":0.87578,""taxonomic_status"":""Synonym"",""accepted_id"":""wfo-0000756711"",""accepted_name_resolved"":""Allium maximowiczii"",""taxon_id"":""wfo-0000839879""},{""source"":""WFO"",""candidate"":""Allium schoenoprasum subsp. alpinum"",""score"":0.87327,""taxonomic_status"":""Synonym"",""accepted_id"":""wfo-0000757278"",""accepted_name_resolved"":""Allium schoenoprasum"",""taxon_id"":""wfo-0000772168""},{""source"":""WFO"",""candidate"":""Allium schoenoprasum subsp. pumilum"",""score"":0.87327,""taxonomic_status"":""Synonym"",""accepted_id"":""wfo-0000757278"",""accepted_name_resolved"":""Allium schoenoprasum"",""taxon_id"":""wfo-0000811458""}]",False,False,2026-08-19T17:37:55.233035+00:00
126,AMARANTHACEAE,Amaranthus powelli,NO_API_TAXON,NO_RESPONSE_ALL_THREE,STRONG_SPELLING_OR_NOMENCLATURAL_CANDIDATE,Amaranthus powellii,3,amaranthus powelli,,,,,"[{""source"":""ANTHOS"",""candidate"":""Amaranthus powellii"",""score"":0.95117,""taxonomic_status"":"""",""accepted_id"":"""",""accepted_name_resolved"":"""",""taxon_id"":""FUND. BIODIVERSIDAD:ANTHOS:20924""},{""source"":""POWO_WCVP"",""candidate"":""Amaranthus powellii"",""score"":0.95117,""taxonomic_status"":""Accepted"",""accepted_id"":""2633044"",""accepted_name_resolved"":""Amaranthus powellii"",""taxon_id"":""2633044""},{""source"":""WFO"",""candidate"":""Amaranthus powellii"",""score"":0.95117,""taxonomic_status"":""Accepted"",""accepted_id"":"""",""accepted_name_resolved"":"""",""taxon_id"":""wfo-0000530428""}]",False,False,2026-08-19T17:37:55.233140+00:00
240,ASPHODELACEAE,Asphodelus serotinum,NO_API_TAXON,NO_RESPONSE_ALL_THREE,STRONG_SPELLING_OR_NOMENCLATURAL_CANDIDATE,Asphodelus serotinus,3,asphodelus serotinum,,,,,"[{""source"":""ANTHOS"",""candidate"":""Asphodelus serotinus"",""score"":0.91639,""taxonomic_status"":"""",""accepted_id"":"""",""accepted_name_resolved"":"""",""taxon_id"":""FUND. BIODIVERSIDAD:ANTHOS:1124357""},{""source"":""POWO_WCVP"",""candidate"":""Asphodelus serotinus"",""score"":0.91639,""taxonomic_status"":""Synonym"",""accepted_id"":""275396"",""accepted_name_resolved"":""Asphodeline liburnica"",""taxon_id"":""275605""},{""source"":""WFO"",""candidate"":""Asphodelus serotinus"",""score"":0.91639,""taxonomic_status"":""Synonym"",""accepted_id"":""wfo-0000635855"",""accepted_name_resolved"":"""",""taxon_id"":""wfo-0000637134""}]",False,False,2026-08-19T17:37:55.233222+00:00
257,ASPLENIACEAE,Asplenium x alternifolium,UNPARSABLE_NAME,NO_RESPONSE_ALL_THREE,STRONG_SPELLING_OR_NOMENCLATURAL_CANDIDATE,Asplenium alternifolium,2,,,,,,"[{""source"":""POWO_WCVP"",""candidate"":""Asplenium alternifolium"",""score"":0.98125,""taxonomic_status"":""Accepted"",""accepted_id"":""3147750"",""accepted_name_resolved"":""Asplenium alternifolium"",""taxon_id"":""3147750""},{""source"":""WFO"",""candidate"":""Asplenium alternifolium"",""score"":0.98125,""taxonomic_status"":""Accepted"",""accepted_id"":"""",""accepted_name_resolved"":"""",""taxon_id"":""wfo-0001115839""},{""source"":""WFO"",""candidate"":""Asplenium alternifolium subsp. heufleri"",""score"":0.87857,""taxonomic_status"":""Synonym"",""accepted_id"":""wfo-0000155992"",""accepted_name_resolved"":""Asplenium heufleri"",""taxon_id"":""wfo-0001404376""},{""source"":""WFO"",""candidate"":""Asplenium alternifolium subsp. ponticum"",""score"":0.87857,""taxonomic_status"":""Accepted"",""accepted_id"":"""",""accepted_name_resolved"":"""",""taxon_id"":""wfo-1200008078""},{""source"":""POWO_WCVP"",""candidate"":""Asplenium alternifolium var. oblongifolium"",""score"":0.86364,""taxonomic_status"":""Synonym"",""accepted_id"":""3150051"",""accepted_name_resolved"":""Diplazium oblongifolium"",""taxon_id"":""3174713""},{""source"":""WFO"",""candidate"":""Asplenium alternifolium var. oblongifolium"",""score"":0.86364,""taxonomic_status"":""Synonym"",""accepted_id"":""wfo-0000154599"",""accepted_name_resolved"":"""",""taxon_id"":""wfo-0001375048""},{""source"":""POWO_WCVP"",""candidate"":""Asplenium alternifolium nothosubsp. heufleri"",""score"":0.85441,""taxonomic_status"":""Synonym"",""accepted_id"":""3167737"",""accepted_name_resolved"":""Asplenium heufleri"",""taxon_id"":""3147752""},{""source"":""POWO_WCVP"",""candidate"":""Asplenium alternifolium nothosubsp. ponticum"",""score"":0.85441,""taxonomic_status"":""Accepted"",""accepted_id"":""3292821"",""accepted_name_resolved"":""Asplenium alternifolium nothosubsp. ponticum"",""taxon_id"":""3292821""},{""source"":""WFO"",""candidate"":""Asplenium alternifolium subsp. alternifolium"",""score"":0.85441,""taxonomic_status"":""Accepted"",""accepted_id"":"""",""accepted_name_resolved"":"""",""taxon_id"":""wfo-0001427658""},{""source"":""POWO_WCVP"",""candidate"":""Asplenium tenuifolium"",""score"":0.84964,""taxonomic_status"":""Accepted"",""accepted_id"":""3147708"",""accepted_name_resolved"":""Asplenium tenuifolium"",""taxon_id"":""3147708""}]",False,False,2026-08-19T17:37:55.233341+00:00
258,ASPLENIACEAE,Asplenium x sarniense,UNPARSABLE_NAME,NO_RESPONSE_ALL_THREE,STRONG_SPELLING_OR_NOMENCLATURAL_CANDIDATE,Asplenium sarniense,2,,,,,,"[{""source"":""POWO_WCVP"",""candidate"":""Asplenium sarniense"",""score"":0.9775,""taxonomic_status"":""Accepted"",""accepted_id"":""3147911"",""accepted_name_resolved"":""Asplenium sarniense"",""taxon_id"":""3147911""},{""source"":""WFO"",""candidate"":""Asplenium sarniense"",""score"":0.9775,""taxonomic_status"":""Accepted"",""accepted_id"":"""",""accepted_name_resolved"":"""",""taxon_id"":""wfo-0000158835""}]",False,False,2026-08-19T17:37:55.233375+00:00
259,ASPLENIACEAE,Asplenium x souchei,UNPARSABLE_NAME,NO_RESPONSE_ALL_THREE,STRONG_SPELLING_OR_NOMENCLATURAL_CANDIDATE,Asplenium souchei,2,,,,,,"[{""source"":""POWO_WCVP"",""candidate"":""Asplenium souchei"",""score"":0.975,""taxonomic_status"":""Accepted"",""accepted_id"":""3147919"",""accepted_name_resolved"":""Asplenium souchei"",""taxon_id"":""3147919""},{""source"":""WFO"",""candidate"":""Asplenium souchei"",""score"":0.975,""taxonomic_status"":""Accepted"",""accepted_id"":"""",""accepted_name_resolved"":"""",""taxon_id"":""wfo-0001249797""}]",False,False,2026-08-19T17:37:55.233408+00:00
260,ASPLENIACEAE,Asplenium x staufferi,UNPARSABLE_NAME,NO_RESPONSE_ALL_THREE,STRONG_SPELLING_OR_NOMENCLATURAL_CANDIDATE,Asplenium staufferi,2,,,,,,"[{""source"":""POWO_WCVP"",""candidate"":""Asplenium staufferi"",""score"":0.9775,""taxonomic_status"":""Accepted"",""accepted_id"":""3197651"",""accepted_name_resolved"":""Asplenium staufferi"",""taxon_id"":""3197651""},{""source"":""WFO"",""candidate"":""Asplenium staufferi"",""score"":0.9775,""taxonomic_status"":""Accepted"",""accepted_id"":"""",""accepted_name_resolved"":"""",""taxon_id"":""wfo-0000159610""},{""source"":""WFO"",""candidate"":""Asplenium staufferi subsp. moravicum"",""score"":0.85536,""taxonomic_status"":""Synonym"",""accepted_id"":""wfo-1000075069"",""accepted_name_resolved"":""Asplenium moravicum"",""taxon_id"":""wfo-0001404380""},{""source"":""POWO_WCVP"",""candidate"":""Asplenium staufferi nothosubsp. moravicum"",""score"":0.83033,""taxonomic_status"":""Synonym"",""accepted_id"":""3322274"",""accepted_name_resolved"":""Asplenium moravicum"",""taxon_id"":""3197652""}]",False,False,2026-08-19T17:37:55.233461+00:00
261,ASPLENIACEAE,Asplenium x ticinense,UNPARSABLE_NAME,NO_RESPONSE_ALL_THREE,STRONG_SPELLING_OR_NOMENCLATURAL_CANDIDATE,Asplenium ticinense,2,,,,,,"[{""source"":""POWO_WCVP"",""candidate"":""Asplenium ticinense"",""score"":0.9775,""taxonomic_status"":""Accepted"",""accepted_id"":""3147929"",""accepted_name_resolved"":""Asplenium ticinense"",""taxon_id"":""3147929""},{""source"":""WFO"",""candidate"":""Asplenium ticinense"",""score"":0.9775,""taxonomic_status"":""Accepted"",""accepted_id"":"""",""accepted_name_resolved"":"""",""taxon_id"":""wfo-0001107225""},{""source"":""POWO_WCVP"",""candidate"":""Asplenium chinense"",""score"":0.84525,""taxonomic_status"":""Synonym"",""accepted_id"":""3149139"",""accepted_name_resolved"":""Diplazium chinense"",""taxon_id"":""3174226""},{""source"":""WFO"",""candidate"":""Asplenium chinense"",""score"":0.84525,""taxonomic_status"":""Synonym"",""accepted_id"":""wfo-0001116756"",""accepted_name_resolved"":"""",""taxon_id"":""wfo-0001115199""}]",False,False,2026-08-19T17:37:55.233508+00:00
326,BETULACEAE,Betula alba var. alba,NO_API_TAXON,NO_RESPONSE_ALL_THREE,STRONG_SPELLING_OR_NOMENCLATURAL_CANDIDATE,Betula alba var. elobata,2,betula alba,powo;wfo,,,,"[{""source"":""POWO_WCVP"",""candidate"":""Betula alba var. elobata"",""score"":0.94767,""taxonomic_status"":""Synonym"",""accepted_id"":""21557"",""accepted_name_resolved"":""Betula papyrifera"",""taxon_id"":""330275""},{""source"":""WFO"",""candidate"":""Betula alba var. elobata"",""score"":0.94767,""taxonomic_status"":""Synonym"",""accepted_id"":""wfo-0000335192"",""accepted_name_resolved"":""Betula papyrifera"",""taxon_id"":""wfo-0000791712""},{""source"":""POWO_WCVP"",""candidate"":""Betula alba var. ovata"",""score"":0.94512,""taxonomic_status"":""Synonym"",""accepted_id"":""21658"",""accepted_name_resolved"":""Betula pubescens var. pubescens"",""taxon_id"":""21111""},{""source"":""WFO"",""candidate"":""Betula alba var. ovata"",""score"":0.94512,""taxonomic_status"":""Synonym"",""accepted_id"":""wfo-0000336212"",""accepted_name_resolved"":""Betula pubescens var. pubescens"",""taxon_id"":""wfo-0000330653""},{""source"":""POWO_WCVP"",""candidate"":""Betula alba var. carelica"",""score"":0.93864,""taxonomic_status"":""Synonym"",""accepted_id"":""21596"",""accepted_name_resolved"":""Betula pendula subsp. pendula"",""taxon_id"":""21089""},{""source"":""POWO_WCVP"",""candidate"":""Betula alba var. glabrata"",""score"":0.93864,""taxonomic_status"":""Synonym"",""accepted_id"":""21658"",""accepted_name_resolved"":""Betula pubescens var. pubescens"",""taxon_id"":""21097""},{""source"":""WFO"",""candidate"":""Betula alba var. carelica"",""score"":0.93864,""taxonomic_status"":""Synonym"",""accepted_id"":""wfo-0001425841"",""accepted_name_resolved"":""Betula pendula subsp. pendula"",""taxon_id"":""wfo-0000330429""},{""source"":""WFO"",""candidate"":""Betula alba var. glabrata"",""score"":0.93864,""taxonomic_status"":""Synonym"",""accepted_id"":""wfo-0000336212"",""accepted_name_resolved"":""Betula pubescens var. pubescens"",""taxon_id"":""wfo-0000330508""},{""source"":""POWO_WCVP"",""candidate"":""Betula alba var. arbuscula"",""score"":0.93,""taxonomic_status"":""Synonym"",""accepted_id"":""21596"",""accepted_name_resolved"":""Betula pendula subsp. pendula"",""taxon_id"":""21087""},{""source"":""WFO"",""candidate"":""Betula alba var. arbuscula"",""score"":0.93,""taxonomic_status"":""Synonym"",""accepted_id"":""wfo-0001425841"",""accepted_name_resolved"":""Betula pendula subsp. pendula"",""taxon_id"":""wfo-0000330407""}]",False,False,2026-08-19T17:37:55.233644+00:00
353,OROBANCHACEAE,Bouardia latisquama,NO_API_TAXON,NO_RESPONSE_ALL_THREE,STRONG_SPELLING_OR_NOMENCLATURAL_CANDIDATE,Boulardia latisquama,2,bouardia latisquama,,,,,"[{""source"":""POWO_WCVP"",""candidate"":""Boulardia latisquama"",""score"":0.97172,""taxonomic_status"":""Synonym"",""accepted_id"":""2395858"",""accepted_name_resolved"":""Orobanche latisquama"",""taxon_id"":""2680799""},{""source"":""WFO"",""candidate"":""Boulardia latisquama"",""score"":0.97172,""taxonomic_status"":""Synonym"",""accepted_id"":""wfo-0000387904"",""accepted_name_resolved"":"""",""taxon_id"":""wfo-0000569929""}]",False,False,2026-08-19T17:37:55.233716+00:00
401,POACEAE,Calamagrostis epigeros,NO_API_TAXON,NO_RESPONSE_ALL_THREE,STRONG_SPELLING_OR_NOMENCLATURAL_CANDIDATE,Calamagrostis epigejos,3,calamagrostis epigeros,,,,,"[{""source"":""ANTHOS"",""candidate"":""Calamagrostis epigejos"",""score"":0.9108,""taxonomic_status"":"""",""accepted_id"":"""",""accepted_name_resolved"":"""",""taxon_id"":""FUND. BIODIVERSIDAD:ANTHOS:101251""},{""source"":""POWO_WCVP"",""candidate"":""Calamagrostis epigejos"",""score"":0.9108,""taxonomic_status"":""Accepted"",""accepted_id"":""402643"",""accepted_name_resolved"":""Calamagrostis epigejos"",""taxon_id"":""402643""},{""source"":""WFO"",""candidate"":""Calamagrostis epigejos"",""score"":0.9108,""taxonomic_status"":""Accepted"",""accepted_id"":"""",""accepted_name_resolved"":"""",""taxon_id"":""wfo-0000857259""},{""source"":""POWO_WCVP"",""candidate"":""Calamagrostis epigejos f. fissa"",""score"":0.84471,""taxonomic_status"":""Synonym"",""accepted_id"":""402643"",""accepted_name_resolved"":""Calamagrostis epigejos"",""taxon_id"":""402646""},{""source"":""WFO"",""candidate"":""Calamagrostis epigeios f. fissa"",""score"":0.84471,""taxonomic_status"":""Synonym"",""accepted_id"":""wfo-0000857259"",""accepted_name_resolved"":""Calamagrostis epigejos"",""taxon_id"":""wfo-0000857261""},{""source"":""WFO"",""candidate"":""Calamagrostis epigejos f. fissa"",""score"":0.84471,""taxonomic_status"":""Synonym"",""accepted_id"":""wfo-0000857259"",""accepted_name_resolved"":""Calamagrostis epigejos"",""taxon_id"":""wfo-1200033194""},{""source"":""POWO_WCVP"",""candidate"":""Calamagrostis epigejos var. umbrosa"",""score"":0.83482,""taxonomic_status"":""Synonym"",""accepted_id"":""402643"",""accepted_name_resolved"":""Calamagrostis epigejos"",""taxon_id"":""402688""},{""source"":""WFO"",""candidate"":""Calamagrostis epigeios var. umbrosa"",""score"":0.83482,""taxonomic_status"":""Synonym"",""accepted_id"":""wfo-0000857259"",""accepted_name_resolved"":""Calamagrostis epigejos"",""taxon_id"":""wfo-0000857303""},{""source"":""WFO"",""candidate"":""Calamagrostis epigejos var. umbrosa"",""score"":0.83482,""taxonomic_status"":""Synonym"",""accepted_id"":""wfo-0000857259"",""accepted_name_resolved"":""Calamagrostis epigejos"",""taxon_id"":""wfo-1200014814""},{""source"":""POWO_WCVP"",""candidate"":""Calamagrostis epigejos var. ampla"",""score"":0.83125,""taxonomic_status"":""Synonym"",""accepted_id"":""402643"",""accepted_name_resolved"":""Calamagrostis epigejos"",""taxon_id"":""402658""},{""source"":""POWO_WCVP"",""candidate"":""Calamagrostis epigejos var. fusca"",""score"":0.83125,""taxonomic_status"":""Synonym"",""accepted_id"":""402643"",""accepted_name_resolved"":""Calamagrostis epigejos"",""taxon_id"":""543625""}]",False,False,2026-08-19T17:37:55.233833+00:00
470,CYPERACEAE,Carex hallerana,NO_API_TAXON,NO_RESPONSE_ALL_THREE,STRONG_SPELLING_OR_NOMENCLATURAL_CANDIDATE,Carex halleriana,3,carex hallerana,,,,,"[{""source"":""ANTHOS"",""candidate"":""Carex halleriana"",""score"":0.95654,""taxonomic_status"":"""",""accepted_id"":"""",""accepted_name_resolved"":"""",""taxon_id"":""FUND. BIODIVERSIDAD:ANTHOS:38387""},{""source"":""POWO_WCVP"",""candidate"":""Carex halleriana"",""score"":0.95654,""taxonomic_status"":""Accepted"",""accepted_id"":""227184"",""accepted_name_resolved"":""Carex halleriana"",""taxon_id"":""227184""},{""source"":""WFO"",""candidate"":""Carex halleriana"",""score"":0.95654,""taxonomic_status"":""Accepted"",""accepted_id"":"""",""accepted_name_resolved"":"""",""taxon_id"":""wfo-0000347299""},{""source"":""POWO_WCVP"",""candidate"":""Carex haleana"",""score"":0.89911,""taxonomic_status"":""Synonym"",""accepted_id"":""227110"",""accepted_name_resolved"":""Carex granularis"",""taxon_id"":""227176""},{""source"":""WFO"",""candidate"":""Carex haleana"",""score"":0.89911,""taxonomic_status"":""Synonym"",""accepted_id"":""wfo-0000347219"",""accepted_name_resolved"":""Carex granularis"",""taxon_id"":""wfo-0000347291""},{""source"":""POWO_WCVP"",""candidate"":""Carex halliana"",""score"":0.85639,""taxonomic_status"":""Accepted"",""accepted_id"":""227193"",""accepted_name_resolved"":""Carex halliana"",""taxon_id"":""227193""},{""source"":""WFO"",""candidate"":""Carex halliana"",""score"":0.85639,""taxonomic_status"":""Accepted"",""accepted_id"":"""",""accepted_name_resolved"":"""",""taxon_id"":""wfo-0000347309""},{""source"":""POWO_WCVP"",""candidate"":""Carex halleriana f. corsica"",""score"":0.85032,""taxonomic_status"":""Synonym"",""accepted_id"":""371396"",""accepted_name_resolved"":""Carex mabilliana"",""taxon_id"":""227185""},{""source"":""WFO"",""candidate"":""Carex halleriana f. corsica"",""score"":0.85032,""taxonomic_status"":""Synonym"",""accepted_id"":""wfo-0000834206"",""accepted_name_resolved"":""Carex mabilliana"",""taxon_id"":""wfo-1200034699""},{""source"":""POWO_WCVP"",""candidate"":""Carex halleriana f. occultata"",""score"":0.83501,""taxonomic_status"":""Synonym"",""accepted_id"":""227184"",""accepted_name_resolved"":""Carex halleriana"",""taxon_id"":""227189""},{""source"":""WFO"",""candidate"":""Carex halleriana f. occultata"",""score"":0.83501,""taxonomic_status"":""Synonym"",""accepted_id"":""wfo-0000347299"",""accepted_name_resolved"":""Carex halleriana"",""taxon_id"":""wfo-0000347304""}]",False,False,2026-08-19T17:37:55.233939+00:00
514,ASTERACEAE,Centaurea bofiliana,NO_API_TAXON,NO_RESPONSE_ALL_THREE,STRONG_SPELLING_OR_NOMENCLATURAL_CANDIDATE,Centaurea bofilliana,3,centaurea bofiliana,,,,,"[{""source"":""ANTHOS"",""candidate"":""Centaurea bofilliana"",""score"":0.95951,""taxonomic_status"":"""",""accepted_id"":"""",""accepted_name_resolved"":"""",""taxon_id"":""FUND. BIODIVERSIDAD:ANTHOS:2699707""},{""source"":""POWO_WCVP"",""candidate"":""Centaurea bofilliana"",""score"":0.95951,""taxonomic_status"":""Accepted"",""accepted_id"":""3047505"",""accepted_name_resolved"":""Centaurea bofilliana"",""taxon_id"":""3047505""},{""source"":""WFO"",""candidate"":""Centaurea bofilliana"",""score"":0.95951,""taxonomic_status"":""Accepted"",""accepted_id"":"""",""accepted_name_resolved"":"""",""taxon_id"":""wfo-0001335680""}]",False,False,2026-08-19T17:37:55.233977+00:00
534,ASTERACEAE,Centaurea x zubiae,UNPARSABLE_NAME,NO_RESPONSE_ALL_THREE,STRONG_SPELLING_OR_NOMENCLATURAL_CANDIDATE,Centaurea zubiae,2,,,,,,"[{""source"":""POWO_WCVP"",""candidate"":""Centaurea zubiae"",""score"":0.97353,""taxonomic_status"":""Accepted"",""accepted_id"":""3199606"",""accepted_name_resolved"":""Centaurea zubiae"",""taxon_id"":""3199606""},{""source"":""WFO"",""candidate"":""Centaurea zubiae"",""score"":0.97353,""taxonomic_status"":""Accepted"",""accepted_id"":"""",""accepted_name_resolved"":"""",""taxon_id"":""wfo-0000117963""},{""source"":""POWO_WCVP"",""candidate"":""Centaurea zubiae var. somedana"",""score"":0.85638,""taxonomic_status"":""Synonym"",""accepted_id"":""3199606"",""accepted_name_resolved"":""Centaurea zubiae"",""taxon_id"":""3220445""}]",False,False,2026-08-19T17:37:55.234019+00:00
541,CAPRIFOLIACEAE,Centranthus calcitrape,NO_API_TAXON,NO_RESPONSE_ALL_THREE,STRONG_SPELLING_OR_NOMENCLATURAL_CANDIDATE,Centranthus calcitrapae,3,centranthus calcitrape,,,,,"[{""source"":""ANTHOS"",""candidate"":""Centranthus calcitrapae"",""score"":0.96381,""taxonomic_status"":"""",""accepted_id"":"""",""accepted_name_resolved"":"""",""taxon_id"":""FUND. BIODIVERSIDAD:ANTHOS:32229""},{""source"":""POWO_WCVP"",""candidate"":""Centranthus calcitrapae"",""score"":0.96381,""taxonomic_status"":""Synonym"",""accepted_id"":""2462377"",""accepted_name_resolved"":""Valeriana calcitrapae"",""taxon_id"":""2709006""},{""source"":""WFO"",""candidate"":""Centranthus calcitrapae"",""score"":0.96381,""taxonomic_status"":""Synonym"",""accepted_id"":""wfo-0000425385"",""accepted_name_resolved"":"""",""taxon_id"":""wfo-0000594286""},{""source"":""WFO"",""candidate"":""Kentranthus calcitrapa"",""score"":0.90591,""taxonomic_status"":""Unchecked"",""accepted_id"":"""",""accepted_name_resolved"":"""",""taxon_id"":""wfo-0000357158""},{""source"":""POWO_WCVP"",""candidate"":""Centranthus calcitrapae f. albus"",""score"":0.89739,""taxonomic_status"":""Synonym"",""accepted_id"":""2462377"",""accepted_name_resolved"":""Valeriana calcitrapae"",""taxon_id"":""3278381""},{""source"":""POWO_WCVP"",""candidate"":""Centranthus calcitrapae f. roseus"",""score"":0.89048,""taxonomic_status"":""Invalid"",""accepted_id"":""2462377"",""accepted_name_resolved"":""Valeriana calcitrapae"",""taxon_id"":""3278392""},{""source"":""POWO_WCVP"",""candidate"":""Centranthus calcitrapae var. pumila"",""score"":0.87738,""taxonomic_status"":""Synonym"",""accepted_id"":""2462377"",""accepted_name_resolved"":""Valeriana calcitrapae"",""taxon_id"":""2927268""},{""source"":""POWO_WCVP"",""candidate"":""Centranthus calcitrapae f. latilobus"",""score"":0.87118,""taxonomic_status"":""Synonym"",""accepted_id"":""2462377"",""accepted_name_resolved"":""Valeriana calcitrapae"",""taxon_id"":""3278387""},{""source"":""WFO"",""candidate"":""Centranthus calcitrapae var. trichocarpus"",""score"":0.84316,""taxonomic_status"":""Unchecked"",""accepted_id"":"""",""accepted_name_resolved"":"""",""taxon_id"":""wfo-0001401709""},{""source"":""WFO"",""candidate"":""Centranthus calcitrapae subsp. calcitrapae"",""score"":0.8381,""taxonomic_status"":""Unchecked"",""accepted_id"":"""",""accepted_name_resolved"":"""",""taxon_id"":""wfo-1200107877""},{""source"":""WFO"",""candidate"":""Centranthus calcitrapae subsp. gutierrezii"",""score"":0.8381,""taxonomic_status"":""Synonym"",""accepted_id"":""wfo-0000425385"",""accepted_name_resolved"":"""",""taxon_id"":""wfo-0000594288""}]",False,False,2026-08-19T17:37:55.234147+00:00
579,ASTERACEAE,Chamaemelaum nobile,NO_API_TAXON,NO_RESPONSE_ALL_THREE,STRONG_SPELLING_OR_NOMENCLATURAL_CANDIDATE,Chamaemelum nobile,3,chamaemelaum nobile,,,,,"[{""source"":""ANTHOS"",""candidate"":""Chamaemelum nobile"",""score"":0.97667,""taxonomic_status"":"""",""accepted_id"":"""",""accepted_name_resolved"":"""",""taxon_id"":""FUND. BIODIVERSIDAD:ANTHOS:1124751""},{""source"":""POWO_WCVP"",""candidate"":""Chamaemelum nobile"",""score"":0.97667,""taxonomic_status"":""Accepted"",""accepted_id"":""2906828"",""accepted_name_resolved"":""Chamaemelum nobile"",""taxon_id"":""2906828""},{""source"":""WFO"",""candidate"":""Chamaemelum nobile"",""score"":0.97667,""taxonomic_status"":""Accepted"",""accepted_id"":"""",""accepted_name_resolved"":"""",""taxon_id"":""wfo-0000014359""},{""source"":""POWO_WCVP"",""candidate"":""Chamaemelum nobile f. nudum"",""score"":0.92478,""taxonomic_status"":""Synonym"",""accepted_id"":""2906828"",""accepted_name_resolved"":""Chamaemelum nobile"",""taxon_id"":""3112348""},{""source"":""WFO"",""candidate"":""Chamaemelum nobile f. nudum"",""score"":0.92478,""taxonomic_status"":""Unchecked"",""accepted_id"":"""",""accepted_name_resolved"":"""",""taxon_id"":""wfo-0001322206""},{""source"":""WFO"",""candidate"":""Chamaemelum nobile f. nobile"",""score"":0.91957,""taxonomic_status"":""Synonym"",""accepted_id"":""wfo-0000014359"",""accepted_name_resolved"":""Chamaemelum nobile"",""taxon_id"":""wfo-0000056586""},{""source"":""POWO_WCVP"",""candidate"":""Chamaemelum nobile var. nudum"",""score"":0.91457,""taxonomic_status"":""Synonym"",""accepted_id"":""2906828"",""accepted_name_resolved"":""Chamaemelum nobile"",""taxon_id"":""3112350""},{""source"":""WFO"",""candidate"":""Chamaemelum nobile var. nudum"",""score"":0.91457,""taxonomic_status"":""Unchecked"",""accepted_id"":"""",""accepted_name_resolved"":"""",""taxon_id"":""wfo-0001382911""},{""source"":""POWO_WCVP"",""candidate"":""Chamaemelum nobile var. aureum"",""score"":0.90978,""taxonomic_status"":""Invalid"",""accepted_id"":""2906828"",""accepted_name_resolved"":""Chamaemelum nobile"",""taxon_id"":""2906893""},{""source"":""WFO"",""candidate"":""Chamaemelum nobile var. aureum"",""score"":0.90978,""taxonomic_status"":""Synonym"",""accepted_id"":""wfo-0000014359"",""accepted_name_resolved"":""Chamaemelum nobile"",""taxon_id"":""wfo-0001370355""},{""source"":""POWO_WCVP"",""candidate"":""Chamaemelum nobile f. discoideum"",""score"":0.90078,""taxonomic_status"":""Synonym"",""accepted_id"":""2906828"",""accepted_name_resolved"":""Chamaemelum nobile"",""taxon_id"":""2906885""}]",False,False,2026-08-19T17:37:55.234265+00:00
630,CISTACEAE,Cistus salvifolius,NO_API_TAXON,NO_RESPONSE_ALL_THREE,STRONG_SPELLING_OR_NOMENCLATURAL_CANDIDATE,Cistus salviifolius,3,cistus salvifolius,,,,,"[{""source"":""ANTHOS"",""candidate"":""Cistus salviifolius"",""score"":0.96392,""taxonomic_status"":"""",""accepted_id"":"""",""accepted_name_resolved"":"""",""taxon_id"":""FUND. BIODIVERSIDAD:ANTHOS:8879""},{""source"":""POWO_WCVP"",""candidate"":""Cistus salviifolius"",""score"":0.96392,""taxonomic_status"":""Accepted"",""accepted_id"":""2723633"",""accepted_name_resolved"":""Cistus salviifolius"",""taxon_id"":""2723633""},{""source"":""WFO"",""candidate"":""Cistus salviifolius"",""score"":0.96392,""taxonomic_status"":""Accepted"",""accepted_id"":"""",""accepted_name_resolved"":"""",""taxon_id"":""wfo-0000607577""},{""source"":""POWO_WCVP"",""candidate"":""Cistus salicifolius"",""score"":0.89177,""taxonomic_status"":""Synonym"",""accepted_id"":""2842750"",""accepted_name_resolved"":""Helianthemum salicifolium"",""taxon_id"":""2723631""},{""source"":""WFO"",""candidate"":""Cistus salicifolius"",""score"":0.89177,""taxonomic_status"":""Synonym"",""accepted_id"":""wfo-0000717719"",""accepted_name_resolved"":"""",""taxon_id"":""wfo-0000607575""},{""source"":""POWO_WCVP"",""candidate"":""Cistus salviifolius f. cymosus"",""score"":0.87077,""taxonomic_status"":""Synonym"",""accepted_id"":""2723633"",""accepted_name_resolved"":""Cistus salviifolius"",""taxon_id"":""2723636""},{""source"":""WFO"",""candidate"":""Cistus salviifolius f. cymosus"",""score"":0.87077,""taxonomic_status"":""Synonym"",""accepted_id"":""wfo-0000607577"",""accepted_name_resolved"":""Cistus salviifolius"",""taxon_id"":""wfo-1200071521""},{""source"":""POWO_WCVP"",""candidate"":""Cistus salviifolius f. biflorus"",""score"":0.86359,""taxonomic_status"":""Synonym"",""accepted_id"":""2723633"",""accepted_name_resolved"":""Cistus salviifolius"",""taxon_id"":""2723634""},{""source"":""POWO_WCVP"",""candidate"":""Cistus salviifolius var. rierae"",""score"":0.86359,""taxonomic_status"":""Synonym"",""accepted_id"":""2723633"",""accepted_name_resolved"":""Cistus salviifolius"",""taxon_id"":""2908768""},{""source"":""WFO"",""candidate"":""Cistus salviifolius f. biflorus"",""score"":0.86359,""taxonomic_status"":""Synonym"",""accepted_id"":""wfo-0000607577"",""accepted_name_resolved"":""Cistus salviifolius"",""taxon_id"":""wfo-1200071519""},{""source"":""WFO"",""candidate"":""Cistus salviifolius var. repens"",""score"":0.86359,""taxonomic_status"":""Unchecked"",""accepted_id"":"""",""accepted_name_resolved"":"""",""taxon_id"":""wfo-1200118667""}]",False,False,2026-08-19T17:37:55.234376+00:00
809,DRYOPTERIDACEAE,Dryopteris affinis var. borreri,NO_EXACT_MATCH,NO_RESPONSE_ALL_THREE,STRONG_SPELLING_OR_NOMENCLATURAL_CANDIDATE,Dryopteris affinis subsp. borreri,3,dryopteris affinis,powo;wfo;anthos,,,,"[{""source"":""POWO_WCVP"",""candidate"":""Dryopteris affinis f. borreri"",""score"":0.96897,""taxonomic_status"":""Synonym"",""accepted_id"":""3176491"",""accepted_name_resolved"":""Dryopteris affinis subsp. borreri"",""taxon_id"":""3324748""},{""source"":""ANTHOS"",""candidate"":""Dryopteris affinis subsp. borreri"",""score"":0.94194,""taxonomic_status"":"""",""accepted_id"":"""",""accepted_name_resolved"":"""",""taxon_id"":""FUND. BIODIVERSIDAD:ANTHOS:19681""},{""source"":""POWO_WCVP"",""candidate"":""Dryopteris affinis subsp. borreri"",""score"":0.94194,""taxonomic_status"":""Accepted"",""accepted_id"":""3176491"",""accepted_name_resolved"":""Dryopteris affinis subsp. borreri"",""taxon_id"":""3176491""},{""source"":""WFO"",""candidate"":""Dryopteris affinis subsp. borreri"",""score"":0.94194,""taxonomic_status"":""Synonym"",""accepted_id"":""wfo-0001115756"",""accepted_name_resolved"":""Dryopteris borreri"",""taxon_id"":""wfo-0001359240""},{""source"":""POWO_WCVP"",""candidate"":""Dryopteris affinis var. azorica"",""score"":0.94,""taxonomic_status"":""Synonym"",""accepted_id"":""3325402"",""accepted_name_resolved"":""Dryopteris affinis f. azorica"",""taxon_id"":""3150583""},{""source"":""WFO"",""candidate"":""Dryopteris affinis var. azorica"",""score"":0.94,""taxonomic_status"":""Accepted"",""accepted_id"":"""",""accepted_name_resolved"":"""",""taxon_id"":""wfo-0001375308""},{""source"":""POWO_WCVP"",""candidate"":""Dryopteris affinis var. kerryensis"",""score"":0.93571,""taxonomic_status"":""Accepted"",""accepted_id"":""3176413"",""accepted_name_resolved"":""Dryopteris affinis var. kerryensis"",""taxon_id"":""3176413""},{""source"":""WFO"",""candidate"":""Dryopteris affinis var. kerryensis"",""score"":0.93571,""taxonomic_status"":""Synonym"",""accepted_id"":""wfo-0001361099"",""accepted_name_resolved"":""Dryopteris affinis subsp. kerryensis"",""taxon_id"":""wfo-0001383095""},{""source"":""POWO_WCVP"",""candidate"":""Dryopteris affinis var. insubrica"",""score"":0.92742,""taxonomic_status"":""Accepted"",""accepted_id"":""3176505"",""accepted_name_resolved"":""Dryopteris affinis var. insubrica"",""taxon_id"":""3176505""},{""source"":""WFO"",""candidate"":""Dryopteris affinis var. insubrica"",""score"":0.92742,""taxonomic_status"":""Synonym"",""accepted_id"":""wfo-0001361106"",""accepted_name_resolved"":""Dryopteris cambrensis subsp. insubrica"",""taxon_id"":""wfo-0001383102""},{""source"":""WFO"",""candidate"":""Dryopteris affinis var. cristata"",""score"":0.91885,""taxonomic_status"":""Synonym"",""accepted_id"":""wfo-0001115756"",""accepted_name_resolved"":""Dryopteris borreri"",""taxon_id"":""wfo-1200008169""},{""source"":""ANTHOS"",""candidate"":""Dryopteris affinis"",""score"":0.8875,""taxonomic_status"":"""",""accepted_id"":"""",""accepted_name_resolved"":"""",""taxon_id"":""FUND. BIODIVERSIDAD:ANTHOS:82494""}]",False,False,2026-08-19T17:37:55.234531+00:00
820,DRYOPTERIDACEAE,Dryopteris x ambroseae,UNPARSABLE_NAME,NO_RESPONSE_ALL_THREE,STRONG_SPELLING_OR_NOMENCLATURAL_CANDIDATE,Dryopteris ambroseae,2,,,,,,"[{""source"":""POWO_WCVP"",""candidate"":""Dryopteris ambroseae"",""score"":0.97857,""taxonomic_status"":""Accepted"",""accepted_id"":""3150931"",""accepted_name_resolved"":""Dryopteris ambroseae"",""taxon_id"":""3150931""},{""source"":""WFO"",""candidate"":""Dryopteris ambroseae"",""score"":0.97857,""taxonomic_status"":""Accepted"",""accepted_id"":"""",""accepted_name_resolved"":"""",""taxon_id"":""wfo-0000142614""}]",False,False,2026-08-19T17:37:55.234567+00:00
821,DRYOPTERIDACEAE,Dryopteris x mantoniae,UNPARSABLE_NAME,NO_RESPONSE_ALL_THREE,STRONG_SPELLING_OR_NOMENCLATURAL_CANDIDATE,Dryopteris mantoniae,2,,,,,,"[{""source"":""POWO_WCVP"",""candidate"":""Dryopteris mantoniae"",""score"":0.97857,""taxonomic_status"":""Accepted"",""accepted_id"":""3151061"",""accepted_name_resolved"":""Dryopteris mantoniae"",""taxon_id"":""3151061""},{""source"":""WFO"",""candidate"":""Dryopteris mantoniae"",""score"":0.97857,""taxonomic_status"":""Accepted"",""accepted_id"":"""",""accepted_name_resolved"":"""",""taxon_id"":""wfo-0001115828""}]",False,False,2026-08-19T17:37:55.234597+00:00
834,CYPERACEAE,Eleocharis palustris subsp. walterssii,NO_EXACT_MATCH,NO_RESPONSE_ALL_THREE,STRONG_SPELLING_OR_NOMENCLATURAL_CANDIDATE,Eleocharis palustris subsp. palustris,3,eleocharis palustris,powo;wfo;anthos,,,,"[{""source"":""POWO_WCVP"",""candidate"":""Eleocharis palustris subsp. waltersii"",""score"":0.99384,""taxonomic_status"":""Accepted"",""accepted_id"":""372738"",""accepted_name_resolved"":""Eleocharis palustris subsp. waltersii"",""taxon_id"":""372738""},{""source"":""WFO"",""candidate"":""Eleocharis palustris subsp. waltersii"",""score"":0.99384,""taxonomic_status"":""Accepted"",""accepted_id"":"""",""accepted_name_resolved"":"""",""taxon_id"":""wfo-0000835504""},{""source"":""ANTHOS"",""candidate"":""Eleocharis palustris subsp. palustris"",""score"":0.94452,""taxonomic_status"":"""",""accepted_id"":"""",""accepted_name_resolved"":"""",""taxon_id"":""FUND. BIODIVERSIDAD:ANTHOS:56111""},{""source"":""POWO_WCVP"",""candidate"":""Eleocharis palustris subsp. intersita"",""score"":0.94452,""taxonomic_status"":""Synonym"",""accepted_id"":""242751"",""accepted_name_resolved"":""Eleocharis palustris subsp. palustris"",""taxon_id"":""242743""},{""source"":""POWO_WCVP"",""candidate"":""Eleocharis palustris subsp. palustris"",""score"":0.94452,""taxonomic_status"":""Accepted"",""accepted_id"":""242751"",""accepted_name_resolved"":""Eleocharis palustris subsp. palustris"",""taxon_id"":""242751""},{""source"":""WFO"",""candidate"":""Eleocharis palustris subsp. intersita"",""score"":0.94452,""taxonomic_status"":""Synonym"",""accepted_id"":""wfo-0000405640"",""accepted_name_resolved"":""Eleocharis palustris subsp. palustris"",""taxon_id"":""wfo-0000405613""},{""source"":""WFO"",""candidate"":""Eleocharis palustris subsp. palustris"",""score"":0.94452,""taxonomic_status"":""Accepted"",""accepted_id"":"""",""accepted_name_resolved"":"""",""taxon_id"":""wfo-0000405640""},{""source"":""POWO_WCVP"",""candidate"":""Eleocharis palustris subsp. lindbergii"",""score"":0.93919,""taxonomic_status"":""Synonym"",""accepted_id"":""242751"",""accepted_name_resolved"":""Eleocharis palustris subsp. palustris"",""taxon_id"":""242747""},{""source"":""WFO"",""candidate"":""Eleocharis palustris subsp. lindbergii"",""score"":0.93919,""taxonomic_status"":""Synonym"",""accepted_id"":""wfo-0000405640"",""accepted_name_resolved"":""Eleocharis palustris subsp. palustris"",""taxon_id"":""wfo-0000405620""},{""source"":""POWO_WCVP"",""candidate"":""Eleocharis palustris subsp. austriaca"",""score"":0.93219,""taxonomic_status"":""Synonym"",""accepted_id"":""242625"",""accepted_name_resolved"":""Eleocharis mamillata subsp. austriaca"",""taxon_id"":""242740""},{""source"":""WFO"",""candidate"":""Eleocharis palustris subsp. austriaca"",""score"":0.93219,""taxonomic_status"":""Synonym"",""accepted_id"":""wfo-0001302071"",""accepted_name_resolved"":""Eleocharis mamillata subsp. austriaca"",""taxon_id"":""wfo-0000405603""},{""source"":""ANTHOS"",""candidate"":""Eleocharis palustris subsp. vulgaris"",""score"":0.925,""taxonomic_status"":"""",""accepted_id"":"""",""accepted_name_resolved"":"""",""taxon_id"":""FUND. BIODIVERSIDAD:ANTHOS:84031""}]",False,False,2026-08-19T17:37:55.234736+00:00
871,ORCHIDACEAE,Epipactis phyllantes,NO_API_TAXON,NO_RESPONSE_ALL_THREE,STRONG_SPELLING_OR_NOMENCLATURAL_CANDIDATE,Epipactis phyllanthes,3,epipactis phyllantes,,,,,"[{""source"":""ANTHOS"",""candidate"":""Epipactis phyllanthes"",""score"":0.96283,""taxonomic_status"":"""",""accepted_id"":"""",""accepted_name_resolved"":"""",""taxon_id"":""FUND. BIODIVERSIDAD:ANTHOS:1165031""},{""source"":""POWO_WCVP"",""candidate"":""Epipactis phyllanthes"",""score"":0.96283,""taxonomic_status"":""Accepted"",""accepted_id"":""70322"",""accepted_name_resolved"":""Epipactis phyllanthes"",""taxon_id"":""70322""},{""source"":""WFO"",""candidate"":""Epipactis phyllanthes"",""score"":0.96283,""taxonomic_status"":""Accepted"",""accepted_id"":"""",""accepted_name_resolved"":"""",""taxon_id"":""wfo-0000952209""},{""source"":""WFO"",""candidate"":""Epipactis phyllanthus"",""score"":0.8885,""taxonomic_status"":""Unchecked"",""accepted_id"":"""",""accepted_name_resolved"":"""",""taxon_id"":""wfo-0001223169""},{""source"":""POWO_WCVP"",""candidate"":""Epipactis phyllanthes var. pendula"",""score"":0.86343,""taxonomic_status"":""Synonym"",""accepted_id"":""70322"",""accepted_name_resolved"":""Epipactis phyllanthes"",""taxon_id"":""70328""},{""source"":""WFO"",""candidate"":""Epipactis phyllanthes var. pendula"",""score"":0.86343,""taxonomic_status"":""Synonym"",""accepted_id"":""wfo-0000952209"",""accepted_name_resolved"":""Epipactis phyllanthes"",""taxon_id"":""wfo-0000952214""},{""source"":""POWO_WCVP"",""candidate"":""Epipactis phyllanthes var. degenera"",""score"":0.85714,""taxonomic_status"":""Synonym"",""accepted_id"":""70322"",""accepted_name_resolved"":""Epipactis phyllanthes"",""taxon_id"":""70325""},{""source"":""WFO"",""candidate"":""Epipactis phyllanthes var. degenera"",""score"":0.85714,""taxonomic_status"":""Synonym"",""accepted_id"":""wfo-0000952209"",""accepted_name_resolved"":""Epipactis phyllanthes"",""taxon_id"":""wfo-0000952212""},{""source"":""POWO_WCVP"",""candidate"":""Epipactis phyllanthes subsp. confusa"",""score"":0.85108,""taxonomic_status"":""Synonym"",""accepted_id"":""70322"",""accepted_name_resolved"":""Epipactis phyllanthes"",""taxon_id"":""70324""},{""source"":""POWO_WCVP"",""candidate"":""Epipactis phyllanthes subsp. pendula"",""score"":0.85108,""taxonomic_status"":""Synonym"",""accepted_id"":""70322"",""accepted_name_resolved"":""Epipactis phyllanthes"",""taxon_id"":""372705""},{""source"":""WFO"",""candidate"":""Epipactis phyllanthes subsp. confusa"",""score"":0.85108,""taxonomic_status"":""Synonym"",""accepted_id"":""wfo-0000952209"",""accepted_name_resolved"":""Epipactis phyllanthes"",""taxon_id"":""wfo-0000952211""}]",False,False,2026-08-19T17:37:55.234852+00:00
881,EQUISETACEAE,Equisetum x litorale,UNPARSABLE_NAME,NO_RESPONSE_ALL_THREE,STRONG_SPELLING_OR_NOMENCLATURAL_CANDIDATE,Equisetum litorale,2,,,,,,"[{""source"":""POWO_WCVP"",""candidate"":""Equisetum litorale"",""score"":0.97632,""taxonomic_status"":""Accepted"",""accepted_id"":""3137150"",""accepted_name_resolved"":""Equisetum litorale"",""taxon_id"":""3137150""},{""source"":""WFO"",""candidate"":""Equisetum litorale"",""score"":0.97632,""taxonomic_status"":""Accepted"",""accepted_id"":"""",""accepted_name_resolved"":"""",""taxon_id"":""wfo-0001111850""},{""source"":""POWO_WCVP"",""candidate"":""Equisetum litorale f. formosum"",""score"":0.88061,""taxonomic_status"":""Synonym"",""accepted_id"":""3137150"",""accepted_name_resolved"":""Equisetum litorale"",""taxon_id"":""3137402""},{""source"":""POWO_WCVP"",""candidate"":""Equisetum litorale var. humile"",""score"":0.88061,""taxonomic_status"":""Synonym"",""accepted_id"":""3137150"",""accepted_name_resolved"":""Equisetum litorale"",""taxon_id"":""3269976""},{""source"":""WFO"",""candidate"":""Equisetum litorale f. formosum"",""score"":0.88061,""taxonomic_status"":""Synonym"",""accepted_id"":""wfo-0001111850"",""accepted_name_resolved"":""Equisetum litorale"",""taxon_id"":""wfo-0001323235""},{""source"":""WFO"",""candidate"":""Equisetum litorale var. humile"",""score"":0.88061,""taxonomic_status"":""Synonym"",""accepted_id"":""wfo-0001111850"",""accepted_name_resolved"":""Equisetum litorale"",""taxon_id"":""wfo-1200106610""},{""source"":""POWO_WCVP"",""candidate"":""Equisetum litorale var. comosum"",""score"":0.874,""taxonomic_status"":""Synonym"",""accepted_id"":""3137150"",""accepted_name_resolved"":""Equisetum litorale"",""taxon_id"":""3269982""},{""source"":""POWO_WCVP"",""candidate"":""Equisetum litorale var. gracile"",""score"":0.874,""taxonomic_status"":""Synonym"",""accepted_id"":""3137150"",""accepted_name_resolved"":""Equisetum litorale"",""taxon_id"":""3269977""},{""source"":""WFO"",""candidate"":""Equisetum litorale var. comosum"",""score"":0.874,""taxonomic_status"":""Synonym"",""accepted_id"":""wfo-0001111850"",""accepted_name_resolved"":""Equisetum litorale"",""taxon_id"":""wfo-1200106606""},{""source"":""WFO"",""candidate"":""Equisetum litorale var. gracile"",""score"":0.874,""taxonomic_status"":""Synonym"",""accepted_id"":""wfo-0001111850"",""accepted_name_resolved"":""Equisetum litorale"",""taxon_id"":""wfo-1200106609""}]",False,False,2026-08-19T17:37:55.234959+00:00
882,EQUISETACEAE,Equisetum x moorei,UNPARSABLE_NAME,NO_RESPONSE_ALL_THREE,STRONG_SPELLING_OR_NOMENCLATURAL_CANDIDATE,Equisetum moorei,2,,,,,,"[{""source"":""POWO_WCVP"",""candidate"":""Equisetum moorei"",""score"":0.97353,""taxonomic_status"":""Accepted"",""accepted_id"":""3137156"",""accepted_name_resolved"":""Equisetum moorei"",""taxon_id"":""3137156""},{""source"":""WFO"",""candidate"":""Equisetum moorei"",""score"":0.97353,""taxonomic_status"":""Accepted"",""accepted_id"":"""",""accepted_name_resolved"":"""",""taxon_id"":""wfo-0001117161""},{""source"":""WFO"",""candidate"":""Equisetum moorei subsp. moorei"",""score"":0.87553,""taxonomic_status"":""Accepted"",""accepted_id"":"""",""accepted_name_resolved"":"""",""taxon_id"":""wfo-1200106100""},{""source"":""WFO"",""candidate"":""Equisetum moorei subsp. nipponicum"",""score"":0.83235,""taxonomic_status"":""Accepted"",""accepted_id"":"""",""accepted_name_resolved"":"""",""taxon_id"":""wfo-1200024939""}]",False,False,2026-08-19T17:37:55.235010+00:00
934,EUPHORBIACEAE,Euphorbia helioscopin subsp. helioscopioides,NO_API_TAXON,NO_RESPONSE_ALL_THREE,STRONG_SPELLING_OR_NOMENCLATURAL_CANDIDATE,Euphorbia helioscopia subsp. helioscopioides,3,euphorbia helioscopin,,,,,"[{""source"":""ANTHOS"",""candidate"":""Euphorbia helioscopia subsp. helioscopioides"",""score"":0.93953,""taxonomic_status"":"""",""accepted_id"":"""",""accepted_name_resolved"":"""",""taxon_id"":""FUND. BIODIVERSIDAD:ANTHOS:55350""},{""source"":""POWO_WCVP"",""candidate"":""Euphorbia helioscopia subsp. helioscopioides"",""score"":0.93953,""taxonomic_status"":""Accepted"",""accepted_id"":""80047"",""accepted_name_resolved"":""Euphorbia helioscopia subsp. helioscopioides"",""taxon_id"":""80047""},{""source"":""WFO"",""candidate"":""Euphorbia helioscopia subsp. helioscopioides"",""score"":0.93953,""taxonomic_status"":""Accepted"",""accepted_id"":"""",""accepted_name_resolved"":"""",""taxon_id"":""wfo-0000962475""},{""source"":""ANTHOS"",""candidate"":""Euphorbia helioscopia subsp. helioscopia"",""score"":0.9061,""taxonomic_status"":"""",""accepted_id"":"""",""accepted_name_resolved"":"""",""taxon_id"":""FUND. BIODIVERSIDAD:ANTHOS:923585""},{""source"":""POWO_WCVP"",""candidate"":""Euphorbia helioscopia subsp. helioscopia"",""score"":0.9061,""taxonomic_status"":""Accepted"",""accepted_id"":""80046"",""accepted_name_resolved"":""Euphorbia helioscopia subsp. helioscopia"",""taxon_id"":""80046""},{""source"":""WFO"",""candidate"":""Euphorbia helioscopia subsp. helioscopia"",""score"":0.9061,""taxonomic_status"":""Accepted"",""accepted_id"":"""",""accepted_name_resolved"":"""",""taxon_id"":""wfo-0000962474""},{""source"":""WFO"",""candidate"":""Euphorbia helioscopia prole helioscopioides"",""score"":0.89767,""taxonomic_status"":""Synonym"",""accepted_id"":""wfo-0000962475"",""accepted_name_resolved"":""Euphorbia helioscopia subsp. helioscopioides"",""taxon_id"":""wfo-1200066732""},{""source"":""POWO_WCVP"",""candidate"":""Euphorbia helioscopia proles helioscopioides"",""score"":0.8931,""taxonomic_status"":""Synonym"",""accepted_id"":""80047"",""accepted_name_resolved"":""Euphorbia helioscopia subsp. helioscopioides"",""taxon_id"":""540493""},{""source"":""POWO_WCVP"",""candidate"":""Euphorbia helioscopia subsp. hiemalis"",""score"":0.86456,""taxonomic_status"":""Accepted"",""accepted_id"":""80048"",""accepted_name_resolved"":""Euphorbia helioscopia subsp. hiemalis"",""taxon_id"":""80048""},{""source"":""WFO"",""candidate"":""Euphorbia helioscopia subsp. hiemalis"",""score"":0.86456,""taxonomic_status"":""Accepted"",""accepted_id"":"""",""accepted_name_resolved"":"""",""taxon_id"":""wfo-0001365848""},{""source"":""POWO_WCVP"",""candidate"":""Euphorbia helioscopia subsp. dominii"",""score"":0.84615,""taxonomic_status"":""Synonym"",""accepted_id"":""80046"",""accepted_name_resolved"":""Euphorbia helioscopia subsp. helioscopia"",""taxon_id"":""80044""},{""source"":""WFO"",""candidate"":""Euphorbia helioscopia subsp. dominii"",""score"":0.84615,""taxonomic_status"":""Synonym"",""accepted_id"":""wfo-0000962474"",""accepted_name_resolved"":""Euphorbia helioscopia subsp. helioscopia"",""taxon_id"":""wfo-0000962472""}]",False,False,2026-08-19T17:37:55.235150+00:00
948,OROBANCHACEAE,Euphrasia officinalis subsp. rostkovina,NO_EXACT_MATCH,NO_RESPONSE_ALL_THREE,STRONG_SPELLING_OR_NOMENCLATURAL_CANDIDATE,Euphrasia officinalis subsp. rostkoviana,3,euphrasia officinalis,powo;wfo;anthos,,,,"[{""source"":""ANTHOS"",""candidate"":""Euphrasia officinalis subsp. rostkoviana"",""score"":0.99416,""taxonomic_status"":"""",""accepted_id"":"""",""accepted_name_resolved"":"""",""taxon_id"":""FUND. BIODIVERSIDAD:ANTHOS:40784""},{""source"":""POWO_WCVP"",""candidate"":""Euphrasia officinalis subsp. rostkoviana"",""score"":0.99416,""taxonomic_status"":""Synonym"",""accepted_id"":""2910574"",""accepted_name_resolved"":""Euphrasia officinalis subsp. pratensis"",""taxon_id"":""2933356""},{""source"":""WFO"",""candidate"":""Euphrasia officinalis subsp. rostkoviana"",""score"":0.99416,""taxonomic_status"":""Synonym"",""accepted_id"":""wfo-0001427951"",""accepted_name_resolved"":""Euphrasia officinalis subsp. pratensis"",""taxon_id"":""wfo-1200027637""},{""source"":""POWO_WCVP"",""candidate"":""Euphrasia officinalis subsp. montana"",""score"":0.94452,""taxonomic_status"":""Synonym"",""accepted_id"":""3264394"",""accepted_name_resolved"":""Euphrasia officinalis subsp. officinalis"",""taxon_id"":""3270983""},{""source"":""POWO_WCVP"",""candidate"":""Euphrasia officinalis subsp. stricta"",""score"":0.94452,""taxonomic_status"":""Synonym"",""accepted_id"":""2804468"",""accepted_name_resolved"":"""",""taxon_id"":""2910594""},{""source"":""WFO"",""candidate"":""Euphrasia officinalis subsp. montana"",""score"":0.94452,""taxonomic_status"":""Synonym"",""accepted_id"":""wfo-0000682545"",""accepted_name_resolved"":""Euphrasia officinalis subsp. monticola"",""taxon_id"":""wfo-1200038714""},{""source"":""WFO"",""candidate"":""Euphrasia officinalis subsp. stricta"",""score"":0.94452,""taxonomic_status"":""Synonym"",""accepted_id"":""wfo-0001136621"",""accepted_name_resolved"":"""",""taxon_id"":""wfo-1200038303""},{""source"":""POWO_WCVP"",""candidate"":""Euphrasia officinalis subsp. nemorosa"",""score"":0.93919,""taxonomic_status"":""Synonym"",""accepted_id"":""2804262"",""accepted_name_resolved"":""Euphrasia nemorosa"",""taxon_id"":""2910583""},{""source"":""WFO"",""candidate"":""Euphrasia officinalis subsp. nemorosa"",""score"":0.93919,""taxonomic_status"":""Synonym"",""accepted_id"":""wfo-1000048767"",""accepted_name_resolved"":"""",""taxon_id"":""wfo-1200039229""},{""source"":""POWO_WCVP"",""candidate"":""Euphrasia officinalis subsp. alpina"",""score"":0.9375,""taxonomic_status"":""Synonym"",""accepted_id"":""2803838"",""accepted_name_resolved"":"""",""taxon_id"":""3249421""},{""source"":""WFO"",""candidate"":""Euphrasia officinalis subsp. alpina"",""score"":0.9375,""taxonomic_status"":""Synonym"",""accepted_id"":""wfo-1200039206"",""accepted_name_resolved"":"""",""taxon_id"":""wfo-1200038712""},{""source"":""ANTHOS"",""candidate"":""Euphrasia officinalis"",""score"":0.87034,""taxonomic_status"":"""",""accepted_id"":"""",""accepted_name_resolved"":"""",""taxon_id"":""FUND. BIODIVERSIDAD:ANTHOS:43004""}]",False,False,2026-08-19T17:37:55.235285+00:00
999,LILIACEAE,Fritillaria nervosa subsp. nervosa,NO_API_TAXON,NO_RESPONSE_ALL_THREE,STRONG_SPELLING_OR_NOMENCLATURAL_CANDIDATE,Fritillaria nervosa subsp. falcata,2,fritillaria nervosa,powo;wfo,,,,"[{""source"":""POWO_WCVP"",""candidate"":""Fritillaria nervosa subsp. falcata"",""score"":0.91818,""taxonomic_status"":""Synonym"",""accepted_id"":""496812"",""accepted_name_resolved"":""Fritillaria pyrenaica subsp. falcata"",""taxon_id"":""306784""},{""source"":""WFO"",""candidate"":""Fritillaria nervosa subsp. falcata"",""score"":0.91818,""taxonomic_status"":""Synonym"",""accepted_id"":""wfo-0001363211"",""accepted_name_resolved"":""Fritillaria pyrenaica subsp. falcata"",""taxon_id"":""wfo-0000767978""},{""source"":""POWO_WCVP"",""candidate"":""Fritillaria nervosa"",""score"":0.87885,""taxonomic_status"":""Synonym"",""accepted_id"":""311784"",""accepted_name_resolved"":""Fritillaria pyrenaica subsp. pyrenaica"",""taxon_id"":""306783""},{""source"":""WFO"",""candidate"":""Fritillaria nervosa"",""score"":0.87885,""taxonomic_status"":""Synonym"",""accepted_id"":""wfo-0000773155"",""accepted_name_resolved"":""Fritillaria pyrenaica subsp. pyrenaica"",""taxon_id"":""wfo-0000767977""}]",False,False,2026-08-19T17:37:55.235390+00:00
1166,CARYOPHYLLACEAE,Herniaria fruticosa var. fruticosa,NO_API_TAXON,NO_RESPONSE_ALL_THREE,STRONG_SPELLING_OR_NOMENCLATURAL_CANDIDATE,Herniaria fruticosa subsp. fruticosa,2,herniaria fruticosa,powo;wfo;anthos,,,,"[{""source"":""POWO_WCVP"",""candidate"":""Herniaria fruticosa subsp. fruticosa"",""score"":0.94706,""taxonomic_status"":""Accepted"",""accepted_id"":""3265159"",""accepted_name_resolved"":""Herniaria fruticosa subsp. fruticosa"",""taxon_id"":""3265159""},{""source"":""WFO"",""candidate"":""Herniaria fruticosa subsp. fruticosa"",""score"":0.94706,""taxonomic_status"":""Unchecked"",""accepted_id"":"""",""accepted_name_resolved"":"""",""taxon_id"":""wfo-1200108034""},{""source"":""POWO_WCVP"",""candidate"":""Herniaria fruticosa var. erecta"",""score"":0.93571,""taxonomic_status"":""Synonym"",""accepted_id"":""2870084"",""accepted_name_resolved"":""Herniaria fruticosa subsp. erecta"",""taxon_id"":""2870085""},{""source"":""WFO"",""candidate"":""Herniaria fruticosa var. erecta"",""score"":0.93571,""taxonomic_status"":""Synonym"",""accepted_id"":""wfo-0000734546"",""accepted_name_resolved"":""Herniaria fruticosa subsp. erecta"",""taxon_id"":""wfo-0000734547""},{""source"":""POWO_WCVP"",""candidate"":""Herniaria fruticosa var. longifolia"",""score"":0.91269,""taxonomic_status"":""Synonym"",""accepted_id"":""3265159"",""accepted_name_resolved"":""Herniaria fruticosa subsp. fruticosa"",""taxon_id"":""3280099""},{""source"":""POWO_WCVP"",""candidate"":""Herniaria fruticosa var. recurvifolia"",""score"":0.90217,""taxonomic_status"":""Synonym"",""accepted_id"":""3265159"",""accepted_name_resolved"":""Herniaria fruticosa subsp. fruticosa"",""taxon_id"":""3280100""},{""source"":""POWO_WCVP"",""candidate"":""Herniaria fruticosa var. hemistemon"",""score"":0.89925,""taxonomic_status"":""Synonym"",""accepted_id"":""2846940"",""accepted_name_resolved"":""Herniaria hemistemon"",""taxon_id"":""3234267""},{""source"":""ANTHOS"",""candidate"":""Herniaria fruticosa"",""score"":0.87885,""taxonomic_status"":"""",""accepted_id"":"""",""accepted_name_resolved"":"""",""taxon_id"":""FUND. BIODIVERSIDAD:ANTHOS:845107""},{""source"":""WFO"",""candidate"":""Herniaria fruticosa"",""score"":0.87885,""taxonomic_status"":""Accepted"",""accepted_id"":"""",""accepted_name_resolved"":"""",""taxon_id"":""wfo-0000720674""},{""source"":""WFO"",""candidate"":""Herniaria fruticosa subsp. erecta"",""score"":0.84077,""taxonomic_status"":""Accepted"",""accepted_id"":"""",""accepted_name_resolved"":"""",""taxon_id"":""wfo-0000734546""}]",False,False,2026-08-19T17:37:55.235536+00:00
1168,CARYOPHYLLACEAE,Herniaria glabra var. glabra,NO_EXACT_MATCH,NO_RESPONSE_ALL_THREE,STRONG_SPELLING_OR_NOMENCLATURAL_CANDIDATE,Herniaria glabra f. glaberrima,2,herniaria glabra,powo;wfo;anthos,,,,"[{""source"":""POWO_WCVP"",""candidate"":""Herniaria glabra var. glaberrima"",""score"":0.96897,""taxonomic_status"":""Synonym"",""accepted_id"":""2846931"",""accepted_name_resolved"":""Herniaria glabra"",""taxon_id"":""2908035""},{""source"":""POWO_WCVP"",""candidate"":""Herniaria glabra var. scabrida"",""score"":0.95179,""taxonomic_status"":""Synonym"",""accepted_id"":""2847005"",""accepted_name_resolved"":""Herniaria scabrida"",""taxon_id"":""3280106""},{""source"":""POWO_WCVP"",""candidate"":""Herniaria glabra var. vera"",""score"":0.94808,""taxonomic_status"":""Synonym"",""accepted_id"":""2846931"",""accepted_name_resolved"":""Herniaria glabra"",""taxon_id"":""2933188""},{""source"":""POWO_WCVP"",""candidate"":""Herniaria glabra var. magniflora"",""score"":0.93793,""taxonomic_status"":""Synonym"",""accepted_id"":""2846931"",""accepted_name_resolved"":""Herniaria glabra"",""taxon_id"":""3304950""},{""source"":""POWO_WCVP"",""candidate"":""Herniaria glabra f. glaberrima"",""score"":0.93571,""taxonomic_status"":""Synonym"",""accepted_id"":""2846931"",""accepted_name_resolved"":""Herniaria glabra"",""taxon_id"":""2846933""},{""source"":""WFO"",""candidate"":""Herniaria glabra f. glaberrima"",""score"":0.93571,""taxonomic_status"":""Synonym"",""accepted_id"":""wfo-0000720677"",""accepted_name_resolved"":""Herniaria glabra"",""taxon_id"":""wfo-0001320830""},{""source"":""WFO"",""candidate"":""Herniaria glabra subsp. glabra"",""score"":0.93571,""taxonomic_status"":""Unchecked"",""accepted_id"":"""",""accepted_name_resolved"":"""",""taxon_id"":""wfo-1200108622""},{""source"":""WFO"",""candidate"":""Herniaria glabra var. subciliata"",""score"":0.92241,""taxonomic_status"":""Synonym"",""accepted_id"":""wfo-0000747428"",""accepted_name_resolved"":""Herniaria ciliolata subsp. subciliata"",""taxon_id"":""wfo-0000747429""},{""source"":""ANTHOS"",""candidate"":""Herniaria glabra"",""score"":0.88488,""taxonomic_status"":"""",""accepted_id"":"""",""accepted_name_resolved"":"""",""taxon_id"":""FUND. BIODIVERSIDAD:ANTHOS:21402""},{""source"":""WFO"",""candidate"":""Herniaria glabra"",""score"":0.88488,""taxonomic_status"":""Accepted"",""accepted_id"":"""",""accepted_name_resolved"":"""",""taxon_id"":""wfo-0000720677""},{""source"":""WFO"",""candidate"":""Herniaria glabra f. scabrescens"",""score"":0.88158,""taxonomic_status"":""Unchecked"",""accepted_id"":"""",""accepted_name_resolved"":"""",""taxon_id"":""wfo-0001324300""}]",False,False,2026-08-19T17:37:55.235654+00:00
1173,CARYOPHYLLACEAE,Herniaria scabrida var. scabrida,NO_API_TAXON,NO_RESPONSE_ALL_THREE,STRONG_SPELLING_OR_NOMENCLATURAL_CANDIDATE,Herniaria scabrida,3,herniaria scabrida,powo;wfo;anthos,,,,"[{""source"":""ANTHOS"",""candidate"":""Herniaria scabrida subsp. scabrida"",""score"":0.94375,""taxonomic_status"":"""",""accepted_id"":"""",""accepted_name_resolved"":"""",""taxon_id"":""FUND. BIODIVERSIDAD:ANTHOS:58792""},{""source"":""POWO_WCVP"",""candidate"":""Herniaria scabrida var. glabrescens"",""score"":0.91,""taxonomic_status"":""Synonym"",""accepted_id"":""2847005"",""accepted_name_resolved"":""Herniaria scabrida"",""taxon_id"":""3255545""},{""source"":""POWO_WCVP"",""candidate"":""Herniaria scabrida var. alemtejica"",""score"":0.90156,""taxonomic_status"":""Synonym"",""accepted_id"":""2847005"",""accepted_name_resolved"":""Herniaria scabrida"",""taxon_id"":""3255544""},{""source"":""POWO_WCVP"",""candidate"":""Herniaria scabrida var. unamunoana"",""score"":0.90156,""taxonomic_status"":""Synonym"",""accepted_id"":""2847005"",""accepted_name_resolved"":""Herniaria scabrida"",""taxon_id"":""3255546""},{""source"":""POWO_WCVP"",""candidate"":""Herniaria scabrida var. guadarramica"",""score"":0.89091,""taxonomic_status"":""Synonym"",""accepted_id"":""2847005"",""accepted_name_resolved"":""Herniaria scabrida"",""taxon_id"":""3280118""},{""source"":""ANTHOS"",""candidate"":""Herniaria scabrida"",""score"":0.88061,""taxonomic_status"":"""",""accepted_id"":"""",""accepted_name_resolved"":"""",""taxon_id"":""FUND. BIODIVERSIDAD:ANTHOS:1124423""},{""source"":""POWO_WCVP"",""candidate"":""Herniaria scabrida"",""score"":0.88061,""taxonomic_status"":""Accepted"",""accepted_id"":""2847005"",""accepted_name_resolved"":""Herniaria scabrida"",""taxon_id"":""2847005""},{""source"":""WFO"",""candidate"":""Herniaria scabrida"",""score"":0.88061,""taxonomic_status"":""Accepted"",""accepted_id"":"""",""accepted_name_resolved"":"""",""taxon_id"":""wfo-0000720742""},{""source"":""ANTHOS"",""candidate"":""Herniaria scabrida subsp. guadarramica"",""score"":0.85441,""taxonomic_status"":"""",""accepted_id"":"""",""accepted_name_resolved"":"""",""taxon_id"":""FUND. BIODIVERSIDAD:ANTHOS:65846""},{""source"":""WFO"",""candidate"":""Herniaria scabrida subsp. guadarramica"",""score"":0.85441,""taxonomic_status"":""Unchecked"",""accepted_id"":"""",""accepted_name_resolved"":"""",""taxon_id"":""wfo-1200112670""}]",False,False,2026-08-19T17:37:55.235762+00:00
1203,ASTERACEAE,Hieracium pulmorioides,NO_API_TAXON,NO_RESPONSE_ALL_THREE,STRONG_SPELLING_OR_NOMENCLATURAL_CANDIDATE,Hieracium pulmonarioides,3,hieracium pulmorioides,,,,,"[{""source"":""ANTHOS"",""candidate"":""Hieracium pulmonarioides"",""score"":0.93813,""taxonomic_status"":"""",""accepted_id"":"""",""accepted_name_resolved"":"""",""taxon_id"":""FUND. BIODIVERSIDAD:ANTHOS:874787""},{""source"":""POWO_WCVP"",""candidate"":""Hieracium pulmonarioides"",""score"":0.93813,""taxonomic_status"":""Synonym"",""accepted_id"":""3235020"",""accepted_name_resolved"":""Hieracium amplexicaule subsp. pulmonarioides"",""taxon_id"":""3064102""},{""source"":""WFO"",""candidate"":""Hieracium pulmonarioides"",""score"":0.93813,""taxonomic_status"":""Synonym"",""accepted_id"":""wfo-0000079463"",""accepted_name_resolved"":""Hieracium amplexicaule subsp. pulmonarioides"",""taxon_id"":""wfo-0000022254""},{""source"":""POWO_WCVP"",""candidate"":""Hieracium pulmonarioides var. araneosum"",""score"":0.83769,""taxonomic_status"":""Unplaced"",""accepted_id"":"""",""accepted_name_resolved"":"""",""taxon_id"":""3216724""},{""source"":""WFO"",""candidate"":""Hieracium pulmonarioides var. araneosum"",""score"":0.83769,""taxonomic_status"":""Unchecked"",""accepted_id"":"""",""accepted_name_resolved"":"""",""taxon_id"":""wfo-0001385092""},{""source"":""POWO_WCVP"",""candidate"":""Hieracium pulmonarioides subsp. spelaeum"",""score"":0.83228,""taxonomic_status"":""Synonym"",""accepted_id"":""3235021"",""accepted_name_resolved"":""Hieracium amplexicaule subsp. spelaeum"",""taxon_id"":""3064122""},{""source"":""WFO"",""candidate"":""Hieracium pulmonarioides subsp. spelaeum"",""score"":0.83228,""taxonomic_status"":""Synonym"",""accepted_id"":""wfo-0000100304"",""accepted_name_resolved"":""Hieracium amplexicaule subsp. spelaeum"",""taxon_id"":""wfo-0001361197""},{""source"":""POWO_WCVP"",""candidate"":""Hieracium oporinoides"",""score"":0.82811,""taxonomic_status"":""Unplaced"",""accepted_id"":"""",""accepted_name_resolved"":"""",""taxon_id"":""3205509""},{""source"":""WFO"",""candidate"":""Hieracium oporinoides"",""score"":0.82811,""taxonomic_status"":""Unchecked"",""accepted_id"":"""",""accepted_name_resolved"":"""",""taxon_id"":""wfo-0000065790""}]",False,False,2026-08-19T17:37:55.235859+00:00
1248,SOLANACEAE,Hyosciamus albus,NO_API_TAXON,NO_RESPONSE_ALL_THREE,STRONG_SPELLING_OR_NOMENCLATURAL_CANDIDATE,Hyoscyamus albus,3,hyosciamus albus,,,,,"[{""source"":""ANTHOS"",""candidate"":""Hyoscyamus albus"",""score"":0.94625,""taxonomic_status"":"""",""accepted_id"":"""",""accepted_name_resolved"":"""",""taxon_id"":""FUND. BIODIVERSIDAD:ANTHOS:73413""},{""source"":""POWO_WCVP"",""candidate"":""Hyoscyamus albus"",""score"":0.94625,""taxonomic_status"":""Accepted"",""accepted_id"":""2857395"",""accepted_name_resolved"":""Hyoscyamus albus"",""taxon_id"":""2857395""},{""source"":""WFO"",""candidate"":""Hyoscyamus albus"",""score"":0.94625,""taxonomic_status"":""Accepted"",""accepted_id"":"""",""accepted_name_resolved"":"""",""taxon_id"":""wfo-0001021799""},{""source"":""POWO_WCVP"",""candidate"":""Hyoscyamus albus var. major"",""score"":0.87929,""taxonomic_status"":""Synonym"",""accepted_id"":""2857395"",""accepted_name_resolved"":""Hyoscyamus albus"",""taxon_id"":""2909150""},{""source"":""POWO_WCVP"",""candidate"":""Hyoscyamus albus subsp. major"",""score"":0.86955,""taxonomic_status"":""Synonym"",""accepted_id"":""2857395"",""accepted_name_resolved"":""Hyoscyamus albus"",""taxon_id"":""2909148""},{""source"":""POWO_WCVP"",""candidate"":""Hyoscyamus albus proles major"",""score"":0.865,""taxonomic_status"":""Synonym"",""accepted_id"":""2857395"",""accepted_name_resolved"":""Hyoscyamus albus"",""taxon_id"":""2909149""},{""source"":""POWO_WCVP"",""candidate"":""Hyoscyamus albus var. exserens"",""score"":0.865,""taxonomic_status"":""Synonym"",""accepted_id"":""2857395"",""accepted_name_resolved"":""Hyoscyamus albus"",""taxon_id"":""2931794""},{""source"":""WFO"",""candidate"":""Hyoscyamus albus var. exserens"",""score"":0.865,""taxonomic_status"":""Synonym"",""accepted_id"":""wfo-0001021806"",""accepted_name_resolved"":""Hyoscyamus aureus"",""taxon_id"":""wfo-1200113118""},{""source"":""WFO"",""candidate"":""Hyoscyamus albus var. desertorum"",""score"":0.85649,""taxonomic_status"":""Synonym"",""accepted_id"":""wfo-0001021879"",""accepted_name_resolved"":""Hyoscyamus tibesticus"",""taxon_id"":""wfo-0001021800""}]",False,False,2026-08-19T17:37:55.235955+00:00
1271,ASTERACEAE,Hypochoeris glabra,NO_API_TAXON,NO_RESPONSE_ALL_THREE,STRONG_SPELLING_OR_NOMENCLATURAL_CANDIDATE,Hypochaeris glabra,3,hypochoeris glabra,,,,,"[{""source"":""ANTHOS"",""candidate"":""Hypochaeris glabra"",""score"":0.95152,""taxonomic_status"":"""",""accepted_id"":"""",""accepted_name_resolved"":"""",""taxon_id"":""FUND. BIODIVERSIDAD:ANTHOS:1125053""},{""source"":""POWO_WCVP"",""candidate"":""Hypochaeris glabra"",""score"":0.95152,""taxonomic_status"":""Accepted"",""accepted_id"":""3074561"",""accepted_name_resolved"":""Hypochaeris glabra"",""taxon_id"":""3074561""},{""source"":""WFO"",""candidate"":""Hypochaeris glabra"",""score"":0.95152,""taxonomic_status"":""Accepted"",""accepted_id"":"""",""accepted_name_resolved"":"""",""taxon_id"":""wfo-0000005915""},{""source"":""POWO_WCVP"",""candidate"":""Hypochaeris glabrata"",""score"":0.8866,""taxonomic_status"":""Synonym"",""accepted_id"":""3074455"",""accepted_name_resolved"":""Hypochaeris chondrilloides"",""taxon_id"":""3074562""},{""source"":""WFO"",""candidate"":""Hypochaeris glabrata"",""score"":0.8866,""taxonomic_status"":""Synonym"",""accepted_id"":""wfo-0000128025"",""accepted_name_resolved"":""Hypochaeris chondrilloides"",""taxon_id"":""wfo-0000005308""},{""source"":""WFO"",""candidate"":""Hypochaeris glabra var. glabra"",""score"":0.8852,""taxonomic_status"":""Synonym"",""accepted_id"":""wfo-0000005915"",""accepted_name_resolved"":""Hypochaeris glabra"",""taxon_id"":""wfo-0000035667""},{""source"":""WFO"",""candidate"":""Hypochaeris glabra var. hirsuta"",""score"":0.88068,""taxonomic_status"":""Synonym"",""accepted_id"":""wfo-0000005915"",""accepted_name_resolved"":""Hypochaeris glabra"",""taxon_id"":""wfo-1200069017""},{""source"":""POWO_WCVP"",""candidate"":""Hypochaeris glabra subsp. minima"",""score"":0.87635,""taxonomic_status"":""Synonym"",""accepted_id"":""3074561"",""accepted_name_resolved"":""Hypochaeris glabra"",""taxon_id"":""3250790""},{""source"":""POWO_WCVP"",""candidate"":""Hypochaeris glabra var. balbisii"",""score"":0.87635,""taxonomic_status"":""Synonym"",""accepted_id"":""3074782"",""accepted_name_resolved"":""Hypochaeris balbisii"",""taxon_id"":""3297437""},{""source"":""POWO_WCVP"",""candidate"":""Hypochaeris glabra var. erostris"",""score"":0.87635,""taxonomic_status"":""Synonym"",""accepted_id"":""3074561"",""accepted_name_resolved"":""Hypochaeris glabra"",""taxon_id"":""3250791""},{""source"":""WFO"",""candidate"":""Hypochaeris glabra subsp. glabra"",""score"":0.87635,""taxonomic_status"":""Unchecked"",""accepted_id"":"""",""accepted_name_resolved"":"""",""taxon_id"":""wfo-0000005090""}]",False,False,2026-08-19T17:37:55.236067+00:00
1272,ASTERACEAE,Hypochoeris radicata,NO_API_TAXON,NO_RESPONSE_ALL_THREE,STRONG_SPELLING_OR_NOMENCLATURAL_CANDIDATE,Hypochaeris radicata,3,hypochoeris radicata,,,,,"[{""source"":""ANTHOS"",""candidate"":""Hypochaeris radicata"",""score"":0.95318,""taxonomic_status"":"""",""accepted_id"":"""",""accepted_name_resolved"":"""",""taxon_id"":""FUND. BIODIVERSIDAD:ANTHOS:1124397""},{""source"":""POWO_WCVP"",""candidate"":""Hypochaeris radicata"",""score"":0.95318,""taxonomic_status"":""Accepted"",""accepted_id"":""3074657"",""accepted_name_resolved"":""Hypochaeris radicata"",""taxon_id"":""3074657""},{""source"":""WFO"",""candidate"":""Hypochaeris radicata"",""score"":0.95318,""taxonomic_status"":""Accepted"",""accepted_id"":"""",""accepted_name_resolved"":"""",""taxon_id"":""wfo-0000074809""},{""source"":""POWO_WCVP"",""candidate"":""Hypochaeris radiata"",""score"":0.92177,""taxonomic_status"":""Orthographic"",""accepted_id"":""3266695"",""accepted_name_resolved"":""Hypochaeris radicata subsp. radicata"",""taxon_id"":""3207526""},{""source"":""WFO"",""candidate"":""Hypochaeris radiata"",""score"":0.92177,""taxonomic_status"":""Accepted"",""accepted_id"":"""",""accepted_name_resolved"":"""",""taxon_id"":""wfo-0000138699""},{""source"":""POWO_WCVP"",""candidate"":""Hypochaeris radicata var. salina"",""score"":0.89171,""taxonomic_status"":""Synonym"",""accepted_id"":""3074659"",""accepted_name_resolved"":""Hypochaeris radicata subsp. ericetorum"",""taxon_id"":""3250798""},{""source"":""WFO"",""candidate"":""Hypochaeris radicata f. gigantea"",""score"":0.89171,""taxonomic_status"":""Unchecked"",""accepted_id"":"""",""accepted_name_resolved"":"""",""taxon_id"":""wfo-0001327129""},{""source"":""WFO"",""candidate"":""Hypochaeris radicata f. radicata"",""score"":0.89171,""taxonomic_status"":""Unchecked"",""accepted_id"":"""",""accepted_name_resolved"":"""",""taxon_id"":""wfo-0000046894""},{""source"":""WFO"",""candidate"":""Hypochaeris radicata var. brevis"",""score"":0.89171,""taxonomic_status"":""Synonym"",""accepted_id"":""wfo-0000074809"",""accepted_name_resolved"":""Hypochaeris radicata"",""taxon_id"":""wfo-1200069023""},{""source"":""POWO_WCVP"",""candidate"":""Hypochaeris radicata subsp. glabra"",""score"":0.88328,""taxonomic_status"":""Synonym"",""accepted_id"":""3074561"",""accepted_name_resolved"":""Hypochaeris glabra"",""taxon_id"":""3074553""},{""source"":""POWO_WCVP"",""candidate"":""Hypochaeris radicata subsp. salina"",""score"":0.88328,""taxonomic_status"":""Synonym"",""accepted_id"":""3074659"",""accepted_name_resolved"":""Hypochaeris radicata subsp. ericetorum"",""taxon_id"":""3250795""}]",False,False,2026-08-19T17:37:55.236191+00:00
1305,CAMPANULACEAE,Jasione sessilifolia,NO_API_TAXON,NO_RESPONSE_ALL_THREE,STRONG_SPELLING_OR_NOMENCLATURAL_CANDIDATE,Jasione sessiliflora,3,jasione sessilifolia,,,,,"[{""source"":""ANTHOS"",""candidate"":""Jasione sessiliflora"",""score"":0.86333,""taxonomic_status"":"""",""accepted_id"":"""",""accepted_name_resolved"":"""",""taxon_id"":""FUND. BIODIVERSIDAD:ANTHOS:1124998""},{""source"":""POWO_WCVP"",""candidate"":""Jasione sessiliflora"",""score"":0.86333,""taxonomic_status"":""Synonym"",""accepted_id"":""351844"",""accepted_name_resolved"":""Jasione crispa subsp. sessiliflora"",""taxon_id"":""351819""},{""source"":""WFO"",""candidate"":""Jasione sessiliflora"",""score"":0.86333,""taxonomic_status"":""Synonym"",""accepted_id"":""wfo-0000813763"",""accepted_name_resolved"":""Jasione crispa subsp. sessiliflora"",""taxon_id"":""wfo-0000813735""}]",False,False,2026-08-19T17:37:55.236232+00:00
1325,JUNCACEAE,Juncus gerardii,NO_API_TAXON,NO_RESPONSE_ALL_THREE,STRONG_SPELLING_OR_NOMENCLATURAL_CANDIDATE,Juncus gerardi,3,juncus gerardii,,,,,"[{""source"":""ANTHOS"",""candidate"":""Juncus gerardi"",""score"":0.94782,""taxonomic_status"":"""",""accepted_id"":"""",""accepted_name_resolved"":"""",""taxon_id"":""FUND. BIODIVERSIDAD:ANTHOS:1125111""},{""source"":""POWO_WCVP"",""candidate"":""Juncus gerardi"",""score"":0.94782,""taxonomic_status"":""Accepted"",""accepted_id"":""315051"",""accepted_name_resolved"":""Juncus gerardi"",""taxon_id"":""315051""},{""source"":""WFO"",""candidate"":""Juncus gerardi"",""score"":0.94782,""taxonomic_status"":""Accepted"",""accepted_id"":"""",""accepted_name_resolved"":"""",""taxon_id"":""wfo-0000776498""},{""source"":""POWO_WCVP"",""candidate"":""Juncus gerardi maximus"",""score"":0.8782,""taxonomic_status"":""Synonym"",""accepted_id"":""315057"",""accepted_name_resolved"":""Juncus gerardi subsp. gerardi"",""taxon_id"":""315059""},{""source"":""POWO_WCVP"",""candidate"":""Juncus gerardi pallidus"",""score"":0.8686,""taxonomic_status"":""Synonym"",""accepted_id"":""315057"",""accepted_name_resolved"":""Juncus gerardi subsp. gerardi"",""taxon_id"":""315061""},{""source"":""POWO_WCVP"",""candidate"":""Juncus gerardi persicus"",""score"":0.8686,""taxonomic_status"":""Synonym"",""accepted_id"":""315611"",""accepted_name_resolved"":""Juncus persicus"",""taxon_id"":""315063""},{""source"":""WFO"",""candidate"":""Juncus gerardii var. soranthus"",""score"":0.85682,""taxonomic_status"":""Synonym"",""accepted_id"":""wfo-0000777241"",""accepted_name_resolved"":""Juncus soranthus"",""taxon_id"":""wfo-0000776511""},{""source"":""WFO"",""candidate"":""Juncus gerardii subsp. soranthus"",""score"":0.84348,""taxonomic_status"":""Synonym"",""accepted_id"":""wfo-0000777241"",""accepted_name_resolved"":""Juncus soranthus"",""taxon_id"":""wfo-0000776512""},{""source"":""WFO"",""candidate"":""Juncus gerardii var. ubsunuricus"",""score"":0.84348,""taxonomic_status"":""Synonym"",""accepted_id"":""wfo-0000776503"",""accepted_name_resolved"":""Juncus gerardi subsp. gerardi"",""taxon_id"":""wfo-0000776515""},{""source"":""WFO"",""candidate"":""Juncus gerardi var. gerardi"",""score"":0.8426,""taxonomic_status"":""Synonym"",""accepted_id"":""wfo-0000776498"",""accepted_name_resolved"":""Juncus gerardi"",""taxon_id"":""wfo-0001067598""},{""source"":""POWO_WCVP"",""candidate"":""Juncus gerardi chaucorum"",""score"":0.83641,""taxonomic_status"":""Synonym"",""accepted_id"":""315057"",""accepted_name_resolved"":""Juncus gerardi subsp. gerardi"",""taxon_id"":""315055""}]",False,False,2026-08-19T17:37:55.236345+00:00
1328,JUNCACEAE,Juncus inflexus var. inflexus,NO_EXACT_MATCH,NO_RESPONSE_ALL_THREE,STRONG_SPELLING_OR_NOMENCLATURAL_CANDIDATE,Juncus inflexus subsp. inflexus,3,juncus inflexus,powo;wfo;anthos,,,,"[{""source"":""ANTHOS"",""candidate"":""Juncus inflexus subsp. inflexus"",""score"":0.93793,""taxonomic_status"":"""",""accepted_id"":"""",""accepted_name_resolved"":"""",""taxon_id"":""FUND. BIODIVERSIDAD:ANTHOS:41214""},{""source"":""POWO_WCVP"",""candidate"":""Juncus inflexus subsp. inflexus"",""score"":0.93793,""taxonomic_status"":""Accepted"",""accepted_id"":""315197"",""accepted_name_resolved"":""Juncus inflexus subsp. inflexus"",""taxon_id"":""315197""},{""source"":""POWO_WCVP"",""candidate"":""Juncus inflexus var. proliferus"",""score"":0.93793,""taxonomic_status"":""Synonym"",""accepted_id"":""315197"",""accepted_name_resolved"":""Juncus inflexus subsp. inflexus"",""taxon_id"":""550018""},{""source"":""WFO"",""candidate"":""Juncus inflexus subsp. inflexus"",""score"":0.93793,""taxonomic_status"":""Accepted"",""accepted_id"":"""",""accepted_name_resolved"":"""",""taxon_id"":""wfo-0000776631""},{""source"":""WFO"",""candidate"":""Juncus inflexus var. proliferus"",""score"":0.93793,""taxonomic_status"":""Synonym"",""accepted_id"":""wfo-0000776631"",""accepted_name_resolved"":""Juncus inflexus subsp. inflexus"",""taxon_id"":""wfo-1200032442""},{""source"":""POWO_WCVP"",""candidate"":""Juncus inflexus var. prolifer"",""score"":0.91964,""taxonomic_status"":""Illegitimate"",""accepted_id"":""315197"",""accepted_name_resolved"":""Juncus inflexus subsp. inflexus"",""taxon_id"":""315204""},{""source"":""WFO"",""candidate"":""Juncus inflexus var. prolifer"",""score"":0.91964,""taxonomic_status"":""Synonym"",""accepted_id"":""wfo-0000776631"",""accepted_name_resolved"":""Juncus inflexus subsp. inflexus"",""taxon_id"":""wfo-1200017940""},{""source"":""POWO_WCVP"",""candidate"":""Juncus inflexus subvar. laxiflorus"",""score"":0.91885,""taxonomic_status"":""Synonym"",""accepted_id"":""315197"",""accepted_name_resolved"":""Juncus inflexus subsp. inflexus"",""taxon_id"":""315198""},{""source"":""POWO_WCVP"",""candidate"":""Juncus inflexus var. paniculatus"",""score"":0.9161,""taxonomic_status"":""Synonym"",""accepted_id"":""315197"",""accepted_name_resolved"":""Juncus inflexus subsp. inflexus"",""taxon_id"":""550017""},{""source"":""WFO"",""candidate"":""Juncus inflexus var. leptocarpus"",""score"":0.9161,""taxonomic_status"":""Synonym"",""accepted_id"":""wfo-0000776625"",""accepted_name_resolved"":""Juncus inflexus"",""taxon_id"":""wfo-0001259792""},{""source"":""WFO"",""candidate"":""Juncus inflexus var. paniculatus"",""score"":0.9161,""taxonomic_status"":""Synonym"",""accepted_id"":""wfo-0000776631"",""accepted_name_resolved"":""Juncus inflexus subsp. inflexus"",""taxon_id"":""wfo-1200032441""},{""source"":""ANTHOS"",""candidate"":""Juncus inflexus"",""score"":0.86395,""taxonomic_status"":"""",""accepted_id"":"""",""accepted_name_resolved"":"""",""taxon_id"":""FUND. BIODIVERSIDAD:ANTHOS:1124574""}]",False,False,2026-08-19T17:37:55.236473+00:00
1345,PLANTAGINACEAE,Kicksia elatine,NO_API_TAXON,NO_RESPONSE_ALL_THREE,STRONG_SPELLING_OR_NOMENCLATURAL_CANDIDATE,Kickxia elatine,3,kicksia elatine,,,,,"[{""source"":""ANTHOS"",""candidate"":""Kickxia elatine"",""score"":0.93,""taxonomic_status"":"""",""accepted_id"":"""",""accepted_name_resolved"":"""",""taxon_id"":""FUND. BIODIVERSIDAD:ANTHOS:260459""},{""source"":""POWO_WCVP"",""candidate"":""Kickxia elatine"",""score"":0.93,""taxonomic_status"":""Accepted"",""accepted_id"":""2335431"",""accepted_name_resolved"":""Kickxia elatine"",""taxon_id"":""2335431""},{""source"":""WFO"",""candidate"":""Kickxia elatine"",""score"":0.93,""taxonomic_status"":""Accepted"",""accepted_id"":"""",""accepted_name_resolved"":"""",""taxon_id"":""wfo-0000357274""},{""source"":""ANTHOS"",""candidate"":""Kickxia elatine subsp. crinita"",""score"":0.84091,""taxonomic_status"":"""",""accepted_id"":"""",""accepted_name_resolved"":"""",""taxon_id"":""FUND. BIODIVERSIDAD:ANTHOS:182805""},{""source"":""ANTHOS"",""candidate"":""Kickxia elatine subsp. elatine"",""score"":0.84091,""taxonomic_status"":"""",""accepted_id"":"""",""accepted_name_resolved"":"""",""taxon_id"":""FUND. BIODIVERSIDAD:ANTHOS:31136""},{""source"":""POWO_WCVP"",""candidate"":""Kickxia elatine subsp. crinita"",""score"":0.84091,""taxonomic_status"":""Synonym"",""accepted_id"":""2934009"",""accepted_name_resolved"":""Kickxia elatine subsp. sieberi"",""taxon_id"":""2898563""},{""source"":""POWO_WCVP"",""candidate"":""Kickxia elatine subsp. elatine"",""score"":0.84091,""taxonomic_status"":""Accepted"",""accepted_id"":""3257228"",""accepted_name_resolved"":""Kickxia elatine subsp. elatine"",""taxon_id"":""3257228""},{""source"":""POWO_WCVP"",""candidate"":""Kickxia elatine subsp. sieberi"",""score"":0.84091,""taxonomic_status"":""Accepted"",""accepted_id"":""2934009"",""accepted_name_resolved"":""Kickxia elatine subsp. sieberi"",""taxon_id"":""2934009""},{""source"":""WFO"",""candidate"":""Kickxia elatine subsp. crinita"",""score"":0.84091,""taxonomic_status"":""Synonym"",""accepted_id"":""wfo-1200011438"",""accepted_name_resolved"":""Kickxia elatine subsp. sieberi"",""taxon_id"":""wfo-0000745618""},{""source"":""WFO"",""candidate"":""Kickxia elatine subsp. elatine"",""score"":0.84091,""taxonomic_status"":""Accepted"",""accepted_id"":"""",""accepted_name_resolved"":"""",""taxon_id"":""wfo-0001285493""},{""source"":""WFO"",""candidate"":""Kickxia elatine subsp. sieberi"",""score"":0.84091,""taxonomic_status"":""Accepted"",""accepted_id"":"""",""accepted_name_resolved"":"""",""taxon_id"":""wfo-1200011438""},{""source"":""POWO_WCVP"",""candidate"":""Kickxia elatine subsp. bombycina"",""score"":0.83261,""taxonomic_status"":""Synonym"",""accepted_id"":""2934009"",""accepted_name_resolved"":""Kickxia elatine subsp. sieberi"",""taxon_id"":""2335441""}]",False,False,2026-08-19T17:37:55.236597+00:00
1382,PINACEAE,Larix x eurolepis,UNPARSABLE_NAME,NO_RESPONSE_ALL_THREE,STRONG_SPELLING_OR_NOMENCLATURAL_CANDIDATE,Larix eurolepis,2,,,,,,"[{""source"":""POWO_WCVP"",""candidate"":""Larix eurolepis"",""score"":0.97188,""taxonomic_status"":""Synonym"",""accepted_id"":""386020"",""accepted_name_resolved"":""Larix marschlinsii"",""taxon_id"":""379109""},{""source"":""WFO"",""candidate"":""Larix eurolepis"",""score"":0.97188,""taxonomic_status"":""Accepted"",""accepted_id"":"""",""accepted_name_resolved"":"""",""taxon_id"":""wfo-0000443334""}]",False,False,2026-08-19T17:37:55.236629+00:00
1438,ASTERACEAE,Leucanthemum vulgare subsp. pujulae,NO_EXACT_MATCH,NO_RESPONSE_ALL_THREE,STRONG_SPELLING_OR_NOMENCLATURAL_CANDIDATE,Leucanthemum vulgare subsp. pujiulae,3,leucanthemum vulgare,powo;wfo;anthos,,,,"[{""source"":""ANTHOS"",""candidate"":""Leucanthemum vulgare subsp. pujiulae"",""score"":0.99348,""taxonomic_status"":"""",""accepted_id"":"""",""accepted_name_resolved"":"""",""taxon_id"":""FUND. BIODIVERSIDAD:ANTHOS:917275""},{""source"":""POWO_WCVP"",""candidate"":""Leucanthemum vulgare subsp. pujiulae"",""score"":0.99348,""taxonomic_status"":""Synonym"",""accepted_id"":""3208151"",""accepted_name_resolved"":""Leucanthemum ageratifolium"",""taxon_id"":""3112279""},{""source"":""WFO"",""candidate"":""Leucanthemum vulgare subsp. pujiulae"",""score"":0.99348,""taxonomic_status"":""Accepted"",""accepted_id"":"""",""accepted_name_resolved"":"""",""taxon_id"":""wfo-0000102517""},{""source"":""POWO_WCVP"",""candidate"":""Leucanthemum vulgare subsp. vulgare"",""score"":0.96029,""taxonomic_status"":""Accepted"",""accepted_id"":""3112277"",""accepted_name_resolved"":""Leucanthemum vulgare subsp. vulgare"",""taxon_id"":""3112277""},{""source"":""WFO"",""candidate"":""Leucanthemum vulgare subsp. vulgare"",""score"":0.96029,""taxonomic_status"":""Accepted"",""accepted_id"":"""",""accepted_name_resolved"":"""",""taxon_id"":""wfo-0000065073""},{""source"":""POWO_WCVP"",""candidate"":""Leucanthemum vulgare subsp. pallens"",""score"":0.94706,""taxonomic_status"":""Synonym"",""accepted_id"":""3112732"",""accepted_name_resolved"":""Leucanthemum pallens"",""taxon_id"":""3221447""},{""source"":""POWO_WCVP"",""candidate"":""Leucanthemum vulgare subsp. praecox"",""score"":0.94706,""taxonomic_status"":""Synonym"",""accepted_id"":""3112277"",""accepted_name_resolved"":""Leucanthemum vulgare subsp. vulgare"",""taxon_id"":""3251085""},{""source"":""WFO"",""candidate"":""Leucanthemum vulgare subsp. pallens"",""score"":0.94706,""taxonomic_status"":""Synonym"",""accepted_id"":""wfo-0000126509"",""accepted_name_resolved"":""Leucanthemum pallens"",""taxon_id"":""wfo-0000135458""},{""source"":""WFO"",""candidate"":""Leucanthemum vulgare subsp. praecox"",""score"":0.94706,""taxonomic_status"":""Synonym"",""accepted_id"":""wfo-0000036932"",""accepted_name_resolved"":""Leucanthemum vulgare"",""taxon_id"":""wfo-0000096327""},{""source"":""POWO_WCVP"",""candidate"":""Leucanthemum vulgare subsp. multicaule"",""score"":0.94296,""taxonomic_status"":""Synonym"",""accepted_id"":""3112277"",""accepted_name_resolved"":""Leucanthemum vulgare subsp. vulgare"",""taxon_id"":""3112781""},{""source"":""WFO"",""candidate"":""Leucanthemum vulgare subsp. multicaule"",""score"":0.94296,""taxonomic_status"":""Synonym"",""accepted_id"":""wfo-0000065073"",""accepted_name_resolved"":""Leucanthemum vulgare subsp. vulgare"",""taxon_id"":""wfo-0001366174""},{""source"":""ANTHOS"",""candidate"":""Leucanthemum vulgare subsp. eliasii"",""score"":0.93382,""taxonomic_status"":"""",""accepted_id"":"""",""accepted_name_resolved"":"""",""taxon_id"":""FUND. BIODIVERSIDAD:ANTHOS:1127929""}]",False,False,2026-08-19T17:37:55.236782+00:00
1474,LINACEAE,Linum suffruticosum subsp. diferens,NO_API_TAXON,NO_RESPONSE_ALL_THREE,STRONG_SPELLING_OR_NOMENCLATURAL_CANDIDATE,Linum suffruticosum subsp. differens,2,linum suffruticosum,powo;wfo;anthos,,,,"[{""source"":""POWO_WCVP"",""candidate"":""Linum suffruticosum subsp. differens"",""score"":0.99348,""taxonomic_status"":""Accepted"",""accepted_id"":""3255639"",""accepted_name_resolved"":""Linum suffruticosum subsp. differens"",""taxon_id"":""3255639""},{""source"":""WFO"",""candidate"":""Linum suffruticosum subsp. differens"",""score"":0.99348,""taxonomic_status"":""Accepted"",""accepted_id"":"""",""accepted_name_resolved"":"""",""taxon_id"":""wfo-1200012147""},{""source"":""POWO_WCVP"",""candidate"":""Linum suffruticosum subsp. crespoi"",""score"":0.93955,""taxonomic_status"":""Accepted"",""accepted_id"":""3009605"",""accepted_name_resolved"":""Linum suffruticosum subsp. crespoi"",""taxon_id"":""3009605""},{""source"":""WFO"",""candidate"":""Linum suffruticosum subsp. crespoi"",""score"":0.93955,""taxonomic_status"":""Accepted"",""accepted_id"":"""",""accepted_name_resolved"":"""",""taxon_id"":""wfo-0001368416""},{""source"":""WFO"",""candidate"":""Linum suffruticosum subsp. apressum"",""score"":0.93382,""taxonomic_status"":""Synonym"",""accepted_id"":""wfo-0000363443"",""accepted_name_resolved"":""Linum appressum"",""taxon_id"":""wfo-0001364673""},{""source"":""ANTHOS"",""candidate"":""Linum suffruticosum subsp. appressum"",""score"":0.92826,""taxonomic_status"":"""",""accepted_id"":"""",""accepted_name_resolved"":"""",""taxon_id"":""FUND. BIODIVERSIDAD:ANTHOS:26158""},{""source"":""POWO_WCVP"",""candidate"":""Linum suffruticosum subsp. appressum"",""score"":0.92826,""taxonomic_status"":""Synonym"",""accepted_id"":""2347376"",""accepted_name_resolved"":""Linum appressum"",""taxon_id"":""2353456""},{""source"":""POWO_WCVP"",""candidate"":""Linum suffruticosum subsp. jimenezii"",""score"":0.92826,""taxonomic_status"":""Invalid"",""accepted_id"":""2347143"",""accepted_name_resolved"":""Linum jimenezii"",""taxon_id"":""3280718""},{""source"":""WFO"",""candidate"":""Linum suffruticosum subsp. jimenezii"",""score"":0.92826,""taxonomic_status"":""Synonym"",""accepted_id"":""wfo-0000363287"",""accepted_name_resolved"":""Linum jimenezii"",""taxon_id"":""wfo-1200073196""},{""source"":""POWO_WCVP"",""candidate"":""Linum suffruticosum subsp. ortegae"",""score"":0.92612,""taxonomic_status"":""Synonym"",""accepted_id"":""2347205"",""accepted_name_resolved"":""Linum salsoloides"",""taxon_id"":""2353451""},{""source"":""WFO"",""candidate"":""Linum suffruticosum subsp. ortegae"",""score"":0.92612,""taxonomic_status"":""Synonym"",""accepted_id"":""wfo-0000363321"",""accepted_name_resolved"":""Linum salsoloides"",""taxon_id"":""wfo-0000366402""},{""source"":""ANTHOS"",""candidate"":""Linum suffruticosum subsp. salsoloides"",""score"":0.91761,""taxonomic_status"":"""",""accepted_id"":"""",""accepted_name_resolved"":"""",""taxon_id"":""FUND. BIODIVERSIDAD:ANTHOS:103778""}]",False,False,2026-08-19T17:37:55.236945+00:00
1533,PRIMULACEAE,Lysimachia nemorun,NO_API_TAXON,NO_RESPONSE_ALL_THREE,STRONG_SPELLING_OR_NOMENCLATURAL_CANDIDATE,Lysimachia nemorum,3,lysimachia nemorun,,,,,"[{""source"":""ANTHOS"",""candidate"":""Lysimachia nemorum"",""score"":0.89643,""taxonomic_status"":"""",""accepted_id"":"""",""accepted_name_resolved"":"""",""taxon_id"":""FUND. BIODIVERSIDAD:ANTHOS:28856""},{""source"":""POWO_WCVP"",""candidate"":""Lysimachia nemorum"",""score"":0.89643,""taxonomic_status"":""Accepted"",""accepted_id"":""2493029"",""accepted_name_resolved"":""Lysimachia nemorum"",""taxon_id"":""2493029""},{""source"":""WFO"",""candidate"":""Lysimachia nemorum"",""score"":0.89643,""taxonomic_status"":""Accepted"",""accepted_id"":"""",""accepted_name_resolved"":"""",""taxon_id"":""wfo-0000442790""}]",False,False,2026-08-19T17:37:55.236984+00:00
1540,SCROPHULARIACEAE,Macrosyrhingion longiflorum,NO_API_TAXON,NO_RESPONSE_ALL_THREE,STRONG_SPELLING_OR_NOMENCLATURAL_CANDIDATE,Macrosyringion longiflorum,3,macrosyrhingion longiflorum,,,,,"[{""source"":""ANTHOS"",""candidate"":""Macrosyringion longiflorum"",""score"":0.98227,""taxonomic_status"":"""",""accepted_id"":"""",""accepted_name_resolved"":"""",""taxon_id"":""FUND. BIODIVERSIDAD:ANTHOS:31545""},{""source"":""POWO_WCVP"",""candidate"":""Macrosyringion longiflorum"",""score"":0.98227,""taxonomic_status"":""Synonym"",""accepted_id"":""2396907"",""accepted_name_resolved"":""Odontites longiflorus"",""taxon_id"":""2506825""},{""source"":""WFO"",""candidate"":""Macrosyringion longiflorum"",""score"":0.98227,""taxonomic_status"":""Synonym"",""accepted_id"":""wfo-0001423985"",""accepted_name_resolved"":""Odontites longiflorus"",""taxon_id"":""wfo-0001260150""},{""source"":""WFO"",""candidate"":""Macrosyringion longiforum"",""score"":0.95973,""taxonomic_status"":""Synonym"",""accepted_id"":""wfo-0001423985"",""accepted_name_resolved"":""Odontites longiflorus"",""taxon_id"":""wfo-1000059084""}]",False,False,2026-08-19T17:37:55.237032+00:00
1598,LAMIACEAE,Mentha x dumetorum,UNPARSABLE_NAME,NO_RESPONSE_ALL_THREE,STRONG_SPELLING_OR_NOMENCLATURAL_CANDIDATE,Mentha dumetorum,2,,,,,,"[{""source"":""POWO_WCVP"",""candidate"":""Mentha dumetorum"",""score"":0.97353,""taxonomic_status"":""Accepted"",""accepted_id"":""124647"",""accepted_name_resolved"":""Mentha dumetorum"",""taxon_id"":""124647""},{""source"":""WFO"",""candidate"":""Mentha dumetorum"",""score"":0.97353,""taxonomic_status"":""Accepted"",""accepted_id"":"""",""accepted_name_resolved"":"""",""taxon_id"":""wfo-0000240628""},{""source"":""POWO_WCVP"",""candidate"":""Mentha dumetorum f. minor"",""score"":0.89286,""taxonomic_status"":""Synonym"",""accepted_id"":""124647"",""accepted_name_resolved"":""Mentha dumetorum"",""taxon_id"":""350651""},{""source"":""WFO"",""candidate"":""Mentha dumetorum f. minor"",""score"":0.89286,""taxonomic_status"":""Synonym"",""accepted_id"":""wfo-0000240628"",""accepted_name_resolved"":""Mentha dumetorum"",""taxon_id"":""wfo-1200037665""},{""source"":""POWO_WCVP"",""candidate"":""Mentha dumetorum var. dubia"",""score"":0.87727,""taxonomic_status"":""Synonym"",""accepted_id"":""124647"",""accepted_name_resolved"":""Mentha dumetorum"",""taxon_id"":""350659""},{""source"":""POWO_WCVP"",""candidate"":""Mentha dumetorum var. hirta"",""score"":0.87727,""taxonomic_status"":""Synonym"",""accepted_id"":""124647"",""accepted_name_resolved"":""Mentha dumetorum"",""taxon_id"":""350871""},{""source"":""WFO"",""candidate"":""Mentha dumetorum var. dubia"",""score"":0.87727,""taxonomic_status"":""Synonym"",""accepted_id"":""wfo-0000240628"",""accepted_name_resolved"":""Mentha dumetorum"",""taxon_id"":""wfo-0000812520""},{""source"":""WFO"",""candidate"":""Mentha dumetorum var. hirta"",""score"":0.87727,""taxonomic_status"":""Synonym"",""accepted_id"":""wfo-0000240628"",""accepted_name_resolved"":""Mentha dumetorum"",""taxon_id"":""wfo-0000812727""},{""source"":""POWO_WCVP"",""candidate"":""Mentha dumetorum f. periopta"",""score"":0.87,""taxonomic_status"":""Synonym"",""accepted_id"":""124647"",""accepted_name_resolved"":""Mentha dumetorum"",""taxon_id"":""350993""},{""source"":""WFO"",""candidate"":""Mentha dumetorum f. periopta"",""score"":0.87,""taxonomic_status"":""Synonym"",""accepted_id"":""wfo-0000240628"",""accepted_name_resolved"":""Mentha dumetorum"",""taxon_id"":""wfo-0000812855""}]",False,False,2026-08-19T17:37:55.237142+00:00
1647,BORAGINACEAE,Myosotis laxa subsp. caespitosa,NO_EXACT_MATCH,NO_RESPONSE_ALL_THREE,STRONG_SPELLING_OR_NOMENCLATURAL_CANDIDATE,Myosotis laxa subsp. cespitosa,3,myosotis laxa,powo;wfo;anthos,,,,"[{""source"":""ANTHOS"",""candidate"":""Myosotis laxa subsp. cespitosa"",""score"":0.99237,""taxonomic_status"":"""",""accepted_id"":"""",""accepted_name_resolved"":"""",""taxon_id"":""FUND. BIODIVERSIDAD:ANTHOS:40658""},{""source"":""POWO_WCVP"",""candidate"":""Myosotis laxa subsp. cespitosa"",""score"":0.99237,""taxonomic_status"":""Accepted"",""accepted_id"":""2873257"",""accepted_name_resolved"":""Myosotis laxa subsp. cespitosa"",""taxon_id"":""2873257""},{""source"":""WFO"",""candidate"":""Myosotis laxa subsp. cespitosa"",""score"":0.99237,""taxonomic_status"":""Accepted"",""accepted_id"":"""",""accepted_name_resolved"":"""",""taxon_id"":""wfo-0000737436""},{""source"":""POWO_WCVP"",""candidate"":""Myosotis laxa var. cespitosa"",""score"":0.92895,""taxonomic_status"":""Synonym"",""accepted_id"":""2873257"",""accepted_name_resolved"":""Myosotis laxa subsp. cespitosa"",""taxon_id"":""3003890""},{""source"":""WFO"",""candidate"":""Myosotis laxa var. cespitosa"",""score"":0.92895,""taxonomic_status"":""Synonym"",""accepted_id"":""wfo-0000737436"",""accepted_name_resolved"":""Myosotis laxa subsp. cespitosa"",""taxon_id"":""wfo-0001381551""},{""source"":""POWO_WCVP"",""candidate"":""Myosotis laxa subsp. laxa"",""score"":0.91667,""taxonomic_status"":""Accepted"",""accepted_id"":""3257509"",""accepted_name_resolved"":""Myosotis laxa subsp. laxa"",""taxon_id"":""3257509""},{""source"":""WFO"",""candidate"":""Myosotis laxa subsp. laxa"",""score"":0.91667,""taxonomic_status"":""Unchecked"",""accepted_id"":"""",""accepted_name_resolved"":"""",""taxon_id"":""wfo-1200108247""},{""source"":""POWO_WCVP"",""candidate"":""Myosotis laxa subsp. baltica"",""score"":0.89737,""taxonomic_status"":""Accepted"",""accepted_id"":""2898484"",""accepted_name_resolved"":""Myosotis laxa subsp. baltica"",""taxon_id"":""2898484""},{""source"":""WFO"",""candidate"":""Myosotis laxa subsp. baltica"",""score"":0.89737,""taxonomic_status"":""Accepted"",""accepted_id"":"""",""accepted_name_resolved"":"""",""taxon_id"":""wfo-0000745543""},{""source"":""POWO_WCVP"",""candidate"":""Myosotis laxa f. neglecta"",""score"":0.83333,""taxonomic_status"":""Synonym"",""accepted_id"":""2873257"",""accepted_name_resolved"":""Myosotis laxa subsp. cespitosa"",""taxon_id"":""2358176""},{""source"":""WFO"",""candidate"":""Myosotis laxa f. neglecta"",""score"":0.83333,""taxonomic_status"":""Accepted"",""accepted_id"":"""",""accepted_name_resolved"":"""",""taxon_id"":""wfo-0001262007""},{""source"":""ANTHOS"",""candidate"":""Myosotis laxa"",""score"":0.82209,""taxonomic_status"":"""",""accepted_id"":"""",""accepted_name_resolved"":"""",""taxon_id"":""FUND. BIODIVERSIDAD:ANTHOS:1483220""}]",False,False,2026-08-19T17:37:55.237272+00:00
1674,POACEAE,Neoschischkinia truncatula subsp. duriaei,NO_API_TAXON,NO_RESPONSE_ALL_THREE,STRONG_SPELLING_OR_NOMENCLATURAL_CANDIDATE,Neoschischkinia truncatula subsp. durieui,2,neoschischkinia truncatula,powo;wfo,,,,"[{""source"":""POWO_WCVP"",""candidate"":""Neoschischkinia truncatula subsp. durieui"",""score"":0.98875,""taxonomic_status"":""Synonym"",""accepted_id"":""540020"",""accepted_name_resolved"":""Agrostula truncatula subsp. durieui"",""taxon_id"":""450870""},{""source"":""WFO"",""candidate"":""Neoschischkinia truncatula subsp. durieui"",""score"":0.98875,""taxonomic_status"":""Synonym"",""accepted_id"":""wfo-1200007341"",""accepted_name_resolved"":"""",""taxon_id"":""wfo-0001360877""},{""source"":""WFO"",""candidate"":""Neoschischkinia truncatula subsp. truncatula"",""score"":0.92952,""taxonomic_status"":""Unchecked"",""accepted_id"":"""",""accepted_name_resolved"":"""",""taxon_id"":""wfo-1200108333""},{""source"":""POWO_WCVP"",""candidate"":""Neoschischkinia truncatula"",""score"":0.90455,""taxonomic_status"":""Synonym"",""accepted_id"":""540019"",""accepted_name_resolved"":""Agrostula truncatula"",""taxon_id"":""450871""},{""source"":""WFO"",""candidate"":""Neoschischkinia truncatula"",""score"":0.90455,""taxonomic_status"":""Synonym"",""accepted_id"":""wfo-1000020896"",""accepted_name_resolved"":"""",""taxon_id"":""wfo-0000908259""}]",False,False,2026-08-19T17:37:55.237341+00:00
1693,OROBANCHACEAE,Odontites longiflora,NO_API_TAXON,NO_RESPONSE_ALL_THREE,STRONG_SPELLING_OR_NOMENCLATURAL_CANDIDATE,Odontites longiflorus,2,odontites longiflora,,,,,"[{""source"":""POWO_WCVP"",""candidate"":""Odontites longiflorus"",""score"":0.8885,""taxonomic_status"":""Accepted"",""accepted_id"":""2396907"",""accepted_name_resolved"":""Odontites longiflorus"",""taxon_id"":""2396907""},{""source"":""WFO"",""candidate"":""Odontites longiflorus"",""score"":0.8885,""taxonomic_status"":""Accepted"",""accepted_id"":"""",""accepted_name_resolved"":"""",""taxon_id"":""wfo-0001423985""}]",False,False,2026-08-19T17:37:55.237373+00:00
1762,ORCHIDACEAE,Ophrys x manfredoniae,UNPARSABLE_NAME,NO_RESPONSE_ALL_THREE,STRONG_SPELLING_OR_NOMENCLATURAL_CANDIDATE,Ophrys manfredoniae,2,,,,,,"[{""source"":""POWO_WCVP"",""candidate"":""Ophrys manfredoniae"",""score"":0.9775,""taxonomic_status"":""Provisionally Accepted"",""accepted_id"":"""",""accepted_name_resolved"":"""",""taxon_id"":""141434""},{""source"":""WFO"",""candidate"":""Ophrys manfredoniae"",""score"":0.9775,""taxonomic_status"":""Unchecked"",""accepted_id"":"""",""accepted_name_resolved"":"""",""taxon_id"":""wfo-0000258124""},{""source"":""POWO_WCVP"",""candidate"":""Ophrys manfredoniae subsp. delilloi"",""score"":0.86091,""taxonomic_status"":""Synonym"",""accepted_id"":""141434"",""accepted_name_resolved"":""Ophrys manfredoniae"",""taxon_id"":""521578""},{""source"":""WFO"",""candidate"":""Ophrys manfredoniae subsp. delilloi"",""score"":0.86091,""taxonomic_status"":""Unchecked"",""accepted_id"":"""",""accepted_name_resolved"":"""",""taxon_id"":""wfo-0001404584""},{""source"":""POWO_WCVP"",""candidate"":""Ophrys manfredoniae subsp. cerrogordensis"",""score"":0.83033,""taxonomic_status"":""Synonym"",""accepted_id"":""141434"",""accepted_name_resolved"":""Ophrys manfredoniae"",""taxon_id"":""494412""},{""source"":""WFO"",""candidate"":""Ophrys manfredoniae subsp. cerrogordensis"",""score"":0.83033,""taxonomic_status"":""Unchecked"",""accepted_id"":"""",""accepted_name_resolved"":"""",""taxon_id"":""wfo-0001360350""}]",False,False,2026-08-19T17:37:55.237617+00:00
1819,CARYOPHYLLACEAE,Paronychia capitata var. capitata,NO_EXACT_MATCH,NO_RESPONSE_ALL_THREE,STRONG_SPELLING_OR_NOMENCLATURAL_CANDIDATE,Paronychia capitata subsp. capitata,3,paronychia capitata,powo;wfo;anthos,,,,"[{""source"":""POWO_WCVP"",""candidate"":""Paronychia capitata var. acuminata"",""score"":0.95154,""taxonomic_status"":""Synonym"",""accepted_id"":""3260100"",""accepted_name_resolved"":""Paronychia capitata subsp. capitata"",""taxon_id"":""2908169""},{""source"":""ANTHOS"",""candidate"":""Paronychia capitata subsp. capitata"",""score"":0.94545,""taxonomic_status"":"""",""accepted_id"":"""",""accepted_name_resolved"":"""",""taxon_id"":""FUND. BIODIVERSIDAD:ANTHOS:65822""},{""source"":""POWO_WCVP"",""candidate"":""Paronychia capitata subsp. capitata"",""score"":0.94545,""taxonomic_status"":""Accepted"",""accepted_id"":""3260100"",""accepted_name_resolved"":""Paronychia capitata subsp. capitata"",""taxon_id"":""3260100""},{""source"":""WFO"",""candidate"":""Paronychia capitata subsp. capitata"",""score"":0.94545,""taxonomic_status"":""Unchecked"",""accepted_id"":"""",""accepted_name_resolved"":"""",""taxon_id"":""wfo-1200108407""},{""source"":""POWO_WCVP"",""candidate"":""Paronychia capitata var. obtusata"",""score"":0.94375,""taxonomic_status"":""Synonym"",""accepted_id"":""3260133"",""accepted_name_resolved"":""Paronychia kapela subsp. kapela"",""taxon_id"":""2908178""},{""source"":""POWO_WCVP"",""candidate"":""Paronychia capitata var. scabrida"",""score"":0.94375,""taxonomic_status"":""Synonym"",""accepted_id"":""3260100"",""accepted_name_resolved"":""Paronychia capitata subsp. capitata"",""taxon_id"":""3307839""},{""source"":""POWO_WCVP"",""candidate"":""Paronychia capitata var. chabloziana"",""score"":0.93955,""taxonomic_status"":""Synonym"",""accepted_id"":""2530526"",""accepted_name_resolved"":""Paronychia chabloziana"",""taxon_id"":""2908179""},{""source"":""ANTHOS"",""candidate"":""Paronychia capitata"",""score"":0.88529,""taxonomic_status"":"""",""accepted_id"":"""",""accepted_name_resolved"":"""",""taxon_id"":""FUND. BIODIVERSIDAD:ANTHOS:21389""},{""source"":""WFO"",""candidate"":""Paronychia capitata"",""score"":0.88529,""taxonomic_status"":""Accepted"",""accepted_id"":"""",""accepted_name_resolved"":"""",""taxon_id"":""wfo-0000464905""},{""source"":""ANTHOS"",""candidate"":""Paronychia capitata subsp. canariensis"",""score"":0.86304,""taxonomic_status"":"""",""accepted_id"":"""",""accepted_name_resolved"":"""",""taxon_id"":""FUND. BIODIVERSIDAD:ANTHOS:262653""},{""source"":""WFO"",""candidate"":""Paronychia capitata subsp. canariensis"",""score"":0.86304,""taxonomic_status"":""Accepted"",""accepted_id"":"""",""accepted_name_resolved"":"""",""taxon_id"":""wfo-0001363749""},{""source"":""WFO"",""candidate"":""Paronychia capitata subsp. atlantica"",""score"":0.85896,""taxonomic_status"":""Unchecked"",""accepted_id"":"""",""accepted_name_resolved"":"""",""taxon_id"":""wfo-1200011526""}]",False,False,2026-08-19T17:37:55.237746+00:00
1843,ASTERACEAE,Phagnalon saxatilis,NO_API_TAXON,NO_RESPONSE_ALL_THREE,STRONG_SPELLING_OR_NOMENCLATURAL_CANDIDATE,Phagnalon saxatile,3,phagnalon saxatilis,,,,,"[{""source"":""ANTHOS"",""candidate"":""Phagnalon saxatile"",""score"":0.86645,""taxonomic_status"":"""",""accepted_id"":"""",""accepted_name_resolved"":"""",""taxon_id"":""FUND. BIODIVERSIDAD:ANTHOS:1125184""},{""source"":""POWO_WCVP"",""candidate"":""Phagnalon saxatile"",""score"":0.86645,""taxonomic_status"":""Accepted"",""accepted_id"":""3087528"",""accepted_name_resolved"":""Phagnalon saxatile"",""taxon_id"":""3087528""},{""source"":""WFO"",""candidate"":""Phagnalon saxatile"",""score"":0.86645,""taxonomic_status"":""Accepted"",""accepted_id"":"""",""accepted_name_resolved"":"""",""taxon_id"":""wfo-0000071159""}]",False,False,2026-08-19T17:37:55.237798+00:00
1869,PINACEAE,Picea abies subsp. abies,NO_EXACT_MATCH,NO_RESPONSE_ALL_THREE,STRONG_SPELLING_OR_NOMENCLATURAL_CANDIDATE,Picea abies var. abies,2,picea abies,powo;wfo,,,,"[{""source"":""WFO"",""candidate"":""Picea abies subsp. alpestris"",""score"":0.928,""taxonomic_status"":""Unchecked"",""accepted_id"":"""",""accepted_name_resolved"":"""",""taxon_id"":""wfo-0001368648""},{""source"":""POWO_WCVP"",""candidate"":""Picea abies var. abies"",""score"":0.91818,""taxonomic_status"":""Accepted"",""accepted_id"":""469547"",""accepted_name_resolved"":""Picea abies var. abies"",""taxon_id"":""469547""},{""source"":""WFO"",""candidate"":""Picea abies var. abies"",""score"":0.91818,""taxonomic_status"":""Accepted"",""accepted_id"":"""",""accepted_name_resolved"":"""",""taxon_id"":""wfo-1200027390""},{""source"":""POWO_WCVP"",""candidate"":""Picea abies subsp. europaea"",""score"":0.91735,""taxonomic_status"":""Synonym"",""accepted_id"":""469547"",""accepted_name_resolved"":""Picea abies var. abies"",""taxon_id"":""550533""},{""source"":""WFO"",""candidate"":""Picea abies subsp. europaea"",""score"":0.91735,""taxonomic_status"":""Synonym"",""accepted_id"":""wfo-1200027390"",""accepted_name_resolved"":""Picea abies var. abies"",""taxon_id"":""wfo-0001091679""},{""source"":""POWO_WCVP"",""candidate"":""Picea abies subsp. acuminata"",""score"":0.91,""taxonomic_status"":""Synonym"",""accepted_id"":""386047"",""accepted_name_resolved"":""Picea abies var. acuminata"",""taxon_id"":""380392""},{""source"":""WFO"",""candidate"":""Picea abies subsp. acuminata"",""score"":0.91,""taxonomic_status"":""Synonym"",""accepted_id"":""wfo-0000736134"",""accepted_name_resolved"":""Picea abies var. acuminata"",""taxon_id"":""wfo-0000482012""},{""source"":""POWO_WCVP"",""candidate"":""Picea abies subsp. fennica"",""score"":0.90625,""taxonomic_status"":""Synonym"",""accepted_id"":""386059"",""accepted_name_resolved"":""Picea fennica"",""taxon_id"":""380388""},{""source"":""POWO_WCVP"",""candidate"":""Picea abies subsp. obovata"",""score"":0.90625,""taxonomic_status"":""Synonym"",""accepted_id"":""380724"",""accepted_name_resolved"":""Picea obovata"",""taxon_id"":""386092""},{""source"":""WFO"",""candidate"":""Picea abies subsp. fennica"",""score"":0.90625,""taxonomic_status"":""Synonym"",""accepted_id"":""wfo-0000736191"",""accepted_name_resolved"":""Picea fennica"",""taxon_id"":""wfo-0000482008""}]",False,False,2026-08-19T17:37:55.237906+00:00
1924,ORCHIDACEAE,Platanthera clorantha,NO_API_TAXON,NO_RESPONSE_ALL_THREE,STRONG_SPELLING_OR_NOMENCLATURAL_CANDIDATE,Platanthera chlorantha,3,platanthera clorantha,,,,,"[{""source"":""ANTHOS"",""candidate"":""Platanthera chlorantha"",""score"":0.96059,""taxonomic_status"":"""",""accepted_id"":"""",""accepted_name_resolved"":"""",""taxon_id"":""FUND. BIODIVERSIDAD:ANTHOS:38660""},{""source"":""POWO_WCVP"",""candidate"":""Platanthera chlorantha"",""score"":0.96059,""taxonomic_status"":""Accepted"",""accepted_id"":""157076"",""accepted_name_resolved"":""Platanthera chlorantha"",""taxon_id"":""157076""},{""source"":""WFO"",""candidate"":""Platanthera chlorantha"",""score"":0.96059,""taxonomic_status"":""Accepted"",""accepted_id"":"""",""accepted_name_resolved"":"""",""taxon_id"":""wfo-0000274376""},{""source"":""POWO_WCVP"",""candidate"":""Platanthera chlorantha var. densa"",""score"":0.87766,""taxonomic_status"":""Synonym"",""accepted_id"":""157109"",""accepted_name_resolved"":"""",""taxon_id"":""454827""},{""source"":""WFO"",""candidate"":""Platanthera chlorantha var. densa"",""score"":0.87766,""taxonomic_status"":""Synonym"",""accepted_id"":""wfo-0000274413"",""accepted_name_resolved"":""Platanthera densa"",""taxon_id"":""wfo-0000910738""},{""source"":""POWO_WCVP"",""candidate"":""Platanthera chlorantha f. bracteata"",""score"":0.86469,""taxonomic_status"":""Synonym"",""accepted_id"":""157076"",""accepted_name_resolved"":""Platanthera chlorantha"",""taxon_id"":""376788""},{""source"":""POWO_WCVP"",""candidate"":""Platanthera chlorantha var. montana"",""score"":0.86469,""taxonomic_status"":""Synonym"",""accepted_id"":""157076"",""accepted_name_resolved"":""Platanthera chlorantha"",""taxon_id"":""340999""},{""source"":""POWO_WCVP"",""candidate"":""Platanthera chlorantha var. robusta"",""score"":0.86469,""taxonomic_status"":""Synonym"",""accepted_id"":""157076"",""accepted_name_resolved"":""Platanthera chlorantha"",""taxon_id"":""465580""},{""source"":""WFO"",""candidate"":""Platanthera chlorantha f. bracteata"",""score"":0.86469,""taxonomic_status"":""Synonym"",""accepted_id"":""wfo-0000274376"",""accepted_name_resolved"":""Platanthera chlorantha"",""taxon_id"":""wfo-0000839460""},{""source"":""WFO"",""candidate"":""Platanthera chlorantha var. montana"",""score"":0.86469,""taxonomic_status"":""Synonym"",""accepted_id"":""wfo-0000274376"",""accepted_name_resolved"":""Platanthera chlorantha"",""taxon_id"":""wfo-0000802607""},{""source"":""WFO"",""candidate"":""Platanthera chlorantha var. robusta"",""score"":0.86469,""taxonomic_status"":""Synonym"",""accepted_id"":""wfo-0000274376"",""accepted_name_resolved"":""Platanthera chlorantha"",""taxon_id"":""wfo-0000920131""}]",False,False,2026-08-19T17:37:55.238035+00:00
1969,POLYPODIACEAE,Polypodium x mantoniae,UNPARSABLE_NAME,NO_RESPONSE_ALL_THREE,STRONG_SPELLING_OR_NOMENCLATURAL_CANDIDATE,Polypodium mantoniae,2,,,,,,"[{""source"":""POWO_WCVP"",""candidate"":""Polypodium mantoniae"",""score"":0.97857,""taxonomic_status"":""Accepted"",""accepted_id"":""3215588"",""accepted_name_resolved"":""Polypodium mantoniae"",""taxon_id"":""3215588""},{""source"":""WFO"",""candidate"":""Polypodium mantoniae"",""score"":0.97857,""taxonomic_status"":""Synonym"",""accepted_id"":""wfo-1200105105"",""accepted_name_resolved"":"""",""taxon_id"":""wfo-0001107396""}]",False,False,2026-08-19T17:37:55.238068+00:00
1970,POLYPODIACEAE,Polypodium x shivasiae,UNPARSABLE_NAME,NO_RESPONSE_ALL_THREE,STRONG_SPELLING_OR_NOMENCLATURAL_CANDIDATE,Polypodium shivasiae,2,,,,,,"[{""source"":""POWO_WCVP"",""candidate"":""Polypodium shivasiae"",""score"":0.97857,""taxonomic_status"":""Accepted"",""accepted_id"":""3189208"",""accepted_name_resolved"":""Polypodium shivasiae"",""taxon_id"":""3189208""},{""source"":""WFO"",""candidate"":""Polypodium shivasiae"",""score"":0.97857,""taxonomic_status"":""Accepted"",""accepted_id"":"""",""accepted_name_resolved"":"""",""taxon_id"":""wfo-0000150029""}]",False,False,2026-08-19T17:37:55.238097+00:00
1977,DRYOPTERIDACEAE,Polystichum x bicknellii,UNPARSABLE_NAME,NO_RESPONSE_ALL_THREE,STRONG_SPELLING_OR_NOMENCLATURAL_CANDIDATE,Polystichum bicknellii,2,,,,,,"[{""source"":""POWO_WCVP"",""candidate"":""Polystichum bicknellii"",""score"":0.98043,""taxonomic_status"":""Accepted"",""accepted_id"":""3151526"",""accepted_name_resolved"":""Polystichum bicknellii"",""taxon_id"":""3151526""},{""source"":""WFO"",""candidate"":""Polystichum bicknellii"",""score"":0.98043,""taxonomic_status"":""Accepted"",""accepted_id"":"""",""accepted_name_resolved"":"""",""taxon_id"":""wfo-0000144262""},{""source"":""WFO"",""candidate"":""Polystichum bichnellii"",""score"":0.90587,""taxonomic_status"":""Accepted"",""accepted_id"":"""",""accepted_name_resolved"":"""",""taxon_id"":""wfo-0001115813""}]",False,False,2026-08-19T17:37:55.238145+00:00
1978,DRYOPTERIDACEAE,Polystichum x illyricum,UNPARSABLE_NAME,NO_RESPONSE_ALL_THREE,STRONG_SPELLING_OR_NOMENCLATURAL_CANDIDATE,Polystichum illyricum,2,,,,,,"[{""source"":""POWO_WCVP"",""candidate"":""Polystichum illyricum"",""score"":0.97955,""taxonomic_status"":""Accepted"",""accepted_id"":""3151537"",""accepted_name_resolved"":""Polystichum illyricum"",""taxon_id"":""3151537""},{""source"":""WFO"",""candidate"":""Polystichum illyricum"",""score"":0.97955,""taxonomic_status"":""Accepted"",""accepted_id"":"""",""accepted_name_resolved"":"""",""taxon_id"":""wfo-0000144348""},{""source"":""WFO"",""candidate"":""Polystichum illiricum"",""score"":0.89798,""taxonomic_status"":""Accepted"",""accepted_id"":"""",""accepted_name_resolved"":"""",""taxon_id"":""wfo-0001115817""}]",False,False,2026-08-19T17:37:55.238185+00:00
1983,SALICACEAE,Populus x canadensis,UNPARSABLE_NAME,NO_RESPONSE_ALL_THREE,STRONG_SPELLING_OR_NOMENCLATURAL_CANDIDATE,Populus canadensis,2,,,,,,"[{""source"":""POWO_WCVP"",""candidate"":""Populus canadensis"",""score"":0.97632,""taxonomic_status"":""Artificial Hybrid"",""accepted_id"":""2921452"",""accepted_name_resolved"":""Populus canadensis"",""taxon_id"":""2921452""},{""source"":""WFO"",""candidate"":""Populus canadensis"",""score"":0.97632,""taxonomic_status"":""Synonym"",""accepted_id"":""wfo-0000928240"",""accepted_name_resolved"":""Populus deltoides subsp. monilifera"",""taxon_id"":""wfo-0000928184""},{""source"":""POWO_WCVP"",""candidate"":""Populus canadensis f. aurea"",""score"":0.90217,""taxonomic_status"":""Illegitimate"",""accepted_id"":""2921452"",""accepted_name_resolved"":""Populus canadensis"",""taxon_id"":""2920796""},{""source"":""WFO"",""candidate"":""Populus canadensis f. aurea"",""score"":0.90217,""taxonomic_status"":""Unchecked"",""accepted_id"":"""",""accepted_name_resolved"":"""",""taxon_id"":""wfo-0001323623""},{""source"":""POWO_WCVP"",""candidate"":""Populus canadensis f. erecta"",""score"":0.89468,""taxonomic_status"":""Synonym"",""accepted_id"":""2921452"",""accepted_name_resolved"":""Populus canadensis"",""taxon_id"":""2920787""},{""source"":""WFO"",""candidate"":""Populus canadensis f. erecta"",""score"":0.89468,""taxonomic_status"":""Unchecked"",""accepted_id"":"""",""accepted_name_resolved"":"""",""taxon_id"":""wfo-0001323597""},{""source"":""POWO_WCVP"",""candidate"":""Populus canadensis f. eugenei"",""score"":0.8875,""taxonomic_status"":""Synonym"",""accepted_id"":""2921452"",""accepted_name_resolved"":""Populus canadensis"",""taxon_id"":""2922641""},{""source"":""POWO_WCVP"",""candidate"":""Populus canadensis f. robusta"",""score"":0.8875,""taxonomic_status"":""Synonym"",""accepted_id"":""2921452"",""accepted_name_resolved"":""Populus canadensis"",""taxon_id"":""2922642""},{""source"":""WFO"",""candidate"":""Populus canadensis var. erecta"",""score"":0.88061,""taxonomic_status"":""Unchecked"",""accepted_id"":"""",""accepted_name_resolved"":"""",""taxon_id"":""wfo-0001392095""},{""source"":""WFO"",""candidate"":""Populus canadensis var. gelrica"",""score"":0.874,""taxonomic_status"":""Unchecked"",""accepted_id"":"""",""accepted_name_resolved"":"""",""taxon_id"":""wfo-0001370521""}]",False,False,2026-08-19T17:37:55.238293+00:00
2041,ASTERACEAE,Pulicaria dysenterica subsp. hispanica,NO_EXACT_MATCH,NO_RESPONSE_ALL_THREE,STRONG_SPELLING_OR_NOMENCLATURAL_CANDIDATE,Pulicaria dysenterica,3,pulicaria dysenterica,powo;wfo;anthos,,,,"[{""source"":""POWO_WCVP"",""candidate"":""Pulicaria dysenterica subsp. dysenterica"",""score"":0.94079,""taxonomic_status"":""Accepted"",""accepted_id"":""3113608"",""accepted_name_resolved"":""Pulicaria dysenterica subsp. dysenterica"",""taxon_id"":""3113608""},{""source"":""WFO"",""candidate"":""Pulicaria dysenterica subsp. dysenterica"",""score"":0.94079,""taxonomic_status"":""Accepted"",""accepted_id"":"""",""accepted_name_resolved"":"""",""taxon_id"":""wfo-0000084842""},{""source"":""POWO_WCVP"",""candidate"":""Pulicaria dysenterica subsp. uliginosa"",""score"":0.92703,""taxonomic_status"":""Accepted"",""accepted_id"":""3239308"",""accepted_name_resolved"":""Pulicaria dysenterica subsp. uliginosa"",""taxon_id"":""3239308""},{""source"":""WFO"",""candidate"":""Pulicaria dysenterica subsp. uliginosa"",""score"":0.92703,""taxonomic_status"":""Accepted"",""accepted_id"":"""",""accepted_name_resolved"":"""",""taxon_id"":""wfo-0000102337""},{""source"":""POWO_WCVP"",""candidate"":""Pulicaria dysenterica subsp. dentata"",""score"":0.925,""taxonomic_status"":""Synonym"",""accepted_id"":""3239308"",""accepted_name_resolved"":""Pulicaria dysenterica subsp. uliginosa"",""taxon_id"":""3239309""},{""source"":""WFO"",""candidate"":""Pulicaria dysenterica var. dysenterica"",""score"":0.87838,""taxonomic_status"":""Synonym"",""accepted_id"":""wfo-0000012754"",""accepted_name_resolved"":""Pulicaria dysenterica"",""taxon_id"":""wfo-0000047773""},{""source"":""ANTHOS"",""candidate"":""Pulicaria dysenterica"",""score"":0.87586,""taxonomic_status"":"""",""accepted_id"":"""",""accepted_name_resolved"":"""",""taxon_id"":""FUND. BIODIVERSIDAD:ANTHOS:33018""},{""source"":""POWO_WCVP"",""candidate"":""Pulicaria dysenterica"",""score"":0.87586,""taxonomic_status"":""Accepted"",""accepted_id"":""3113594"",""accepted_name_resolved"":""Pulicaria dysenterica"",""taxon_id"":""3113594""},{""source"":""WFO"",""candidate"":""Pulicaria dysenterica"",""score"":0.87586,""taxonomic_status"":""Accepted"",""accepted_id"":"""",""accepted_name_resolved"":"""",""taxon_id"":""wfo-0000012754""},{""source"":""POWO_WCVP"",""candidate"":""Pulicaria dysenterica var. ramosissima"",""score"":0.86622,""taxonomic_status"":""Synonym"",""accepted_id"":""3113608"",""accepted_name_resolved"":""Pulicaria dysenterica subsp. dysenterica"",""taxon_id"":""3252214""},{""source"":""WFO"",""candidate"":""Pulicaria dysenterica var. stenophylla"",""score"":0.86622,""taxonomic_status"":""Synonym"",""accepted_id"":""wfo-0000122020"",""accepted_name_resolved"":""Pulicaria arabica"",""taxon_id"":""wfo-0000033618""}]",False,False,2026-08-19T17:37:55.238414+00:00
2061,RANUNCULACEAE,Ranunculus aconitifoius,NO_API_TAXON,NO_RESPONSE_ALL_THREE,STRONG_SPELLING_OR_NOMENCLATURAL_CANDIDATE,Ranunculus aconitifolius,3,ranunculus aconitifoius,,,,,"[{""source"":""ANTHOS"",""candidate"":""Ranunculus aconitifolius"",""score"":0.96843,""taxonomic_status"":"""",""accepted_id"":"""",""accepted_name_resolved"":"""",""taxon_id"":""FUND. BIODIVERSIDAD:ANTHOS:22174""},{""source"":""POWO_WCVP"",""candidate"":""Ranunculus aconitifolius"",""score"":0.96843,""taxonomic_status"":""Accepted"",""accepted_id"":""2524463"",""accepted_name_resolved"":""Ranunculus aconitifolius"",""taxon_id"":""2524463""},{""source"":""WFO"",""candidate"":""Ranunculus aconitifolius"",""score"":0.96843,""taxonomic_status"":""Accepted"",""accepted_id"":"""",""accepted_name_resolved"":"""",""taxon_id"":""wfo-0000461398""},{""source"":""POWO_WCVP"",""candidate"":""Ranunculus aconitifolius f. incisus"",""score"":0.89116,""taxonomic_status"":""Synonym"",""accepted_id"":""2524463"",""accepted_name_resolved"":""Ranunculus aconitifolius"",""taxon_id"":""2928540""},{""source"":""POWO_WCVP"",""candidate"":""Ranunculus aconitifolius var. nanus"",""score"":0.89116,""taxonomic_status"":""Synonym"",""accepted_id"":""2524463"",""accepted_name_resolved"":""Ranunculus aconitifolius"",""taxon_id"":""2926424""},{""source"":""POWO_WCVP"",""candidate"":""Ranunculus aconitifolius var. medius"",""score"":0.8849,""taxonomic_status"":""Synonym"",""accepted_id"":""2524463"",""accepted_name_resolved"":""Ranunculus aconitifolius"",""taxon_id"":""2930723""},{""source"":""POWO_WCVP"",""candidate"":""Ranunculus aconitifolius f. integrior"",""score"":0.87885,""taxonomic_status"":""Synonym"",""accepted_id"":""2524463"",""accepted_name_resolved"":""Ranunculus aconitifolius"",""taxon_id"":""2928539""},{""source"":""WFO"",""candidate"":""Ranunculus aconitifolius var. platanifolius"",""score"":0.84646,""taxonomic_status"":""Synonym"",""accepted_id"":""wfo-0000463576"",""accepted_name_resolved"":""Ranunculus platanifolius"",""taxon_id"":""wfo-0001129928""},{""source"":""WFO"",""candidate"":""Ranunculus aconitifolius subsp. platanifolius"",""score"":0.83696,""taxonomic_status"":""Synonym"",""accepted_id"":""wfo-0000463576"",""accepted_name_resolved"":""Ranunculus platanifolius"",""taxon_id"":""wfo-0001129927""},{""source"":""WFO"",""candidate"":""Ranunculus aconitoides"",""score"":0.83043,""taxonomic_status"":""Unchecked"",""accepted_id"":"""",""accepted_name_resolved"":"""",""taxon_id"":""wfo-0000461394""}]",False,False,2026-08-19T17:37:55.238524+00:00
2088,RANUNCULACEAE,Ranunculus peltatus var. peltatus,NO_EXACT_MATCH,NO_RESPONSE_ALL_THREE,STRONG_SPELLING_OR_NOMENCLATURAL_CANDIDATE,Ranunculus peltatus subsp. peltatus,2,ranunculus peltatus,powo;wfo;anthos,,,,"[{""source"":""ANTHOS"",""candidate"":""Ranunculus peltatus subsp. peltatus"",""score"":0.94545,""taxonomic_status"":"""",""accepted_id"":"""",""accepted_name_resolved"":"""",""taxon_id"":""FUND. BIODIVERSIDAD:ANTHOS:1124367""},{""source"":""WFO"",""candidate"":""Ranunculus peltatus subsp. peltatus"",""score"":0.94545,""taxonomic_status"":""Unchecked"",""accepted_id"":"""",""accepted_name_resolved"":"""",""taxon_id"":""wfo-1200108503""},{""source"":""POWO_WCVP"",""candidate"":""Ranunculus peltatus var. rhiphaeus"",""score"":0.93769,""taxonomic_status"":""Synonym"",""accepted_id"":""2526777"",""accepted_name_resolved"":"""",""taxon_id"":""2930896""},{""source"":""POWO_WCVP"",""candidate"":""Ranunculus peltatus var. heterophyllus"",""score"":0.91522,""taxonomic_status"":""Synonym"",""accepted_id"":""2524163"",""accepted_name_resolved"":""Ranunculus aquatilis"",""taxon_id"":""2526912""},{""source"":""WFO"",""candidate"":""Ranunculus peltatus var. heterophyllus"",""score"":0.91522,""taxonomic_status"":""Unchecked"",""accepted_id"":"""",""accepted_name_resolved"":"""",""taxon_id"":""wfo-0001401698""},{""source"":""POWO_WCVP"",""candidate"":""Ranunculus peltatus var. microcarpus"",""score"":0.91269,""taxonomic_status"":""Synonym"",""accepted_id"":""2525384"",""accepted_name_resolved"":""Ranunculus sphaerospermus"",""taxon_id"":""3004840""},{""source"":""POWO_WCVP"",""candidate"":""Ranunculus peltatus f. dissectus"",""score"":0.90714,""taxonomic_status"":""Synonym"",""accepted_id"":""2524645"",""accepted_name_resolved"":""Ranunculus trichophyllus"",""taxon_id"":""3256980""},{""source"":""POWO_WCVP"",""candidate"":""Ranunculus peltatus var. septentrionalis"",""score"":0.90493,""taxonomic_status"":""Synonym"",""accepted_id"":""2526812"",""accepted_name_resolved"":""Ranunculus schmalhausenii"",""taxon_id"":""2908604""},{""source"":""WFO"",""candidate"":""Ranunculus peltatus subsp. pseudofluitans"",""score"":0.8875,""taxonomic_status"":""Synonym"",""accepted_id"":""wfo-0000735363"",""accepted_name_resolved"":""Ranunculus pseudofluitans"",""taxon_id"":""wfo-0001364793""},{""source"":""ANTHOS"",""candidate"":""Ranunculus peltatus"",""score"":0.88529,""taxonomic_status"":"""",""accepted_id"":"""",""accepted_name_resolved"":"""",""taxon_id"":""FUND. BIODIVERSIDAD:ANTHOS:57642""},{""source"":""WFO"",""candidate"":""Ranunculus peltatus"",""score"":0.88529,""taxonomic_status"":""Accepted"",""accepted_id"":"""",""accepted_name_resolved"":"""",""taxon_id"":""wfo-0000463389""},{""source"":""WFO"",""candidate"":""Ranunculus peltatus subsp. sphaerospermus"",""score"":0.875,""taxonomic_status"":""Synonym"",""accepted_id"":""wfo-0000462155"",""accepted_name_resolved"":""Ranunculus sphaerospermus"",""taxon_id"":""wfo-0000748204""}]",False,False,2026-08-19T17:37:55.238674+00:00
2115,RHAMNACEAE,Rhamnus alaternus subsp. munyozgarmediae,NO_EXACT_MATCH,NO_RESPONSE_ALL_THREE,STRONG_SPELLING_OR_NOMENCLATURAL_CANDIDATE,Rhamnus alaternus subsp. munozgarmendiae,2,rhamnus alaternus,powo;wfo;anthos,,,,"[{""source"":""POWO_WCVP"",""candidate"":""Rhamnus alaternus subsp. munozgarmendiae"",""score"":0.98846,""taxonomic_status"":""Accepted"",""accepted_id"":""2998178"",""accepted_name_resolved"":""Rhamnus alaternus subsp. munozgarmendiae"",""taxon_id"":""2998178""},{""source"":""WFO"",""candidate"":""Rhamnus alaternus subsp. munozgarmendiae"",""score"":0.98846,""taxonomic_status"":""Accepted"",""accepted_id"":"""",""accepted_name_resolved"":"""",""taxon_id"":""wfo-0001362631""},{""source"":""POWO_WCVP"",""candidate"":""Rhamnus alaternus subsp. myrtifolia"",""score"":0.90753,""taxonomic_status"":""Synonym"",""accepted_id"":""2523120"",""accepted_name_resolved"":""Rhamnus myrtifolia"",""taxon_id"":""2931327""},{""source"":""POWO_WCVP"",""candidate"":""Rhamnus alaternus subsp. parvifolia"",""score"":0.89521,""taxonomic_status"":""Synonym"",""accepted_id"":""3260022"",""accepted_name_resolved"":""Rhamnus alaternus subsp. alaternus"",""taxon_id"":""3252561""},{""source"":""POWO_WCVP"",""candidate"":""Rhamnus alaternus subsp. pendula"",""score"":0.88429,""taxonomic_status"":""Accepted"",""accepted_id"":""2525858"",""accepted_name_resolved"":""Rhamnus alaternus subsp. pendula"",""taxon_id"":""2525858""},{""source"":""WFO"",""candidate"":""Rhamnus alaternus subsp. pendula"",""score"":0.88429,""taxonomic_status"":""Accepted"",""accepted_id"":"""",""accepted_name_resolved"":"""",""taxon_id"":""wfo-0001364801""},{""source"":""POWO_WCVP"",""candidate"":""Rhamnus alaternus subsp. picenensis"",""score"":0.88288,""taxonomic_status"":""Synonym"",""accepted_id"":""3260022"",""accepted_name_resolved"":""Rhamnus alaternus subsp. alaternus"",""taxon_id"":""3013814""},{""source"":""ANTHOS"",""candidate"":""Rhamnus alaternus subsp. alaternus"",""score"":0.8625,""taxonomic_status"":"""",""accepted_id"":"""",""accepted_name_resolved"":"""",""taxon_id"":""FUND. BIODIVERSIDAD:ANTHOS:79873""},{""source"":""WFO"",""candidate"":""Rhamnus alaternus subsp. alaternus"",""score"":0.8625,""taxonomic_status"":""Unchecked"",""accepted_id"":"""",""accepted_name_resolved"":"""",""taxon_id"":""wfo-1200108112""},{""source"":""WFO"",""candidate"":""Rhamnus alaternus var. vulgaris"",""score"":0.85,""taxonomic_status"":""Synonym"",""accepted_id"":""wfo-0000462513"",""accepted_name_resolved"":""Rhamnus alaternus"",""taxon_id"":""wfo-0000737673""},{""source"":""WFO"",""candidate"":""Rhamnus alaternus var. balearica"",""score"":0.84571,""taxonomic_status"":""Synonym"",""accepted_id"":""wfo-0000460321"",""accepted_name_resolved"":""Rhamnus ludovici-salvatoris"",""taxon_id"":""wfo-0000737671""},{""source"":""ANTHOS"",""candidate"":""Rhamnus alaternus"",""score"":0.82321,""taxonomic_status"":"""",""accepted_id"":"""",""accepted_name_resolved"":"""",""taxon_id"":""FUND. BIODIVERSIDAD:ANTHOS:26694""}]",False,False,2026-08-19T17:37:55.238805+00:00
2144,ROSACEAE,Rosa blondeana,NO_API_TAXON,NO_RESPONSE_ALL_THREE,STRONG_SPELLING_OR_NOMENCLATURAL_CANDIDATE,Rosa blondaeana,3,rosa blondeana,,,,,"[{""source"":""ANTHOS"",""candidate"":""Rosa blondaeana"",""score"":0.95554,""taxonomic_status"":"""",""accepted_id"":"""",""accepted_name_resolved"":"""",""taxon_id"":""FUND. BIODIVERSIDAD:ANTHOS:23968""},{""source"":""POWO_WCVP"",""candidate"":""Rosa blondaeana"",""score"":0.95554,""taxonomic_status"":""Synonym"",""accepted_id"":""2972026"",""accepted_name_resolved"":""Rosa nitidula"",""taxon_id"":""2965909""},{""source"":""WFO"",""candidate"":""Rosa blondaeana"",""score"":0.95554,""taxonomic_status"":""Synonym"",""accepted_id"":""wfo-0000997291"",""accepted_name_resolved"":""Rosa nitidula"",""taxon_id"":""wfo-0000983905""}]",False,False,2026-08-19T17:37:55.238843+00:00
2166,ROSACEAE,Rubus caesius x R. ulmifolius,NO_EXACT_MATCH,NO_RESPONSE_ALL_THREE,STRONG_SPELLING_OR_NOMENCLATURAL_CANDIDATE,Rubus caesius var. mollifolius,2,,,,,,"[{""source"":""POWO_WCVP"",""candidate"":""Rubus caesius var. mollifolius"",""score"":0.92895,""taxonomic_status"":""Synonym"",""accepted_id"":""2977789"",""accepted_name_resolved"":"""",""taxon_id"":""2977869""},{""source"":""WFO"",""candidate"":""Rubus caesius var. mollifolius"",""score"":0.92895,""taxonomic_status"":""Synonym"",""accepted_id"":""wfo-0001017340"",""accepted_name_resolved"":"""",""taxon_id"":""wfo-1200082842""},{""source"":""POWO_WCVP"",""candidate"":""Rubus caesius var. mollis"",""score"":0.91346,""taxonomic_status"":""Synonym"",""accepted_id"":""2977789"",""accepted_name_resolved"":"""",""taxon_id"":""2977871""},{""source"":""WFO"",""candidate"":""Rubus caesius var. mollis"",""score"":0.91346,""taxonomic_status"":""Synonym"",""accepted_id"":""wfo-0001017340"",""accepted_name_resolved"":"""",""taxon_id"":""wfo-1200082843""},{""source"":""POWO_WCVP"",""candidate"":""Rubus caesius var. parvifolius"",""score"":0.91316,""taxonomic_status"":""Synonym"",""accepted_id"":""2977789"",""accepted_name_resolved"":"""",""taxon_id"":""2977873""},{""source"":""WFO"",""candidate"":""Rubus caesius var. parvifolius"",""score"":0.91316,""taxonomic_status"":""Synonym"",""accepted_id"":""wfo-0001017340"",""accepted_name_resolved"":"""",""taxon_id"":""wfo-1200082844""},{""source"":""POWO_WCVP"",""candidate"":""Rubus caesius var. tomentosifolius"",""score"":0.9041,""taxonomic_status"":""Synonym"",""accepted_id"":""2977789"",""accepted_name_resolved"":"""",""taxon_id"":""2977911""},{""source"":""WFO"",""candidate"":""Rubus caesius var. tomentosifolius"",""score"":0.9041,""taxonomic_status"":""Synonym"",""accepted_id"":""wfo-0001017340"",""accepted_name_resolved"":"""",""taxon_id"":""wfo-1200082865""},{""source"":""POWO_WCVP"",""candidate"":""Rubus caesius var. pusilliformis"",""score"":0.90085,""taxonomic_status"":""Synonym"",""accepted_id"":""2977789"",""accepted_name_resolved"":"""",""taxon_id"":""2977884""},{""source"":""WFO"",""candidate"":""Rubus caesius var. pusilliformis"",""score"":0.90085,""taxonomic_status"":""Synonym"",""accepted_id"":""wfo-0001017340"",""accepted_name_resolved"":"""",""taxon_id"":""wfo-1200088505""},{""source"":""ANTHOS"",""candidate"":""Rubus caesius"",""score"":0.83537,""taxonomic_status"":"""",""accepted_id"":"""",""accepted_name_resolved"":"""",""taxon_id"":""FUND. BIODIVERSIDAD:ANTHOS:23859""}]",False,False,2026-08-19T17:37:55.238958+00:00
2210,SALICACEAE,Salix atrocinerea x S. caprea,NO_EXACT_MATCH,NO_RESPONSE_ALL_THREE,STRONG_SPELLING_OR_NOMENCLATURAL_CANDIDATE,Salix atrocinerea,2,,,,,,"[{""source"":""POWO_WCVP"",""candidate"":""Salix atrocinerea f. codinae"",""score"":0.91,""taxonomic_status"":""Synonym"",""accepted_id"":""2918632"",""accepted_name_resolved"":""Salix atrocinerea"",""taxon_id"":""3282126""},{""source"":""POWO_WCVP"",""candidate"":""Salix atrocinerea f. typica"",""score"":0.9,""taxonomic_status"":""Invalid"",""accepted_id"":""2918632"",""accepted_name_resolved"":""Salix atrocinerea"",""taxon_id"":""3282138""},{""source"":""POWO_WCVP"",""candidate"":""Salix atrocinerea f. teriana"",""score"":0.89364,""taxonomic_status"":""Synonym"",""accepted_id"":""2918632"",""accepted_name_resolved"":""Salix atrocinerea"",""taxon_id"":""3282136""},{""source"":""POWO_WCVP"",""candidate"":""Salix atrocinerea f. lanceolata"",""score"":0.89138,""taxonomic_status"":""Synonym"",""accepted_id"":""2918632"",""accepted_name_resolved"":""Salix atrocinerea"",""taxon_id"":""3282129""},{""source"":""POWO_WCVP"",""candidate"":""Salix atrocinerea f. selleriana"",""score"":0.89138,""taxonomic_status"":""Synonym"",""accepted_id"":""2918632"",""accepted_name_resolved"":""Salix atrocinerea"",""taxon_id"":""3282132""},{""source"":""ANTHOS"",""candidate"":""Salix atrocinerea"",""score"":0.89,""taxonomic_status"":"""",""accepted_id"":"""",""accepted_name_resolved"":"""",""taxon_id"":""FUND. BIODIVERSIDAD:ANTHOS:1109702""},{""source"":""WFO"",""candidate"":""Salix atrocinerea"",""score"":0.89,""taxonomic_status"":""Accepted"",""accepted_id"":"""",""accepted_name_resolved"":"""",""taxon_id"":""wfo-0000928979""},{""source"":""WFO"",""candidate"":""Salix atrocinerea subsp. jahandiezii"",""score"":0.85,""taxonomic_status"":""Unchecked"",""accepted_id"":"""",""accepted_name_resolved"":"""",""taxon_id"":""wfo-0001367031""}]",False,False,2026-08-19T17:37:55.239049+00:00
2218,SALICACEAE,Salix salvifolia,NO_API_TAXON,NO_RESPONSE_ALL_THREE,STRONG_SPELLING_OR_NOMENCLATURAL_CANDIDATE,Salix salviifolia,3,salix salvifolia,,,,,"[{""source"":""ANTHOS"",""candidate"":""Salix salviifolia"",""score"":0.96017,""taxonomic_status"":"""",""accepted_id"":"""",""accepted_name_resolved"":"""",""taxon_id"":""FUND. BIODIVERSIDAD:ANTHOS:1109698""},{""source"":""POWO_WCVP"",""candidate"":""Salix salviifolia"",""score"":0.96017,""taxonomic_status"":""Accepted"",""accepted_id"":""2921620"",""accepted_name_resolved"":""Salix salviifolia"",""taxon_id"":""2921620""},{""source"":""WFO"",""candidate"":""Salix salviifolia"",""score"":0.96017,""taxonomic_status"":""Accepted"",""accepted_id"":"""",""accepted_name_resolved"":"""",""taxon_id"":""wfo-0000930869""},{""source"":""POWO_WCVP"",""candidate"":""Salix malifolia"",""score"":0.86961,""taxonomic_status"":""Unplaced"",""accepted_id"":"""",""accepted_name_resolved"":"""",""taxon_id"":""2920283""},{""source"":""WFO"",""candidate"":""Salix malifolia"",""score"":0.86961,""taxonomic_status"":""Synonym"",""accepted_id"":""wfo-0000929897"",""accepted_name_resolved"":""Salix myrsinifolia"",""taxon_id"":""wfo-0000930132""},{""source"":""POWO_WCVP"",""candidate"":""Salix amplifolia"",""score"":0.83375,""taxonomic_status"":""Synonym"",""accepted_id"":""2918257"",""accepted_name_resolved"":""Salix hookeriana"",""taxon_id"":""2918603""},{""source"":""POWO_WCVP"",""candidate"":""Salix ovalifolia"",""score"":0.83375,""taxonomic_status"":""Accepted"",""accepted_id"":""2920020"",""accepted_name_resolved"":""Salix ovalifolia"",""taxon_id"":""2920020""},{""source"":""POWO_WCVP"",""candidate"":""Salix parvifolia"",""score"":0.83375,""taxonomic_status"":""Illegitimate"",""accepted_id"":""3265671"",""accepted_name_resolved"":""Salix glauca var. glauca"",""taxon_id"":""2919930""},{""source"":""WFO"",""candidate"":""Salix amplifolia"",""score"":0.83375,""taxonomic_status"":""Synonym"",""accepted_id"":""wfo-0000928813"",""accepted_name_resolved"":""Salix hookeriana"",""taxon_id"":""wfo-0000928954""},{""source"":""WFO"",""candidate"":""Salix ovalifolia"",""score"":0.83375,""taxonomic_status"":""Accepted"",""accepted_id"":"""",""accepted_name_resolved"":"""",""taxon_id"":""wfo-0000929966""},{""source"":""WFO"",""candidate"":""Salix parvifolia"",""score"":0.83375,""taxonomic_status"":""Unchecked"",""accepted_id"":"""",""accepted_name_resolved"":"""",""taxon_id"":""wfo-0000929928""}]",False,False,2026-08-19T17:37:55.239154+00:00
2221,SALICACEAE,Salix x neotricha,UNPARSABLE_NAME,NO_RESPONSE_ALL_THREE,STRONG_SPELLING_OR_NOMENCLATURAL_CANDIDATE,Salix neotricha,2,,,,,,"[{""source"":""POWO_WCVP"",""candidate"":""Salix neotricha"",""score"":0.97188,""taxonomic_status"":""Synonym"",""accepted_id"":""3265670"",""accepted_name_resolved"":""Salix fragilis f. fragilis"",""taxon_id"":""2919792""},{""source"":""WFO"",""candidate"":""Salix neotricha"",""score"":0.97188,""taxonomic_status"":""Synonym"",""accepted_id"":""wfo-0000928470"",""accepted_name_resolved"":"""",""taxon_id"":""wfo-0000929819""}]",False,False,2026-08-19T17:37:55.239187+00:00
2222,SALICACEAE,Salix x rubens,UNPARSABLE_NAME,NO_RESPONSE_ALL_THREE,STRONG_SPELLING_OR_NOMENCLATURAL_CANDIDATE,Salix rubens,2,,,,,,"[{""source"":""POWO_WCVP"",""candidate"":""Salix rubens"",""score"":0.96538,""taxonomic_status"":""Illegitimate"",""accepted_id"":""2920408"",""accepted_name_resolved"":""Salix silesiaca"",""taxon_id"":""2920374""},{""source"":""WFO"",""candidate"":""Salix rubens"",""score"":0.96538,""taxonomic_status"":""Unchecked"",""accepted_id"":"""",""accepted_name_resolved"":"""",""taxon_id"":""wfo-0000930216""},{""source"":""POWO_WCVP"",""candidate"":""Salix rubens f. sanguinea"",""score"":0.83421,""taxonomic_status"":""Invalid"",""accepted_id"":""3223560"",""accepted_name_resolved"":""Salix fragilis f. vitellina"",""taxon_id"":""2919615""},{""source"":""POWO_WCVP"",""candidate"":""Salix rubens var. viridis"",""score"":0.83421,""taxonomic_status"":""Synonym"",""accepted_id"":""3265670"",""accepted_name_resolved"":""Salix fragilis f. fragilis"",""taxon_id"":""3253086""},{""source"":""WFO"",""candidate"":""Salix rubens f. sanguinea"",""score"":0.83421,""taxonomic_status"":""Unchecked"",""accepted_id"":"""",""accepted_name_resolved"":"""",""taxon_id"":""wfo-0001326462""},{""source"":""POWO_WCVP"",""candidate"":""Salix rubens f. basfordiana"",""score"":0.82,""taxonomic_status"":""Synonym"",""accepted_id"":""3223560"",""accepted_name_resolved"":""Salix fragilis f. vitellina"",""taxon_id"":""2919781""},{""source"":""POWO_WCVP"",""candidate"":""Salix rubens var. excelsior"",""score"":0.82,""taxonomic_status"":""Synonym"",""accepted_id"":""3265670"",""accepted_name_resolved"":""Salix fragilis f. fragilis"",""taxon_id"":""3253084""},{""source"":""WFO"",""candidate"":""Salix rubens f. basfordiana"",""score"":0.82,""taxonomic_status"":""Unchecked"",""accepted_id"":"""",""accepted_name_resolved"":"""",""taxon_id"":""wfo-0001326524""}]",False,False,2026-08-19T17:37:55.239274+00:00
2251,SAXIFRAGACEAE,Saxifraga cuneata x S. losae,NO_API_TAXON,NO_RESPONSE_ALL_THREE,STRONG_SPELLING_OR_NOMENCLATURAL_CANDIDATE,Saxifraga cuneata,3,,,,,,"[{""source"":""ANTHOS"",""candidate"":""Saxifraga cuneata"",""score"":0.89773,""taxonomic_status"":"""",""accepted_id"":"""",""accepted_name_resolved"":"""",""taxon_id"":""FUND. BIODIVERSIDAD:ANTHOS:23646""},{""source"":""POWO_WCVP"",""candidate"":""Saxifraga cuneata"",""score"":0.89773,""taxonomic_status"":""Accepted"",""accepted_id"":""2584424"",""accepted_name_resolved"":""Saxifraga cuneata"",""taxon_id"":""2584424""},{""source"":""WFO"",""candidate"":""Saxifraga cuneata"",""score"":0.89773,""taxonomic_status"":""Accepted"",""accepted_id"":"""",""accepted_name_resolved"":"""",""taxon_id"":""wfo-0000494447""},{""source"":""POWO_WCVP"",""candidate"":""Saxifraga cuneata var. valentina"",""score"":0.87586,""taxonomic_status"":""Invalid"",""accepted_id"":""2584424"",""accepted_name_resolved"":""Saxifraga cuneata"",""taxon_id"":""3282260""},{""source"":""WFO"",""candidate"":""Saxifraga cuneata var. valentina"",""score"":0.87586,""taxonomic_status"":""Synonym"",""accepted_id"":""wfo-0000494447"",""accepted_name_resolved"":""Saxifraga cuneata"",""taxon_id"":""wfo-1200095543""},{""source"":""POWO_WCVP"",""candidate"":""Saxifraga cuneata subsp. paniculata"",""score"":0.85984,""taxonomic_status"":""Synonym"",""accepted_id"":""2583769"",""accepted_name_resolved"":""Saxifraga fragilis subsp. paniculata"",""taxon_id"":""2584428""},{""source"":""POWO_WCVP"",""candidate"":""Saxifraga cuneata var. corbariensis"",""score"":0.85984,""taxonomic_status"":""Synonym"",""accepted_id"":""3261112"",""accepted_name_resolved"":""Saxifraga fragilis subsp. fragilis"",""taxon_id"":""2584436""},{""source"":""WFO"",""candidate"":""Saxifraga cuneata subsp. paniculata"",""score"":0.85984,""taxonomic_status"":""Synonym"",""accepted_id"":""wfo-0000494114"",""accepted_name_resolved"":""Saxifraga fragilis subsp. paniculata"",""taxon_id"":""wfo-0001369215""},{""source"":""WFO"",""candidate"":""Saxifraga cuneata var. corbariensis"",""score"":0.85984,""taxonomic_status"":""Synonym"",""accepted_id"":""wfo-1200095456"",""accepted_name_resolved"":""Saxifraga fragilis subsp. fragilis"",""taxon_id"":""wfo-0000494454""},{""source"":""POWO_WCVP"",""candidate"":""Saxifraga cuneata subsp. corbariensis"",""score"":0.85,""taxonomic_status"":""Synonym"",""accepted_id"":""3261112"",""accepted_name_resolved"":""Saxifraga fragilis subsp. fragilis"",""taxon_id"":""2584427""},{""source"":""WFO"",""candidate"":""Saxifraga cuneata subsp. corbariensis"",""score"":0.85,""taxonomic_status"":""Synonym"",""accepted_id"":""wfo-1200095456"",""accepted_name_resolved"":""Saxifraga fragilis subsp. fragilis"",""taxon_id"":""wfo-0000494449""}]",False,False,2026-08-19T17:37:55.239395+00:00
2263,SAXIFRAGACEAE,Saxifraga x arizagae,UNPARSABLE_NAME,NO_RESPONSE_ALL_THREE,STRONG_SPELLING_OR_NOMENCLATURAL_CANDIDATE,Saxifraga arizagae,2,,,,,,"[{""source"":""POWO_WCVP"",""candidate"":""Saxifraga arizagae"",""score"":0.97632,""taxonomic_status"":""Accepted"",""accepted_id"":""2583961"",""accepted_name_resolved"":""Saxifraga arizagae"",""taxon_id"":""2583961""},{""source"":""WFO"",""candidate"":""Saxifraga arizagae"",""score"":0.97632,""taxonomic_status"":""Accepted"",""accepted_id"":"""",""accepted_name_resolved"":"""",""taxon_id"":""wfo-0000494242""}]",False,False,2026-08-19T17:37:55.239426+00:00
2264,SAXIFRAGACEAE,Saxifraga x celtiberica,UNPARSABLE_NAME,NO_RESPONSE_ALL_THREE,STRONG_SPELLING_OR_NOMENCLATURAL_CANDIDATE,Saxifraga celtiberica,2,,,,,,"[{""source"":""POWO_WCVP"",""candidate"":""Saxifraga celtiberica"",""score"":0.97955,""taxonomic_status"":""Accepted"",""accepted_id"":""2585247"",""accepted_name_resolved"":""Saxifraga celtiberica"",""taxon_id"":""2585247""},{""source"":""WFO"",""candidate"":""Saxifraga celtiberica"",""score"":0.97955,""taxonomic_status"":""Accepted"",""accepted_id"":"""",""accepted_name_resolved"":"""",""taxon_id"":""wfo-0000494965""}]",False,False,2026-08-19T17:37:55.239455+00:00
2298,ASTERACEAE,Scorzoneriodes pyrenaica,NO_API_TAXON,NO_RESPONSE_ALL_THREE,STRONG_SPELLING_OR_NOMENCLATURAL_CANDIDATE,Scorzoneroides pyrenaica,3,scorzoneriodes pyrenaica,,,,,"[{""source"":""ANTHOS"",""candidate"":""Scorzoneroides pyrenaica"",""score"":0.9625,""taxonomic_status"":"""",""accepted_id"":"""",""accepted_name_resolved"":"""",""taxon_id"":""FUND. BIODIVERSIDAD:ANTHOS:40379""},{""source"":""POWO_WCVP"",""candidate"":""Scorzoneroides pyrenaica"",""score"":0.9625,""taxonomic_status"":""Accepted"",""accepted_id"":""3074919"",""accepted_name_resolved"":""Scorzoneroides pyrenaica"",""taxon_id"":""3074919""},{""source"":""WFO"",""candidate"":""Scorzoneroides pyrenaica"",""score"":0.9625,""taxonomic_status"":""Accepted"",""accepted_id"":"""",""accepted_name_resolved"":"""",""taxon_id"":""wfo-0000053158""},{""source"":""POWO_WCVP"",""candidate"":""Scorzoneroides pyrenaica var. helvetica"",""score"":0.89758,""taxonomic_status"":""Synonym"",""accepted_id"":""3074846"",""accepted_name_resolved"":""Scorzoneroides helvetica"",""taxon_id"":""3074845""},{""source"":""WFO"",""candidate"":""Scorzoneroides pyrenaica var. helvetica"",""score"":0.89758,""taxonomic_status"":""Synonym"",""accepted_id"":""wfo-0000128396"",""accepted_name_resolved"":""Scorzoneroides helvetica"",""taxon_id"":""wfo-0001384121""},{""source"":""POWO_WCVP"",""candidate"":""Scorzoneroides pyrenaica subsp. helvetica"",""score"":0.89062,""taxonomic_status"":""Synonym"",""accepted_id"":""3074846"",""accepted_name_resolved"":""Scorzoneroides helvetica"",""taxon_id"":""3074842""},{""source"":""POWO_WCVP"",""candidate"":""Scorzoneroides pyrenaica subsp. pyrenaica"",""score"":0.89062,""taxonomic_status"":""Accepted"",""accepted_id"":""3074940"",""accepted_name_resolved"":""Scorzoneroides pyrenaica subsp. pyrenaica"",""taxon_id"":""3074940""},{""source"":""WFO"",""candidate"":""Scorzoneroides pyrenaica subsp. helvetica"",""score"":0.89062,""taxonomic_status"":""Synonym"",""accepted_id"":""wfo-0000128396"",""accepted_name_resolved"":""Scorzoneroides helvetica"",""taxon_id"":""wfo-0001363306""},{""source"":""WFO"",""candidate"":""Scorzoneroides pyrenaica subsp. pyrenaica"",""score"":0.89062,""taxonomic_status"":""Accepted"",""accepted_id"":"""",""accepted_name_resolved"":"""",""taxon_id"":""wfo-0001425672""},{""source"":""POWO_WCVP"",""candidate"":""Scorzoneroides pyrenaica subsp. cantabrica"",""score"":0.88731,""taxonomic_status"":""Accepted"",""accepted_id"":""3074944"",""accepted_name_resolved"":""Scorzoneroides pyrenaica subsp. cantabrica"",""taxon_id"":""3074944""},{""source"":""WFO"",""candidate"":""Scorzoneroides pyrenaica subsp. cantabrica"",""score"":0.88731,""taxonomic_status"":""Accepted"",""accepted_id"":"""",""accepted_name_resolved"":"""",""taxon_id"":""wfo-0001363109""}]",False,False,2026-08-19T17:37:55.239571+00:00
2339,ORCHIDACEAE,Serapias lingua x parviflora,NO_EXACT_MATCH,NO_RESPONSE_ALL_THREE,STRONG_SPELLING_OR_NOMENCLATURAL_CANDIDATE,Serapias lingua var. parviflora,2,,,,,,"[{""source"":""POWO_WCVP"",""candidate"":""Serapias lingua var. parviflora"",""score"":0.96897,""taxonomic_status"":""Synonym"",""accepted_id"":""190707"",""accepted_name_resolved"":""Serapias parviflora"",""taxon_id"":""375889""},{""source"":""WFO"",""candidate"":""Serapias lingua var. parviflora"",""score"":0.96897,""taxonomic_status"":""Synonym"",""accepted_id"":""wfo-0000309491"",""accepted_name_resolved"":""Serapias parviflora"",""taxon_id"":""wfo-0000838577""},{""source"":""POWO_WCVP"",""candidate"":""Serapias lingua f. pallidiflora"",""score"":0.93793,""taxonomic_status"":""Synonym"",""accepted_id"":""536799"",""accepted_name_resolved"":""Serapias lingua subsp. lingua"",""taxon_id"":""190647""},{""source"":""WFO"",""candidate"":""Serapias lingua f. pallidiflora"",""score"":0.93793,""taxonomic_status"":""Synonym"",""accepted_id"":""wfo-0000309423"",""accepted_name_resolved"":""Serapias lingua subsp. lingua"",""taxon_id"":""wfo-0000309426""},{""source"":""POWO_WCVP"",""candidate"":""Serapias lingua var. hirsuta"",""score"":0.89364,""taxonomic_status"":""Synonym"",""accepted_id"":""536799"",""accepted_name_resolved"":""Serapias lingua subsp. lingua"",""taxon_id"":""265882""},{""source"":""POWO_WCVP"",""candidate"":""Serapias lingua var. hirtula"",""score"":0.89364,""taxonomic_status"":""Synonym"",""accepted_id"":""536799"",""accepted_name_resolved"":""Serapias lingua subsp. lingua"",""taxon_id"":""550259""},{""source"":""WFO"",""candidate"":""Serapias lingua var. hirsuta"",""score"":0.89364,""taxonomic_status"":""Synonym"",""accepted_id"":""wfo-0000309423"",""accepted_name_resolved"":""Serapias lingua subsp. lingua"",""taxon_id"":""wfo-0000553415""},{""source"":""WFO"",""candidate"":""Serapias lingua var. hirtula"",""score"":0.89364,""taxonomic_status"":""Synonym"",""accepted_id"":""wfo-0000309423"",""accepted_name_resolved"":""Serapias lingua subsp. lingua"",""taxon_id"":""wfo-1200065594""},{""source"":""POWO_WCVP"",""candidate"":""Serapias lingua f. nana"",""score"":0.892,""taxonomic_status"":""Synonym"",""accepted_id"":""536799"",""accepted_name_resolved"":""Serapias lingua subsp. lingua"",""taxon_id"":""376587""},{""source"":""WFO"",""candidate"":""Serapias lingua f. nana"",""score"":0.892,""taxonomic_status"":""Synonym"",""accepted_id"":""wfo-0000309423"",""accepted_name_resolved"":""Serapias lingua subsp. lingua"",""taxon_id"":""wfo-0000839255""},{""source"":""ANTHOS"",""candidate"":""Serapias lingua"",""score"":0.86395,""taxonomic_status"":"""",""accepted_id"":"""",""accepted_name_resolved"":"""",""taxon_id"":""FUND. BIODIVERSIDAD:ANTHOS:38857""}]",False,False,2026-08-19T17:37:55.239692+00:00
2348,APIACEAE,Seseli libanotis subsp. libanotis,NO_EXACT_MATCH,NO_RESPONSE_ALL_THREE,STRONG_SPELLING_OR_NOMENCLATURAL_CANDIDATE,Seseli libanotis subsp. atlanticum,2,seseli libanotis,powo;wfo;anthos,,,,"[{""source"":""POWO_WCVP"",""candidate"":""Seseli libanotis subsp. atlanticum"",""score"":0.93769,""taxonomic_status"":""Synonym"",""accepted_id"":""3305994"",""accepted_name_resolved"":""Libanotis pyrenaica subsp. atlantica"",""taxon_id"":""2906510""},{""source"":""WFO"",""candidate"":""Seseli libanotis subsp. atlanticum"",""score"":0.93769,""taxonomic_status"":""Synonym"",""accepted_id"":""wfo-1200028472"",""accepted_name_resolved"":"""",""taxon_id"":""wfo-1200011586""},{""source"":""POWO_WCVP"",""candidate"":""Seseli libanotis subsp. majus"",""score"":0.925,""taxonomic_status"":""Synonym"",""accepted_id"":""3259176"",""accepted_name_resolved"":""Libanotis pyrenaica subsp. pyrenaica"",""taxon_id"":""2479602""},{""source"":""WFO"",""candidate"":""Seseli libanotis subsp. maius"",""score"":0.925,""taxonomic_status"":""Synonym"",""accepted_id"":""wfo-1200109907"",""accepted_name_resolved"":"""",""taxon_id"":""wfo-0001368781""},{""source"":""POWO_WCVP"",""candidate"":""Seseli libanotis subsp. intermedium"",""score"":0.91818,""taxonomic_status"":""Synonym"",""accepted_id"":""3255364"",""accepted_name_resolved"":""Libanotis pyrenaica subsp. intermedia"",""taxon_id"":""2898229""},{""source"":""WFO"",""candidate"":""Seseli libanotis subsp. intermedium"",""score"":0.91818,""taxonomic_status"":""Synonym"",""accepted_id"":""wfo-1200100445"",""accepted_name_resolved"":"""",""taxon_id"":""wfo-0000745312""},{""source"":""POWO_WCVP"",""candidate"":""Seseli libanotis subsp. sibiricum"",""score"":0.91563,""taxonomic_status"":""Synonym"",""accepted_id"":""2341310"",""accepted_name_resolved"":""Libanotis sibirica"",""taxon_id"":""2874983""},{""source"":""WFO"",""candidate"":""Seseli libanotis subsp. sibiricum"",""score"":0.91563,""taxonomic_status"":""Synonym"",""accepted_id"":""wfo-1200027676"",""accepted_name_resolved"":"""",""taxon_id"":""wfo-0001069439""},{""source"":""POWO_WCVP"",""candidate"":""Seseli libanotis subsp. leiocarpum"",""score"":0.91,""taxonomic_status"":""Synonym"",""accepted_id"":""3259176"",""accepted_name_resolved"":""Libanotis pyrenaica subsp. pyrenaica"",""taxon_id"":""3282665""},{""source"":""WFO"",""candidate"":""Seseli libanotis subsp. leiocarpum"",""score"":0.91,""taxonomic_status"":""Synonym"",""accepted_id"":""wfo-1200109907"",""accepted_name_resolved"":"""",""taxon_id"":""wfo-1200100765""},{""source"":""ANTHOS"",""candidate"":""Seseli libanotis"",""score"":0.85,""taxonomic_status"":"""",""accepted_id"":"""",""accepted_name_resolved"":"""",""taxon_id"":""FUND. BIODIVERSIDAD:ANTHOS:28013""}]",False,False,2026-08-19T17:37:55.239813+00:00
2465,POACEAE,Stipa gigantea subsp. gigantea,NO_EXACT_MATCH,NO_RESPONSE_ALL_THREE,STRONG_SPELLING_OR_NOMENCLATURAL_CANDIDATE,Stipa gigantea subsp. donyanae,2,stipa gigantea,powo;wfo,,,,"[{""source"":""POWO_WCVP"",""candidate"":""Stipa gigantea subsp. donyanae"",""score"":0.92241,""taxonomic_status"":""Synonym"",""accepted_id"":""403861"",""accepted_name_resolved"":""Celtica gigantea subsp. donyanae"",""taxon_id"":""445068""},{""source"":""POWO_WCVP"",""candidate"":""Stipa gigantea subsp. lagascae"",""score"":0.92241,""taxonomic_status"":""Synonym"",""accepted_id"":""445249"",""accepted_name_resolved"":"""",""taxon_id"":""445069""},{""source"":""WFO"",""candidate"":""Stipa gigantea subsp. donyanae"",""score"":0.92241,""taxonomic_status"":""Synonym"",""accepted_id"":""wfo-0000858541"",""accepted_name_resolved"":"""",""taxon_id"":""wfo-0000902105""},{""source"":""WFO"",""candidate"":""Stipa gigantea subsp. lagascae"",""score"":0.92241,""taxonomic_status"":""Synonym"",""accepted_id"":""wfo-0000902302"",""accepted_name_resolved"":""Stipa lagascae"",""taxon_id"":""wfo-0000902106""},{""source"":""POWO_WCVP"",""candidate"":""Stipa gigantea subsp. maroccana"",""score"":0.9161,""taxonomic_status"":""Synonym"",""accepted_id"":""403862"",""accepted_name_resolved"":""Celtica gigantea subsp. maroccana"",""taxon_id"":""445070""},{""source"":""WFO"",""candidate"":""Stipa gigantea subsp. maroccana"",""score"":0.9161,""taxonomic_status"":""Synonym"",""accepted_id"":""wfo-0000858542"",""accepted_name_resolved"":"""",""taxon_id"":""wfo-0000902108""},{""source"":""WFO"",""candidate"":""Stipa gigantea f. lagascae"",""score"":0.86667,""taxonomic_status"":""Synonym"",""accepted_id"":""wfo-0000902302"",""accepted_name_resolved"":""Stipa lagascae"",""taxon_id"":""wfo-0001267186""},{""source"":""POWO_WCVP"",""candidate"":""Stipa gigantea f. pubescens"",""score"":0.86091,""taxonomic_status"":""Synonym"",""accepted_id"":""445249"",""accepted_name_resolved"":"""",""taxon_id"":""445256""},{""source"":""WFO"",""candidate"":""Stipa gigantea var. lagascae"",""score"":0.85536,""taxonomic_status"":""Synonym"",""accepted_id"":""wfo-0000902302"",""accepted_name_resolved"":""Stipa lagascae"",""taxon_id"":""wfo-0001241462""},{""source"":""POWO_WCVP"",""candidate"":""Stipa gigantea var. mesatlantica"",""score"":0.85,""taxonomic_status"":""Synonym"",""accepted_id"":""486918"",""accepted_name_resolved"":""Celtica gigantea subsp. gigantea"",""taxon_id"":""445072""}]",False,False,2026-08-19T17:37:55.240043+00:00
2472,AMARANTHACEAE,Suaeda vera subsp. braun-blanquetii,NO_EXACT_MATCH,NO_RESPONSE_ALL_THREE,STRONG_SPELLING_OR_NOMENCLATURAL_CANDIDATE,Suaeda vera var. braun-blanquetii,2,suaeda vera,powo;wfo;anthos,,,,"[{""source"":""POWO_WCVP"",""candidate"":""Suaeda vera var. braun-blanquetii"",""score"":0.94545,""taxonomic_status"":""Synonym"",""accepted_id"":""2484043"",""accepted_name_resolved"":""Suaeda braun-blanquetii"",""taxon_id"":""2483962""},{""source"":""WFO"",""candidate"":""Suaeda vera var. braun-blanquetii"",""score"":0.94545,""taxonomic_status"":""Unchecked"",""accepted_id"":"""",""accepted_name_resolved"":"""",""taxon_id"":""wfo-0000437573""},{""source"":""POWO_WCVP"",""candidate"":""Suaeda vera subsp. brevifolia"",""score"":0.85484,""taxonomic_status"":""Synonym"",""accepted_id"":""2484357"",""accepted_name_resolved"":""Suaeda monoica"",""taxon_id"":""2483957""},{""source"":""POWO_WCVP"",""candidate"":""Suaeda vera subsp. pruinosa"",""score"":0.85,""taxonomic_status"":""Synonym"",""accepted_id"":""2484713"",""accepted_name_resolved"":""Suaeda pruinosa"",""taxon_id"":""2483935""},{""source"":""WFO"",""candidate"":""Suaeda vera subsp. pruinosa"",""score"":0.85,""taxonomic_status"":""Synonym"",""accepted_id"":""wfo-0000438072"",""accepted_name_resolved"":""Suaeda pruinosa"",""taxon_id"":""wfo-0000437560""},{""source"":""POWO_WCVP"",""candidate"":""Suaeda vera subsp. longifolia"",""score"":0.82581,""taxonomic_status"":""Synonym"",""accepted_id"":""2483959"",""accepted_name_resolved"":""Suaeda vera"",""taxon_id"":""2483955""},{""source"":""WFO"",""candidate"":""Suaeda vera subsp. longifolia"",""score"":0.82581,""taxonomic_status"":""Synonym"",""accepted_id"":""wfo-0000437571"",""accepted_name_resolved"":""Suaeda vera"",""taxon_id"":""wfo-0000437569""}]",False,False,2026-08-19T17:37:55.240137+00:00
2533,MALVACEAE,Tilia x vulgaris,UNPARSABLE_NAME,NO_RESPONSE_ALL_THREE,STRONG_SPELLING_OR_NOMENCLATURAL_CANDIDATE,Tilia vulgaris,2,,,,,,"[{""source"":""POWO_WCVP"",""candidate"":""Tilia vulgaris"",""score"":0.97,""taxonomic_status"":""Invalid"",""accepted_id"":""2518295"",""accepted_name_resolved"":""Tilia europaea"",""taxon_id"":""2517561""},{""source"":""WFO"",""candidate"":""Tilia vulgaris"",""score"":0.97,""taxonomic_status"":""Synonym"",""accepted_id"":""wfo-0000457539"",""accepted_name_resolved"":""Tilia europaea"",""taxon_id"":""wfo-0000456973""},{""source"":""POWO_WCVP"",""candidate"":""Tilia pervulgaris"",""score"":0.84498,""taxonomic_status"":""Unplaced"",""accepted_id"":"""",""accepted_name_resolved"":"""",""taxon_id"":""2517742""},{""source"":""POWO_WCVP"",""candidate"":""Tilia subvulgaris"",""score"":0.84498,""taxonomic_status"":""Unplaced"",""accepted_id"":"""",""accepted_name_resolved"":"""",""taxon_id"":""2517609""},{""source"":""WFO"",""candidate"":""Tilia pervulgaris"",""score"":0.84498,""taxonomic_status"":""Unchecked"",""accepted_id"":"""",""accepted_name_resolved"":"""",""taxon_id"":""wfo-0000457124""},{""source"":""WFO"",""candidate"":""Tilia subvulgaris"",""score"":0.84498,""taxonomic_status"":""Unchecked"",""accepted_id"":"""",""accepted_name_resolved"":"""",""taxon_id"":""wfo-0000457015""}]",False,False,2026-08-19T17:37:55.240232+00:00
2612,ULMACEAE,Ulmus x hollandica,UNPARSABLE_NAME,NO_RESPONSE_ALL_THREE,STRONG_SPELLING_OR_NOMENCLATURAL_CANDIDATE,Ulmus hollandica,2,,,,,,"[{""source"":""POWO_WCVP"",""candidate"":""Ulmus hollandica"",""score"":0.97353,""taxonomic_status"":""Accepted"",""accepted_id"":""2448731"",""accepted_name_resolved"":""Ulmus hollandica"",""taxon_id"":""2448731""},{""source"":""WFO"",""candidate"":""Ulmus hollandica"",""score"":0.97353,""taxonomic_status"":""Accepted"",""accepted_id"":"""",""accepted_name_resolved"":"""",""taxon_id"":""wfo-0000416745""},{""source"":""POWO_WCVP"",""candidate"":""Ulmus hollandica f. major"",""score"":0.89286,""taxonomic_status"":""Synonym"",""accepted_id"":""2448731"",""accepted_name_resolved"":""Ulmus hollandica"",""taxon_id"":""3013555""},{""source"":""WFO"",""candidate"":""Ulmus hollandica f. major"",""score"":0.89286,""taxonomic_status"":""Synonym"",""accepted_id"":""wfo-0000416745"",""accepted_name_resolved"":""Ulmus hollandica"",""taxon_id"":""wfo-1200063766""},{""source"":""POWO_WCVP"",""candidate"":""Ulmus hollandica f. belgica"",""score"":0.87727,""taxonomic_status"":""Synonym"",""accepted_id"":""2448731"",""accepted_name_resolved"":""Ulmus hollandica"",""taxon_id"":""3013553""},{""source"":""POWO_WCVP"",""candidate"":""Ulmus hollandica var. major"",""score"":0.87727,""taxonomic_status"":""Synonym"",""accepted_id"":""2448731"",""accepted_name_resolved"":""Ulmus hollandica"",""taxon_id"":""2933643""},{""source"":""WFO"",""candidate"":""Ulmus hollandica f. belgica"",""score"":0.87727,""taxonomic_status"":""Synonym"",""accepted_id"":""wfo-0000416745"",""accepted_name_resolved"":""Ulmus hollandica"",""taxon_id"":""wfo-1200063765""},{""source"":""WFO"",""candidate"":""Ulmus hollandica var. major"",""score"":0.87727,""taxonomic_status"":""Synonym"",""accepted_id"":""wfo-0000416745"",""accepted_name_resolved"":""Ulmus hollandica"",""taxon_id"":""wfo-1200063662""},{""source"":""POWO_WCVP"",""candidate"":""Ulmus hollandica var. vegeta"",""score"":0.87,""taxonomic_status"":""Synonym"",""accepted_id"":""2448731"",""accepted_name_resolved"":""Ulmus hollandica"",""taxon_id"":""2933644""},{""source"":""WFO"",""candidate"":""Ulmus hollandica var. vegeta"",""score"":0.87,""taxonomic_status"":""Synonym"",""accepted_id"":""wfo-0000416745"",""accepted_name_resolved"":""Ulmus hollandica"",""taxon_id"":""wfo-1200063663""}]",False,False,2026-08-19T17:37:55.240334+00:00
2658,PLANTAGINACEAE,Veronica becabunga,NO_API_TAXON,NO_RESPONSE_ALL_THREE,STRONG_SPELLING_OR_NOMENCLATURAL_CANDIDATE,Veronica beccabunga,3,veronica becabunga,,,,,"[{""source"":""ANTHOS"",""candidate"":""Veronica beccabunga"",""score"":0.95889,""taxonomic_status"":"""",""accepted_id"":"""",""accepted_name_resolved"":"""",""taxon_id"":""FUND. BIODIVERSIDAD:ANTHOS:1124115""},{""source"":""POWO_WCVP"",""candidate"":""Veronica beccabunga"",""score"":0.95889,""taxonomic_status"":""Accepted"",""accepted_id"":""2454060"",""accepted_name_resolved"":""Veronica beccabunga"",""taxon_id"":""2454060""},{""source"":""WFO"",""candidate"":""Veronica beccabunga"",""score"":0.95889,""taxonomic_status"":""Accepted"",""accepted_id"":"""",""accepted_name_resolved"":"""",""taxon_id"":""wfo-0000419789""},{""source"":""POWO_WCVP"",""candidate"":""Veronica beccabunga var. minor"",""score"":0.86573,""taxonomic_status"":""Synonym"",""accepted_id"":""3258681"",""accepted_name_resolved"":""Veronica beccabunga subsp. beccabunga"",""taxon_id"":""2931291""},{""source"":""POWO_WCVP"",""candidate"":""Veronica beccabunga var. nivea"",""score"":0.86573,""taxonomic_status"":""Synonym"",""accepted_id"":""3258681"",""accepted_name_resolved"":""Veronica beccabunga subsp. beccabunga"",""taxon_id"":""2907693""},{""source"":""WFO"",""candidate"":""Veronica beccabunga var. minor"",""score"":0.86573,""taxonomic_status"":""Synonym"",""accepted_id"":""wfo-1200036573"",""accepted_name_resolved"":""Veronica beccabunga subsp. beccabunga"",""taxon_id"":""wfo-1200036119""},{""source"":""WFO"",""candidate"":""Veronica beccabunga var. nivea"",""score"":0.86573,""taxonomic_status"":""Synonym"",""accepted_id"":""wfo-1200036573"",""accepted_name_resolved"":""Veronica beccabunga subsp. beccabunga"",""taxon_id"":""wfo-1200035827""},{""source"":""POWO_WCVP"",""candidate"":""Veronica beccabunga var. alpina"",""score"":0.85855,""taxonomic_status"":""Synonym"",""accepted_id"":""3258681"",""accepted_name_resolved"":""Veronica beccabunga subsp. beccabunga"",""taxon_id"":""3283359""},{""source"":""POWO_WCVP"",""candidate"":""Veronica beccabunga var. limosa"",""score"":0.85855,""taxonomic_status"":""Synonym"",""accepted_id"":""3258681"",""accepted_name_resolved"":""Veronica beccabunga subsp. beccabunga"",""taxon_id"":""2907689""},{""source"":""WFO"",""candidate"":""Veronica beccabunga var. alpina"",""score"":0.85855,""taxonomic_status"":""Synonym"",""accepted_id"":""wfo-1200036573"",""accepted_name_resolved"":""Veronica beccabunga subsp. beccabunga"",""taxon_id"":""wfo-1200037061""},{""source"":""WFO"",""candidate"":""Veronica beccabunga var. limosa"",""score"":0.85855,""taxonomic_status"":""Synonym"",""accepted_id"":""wfo-1200036573"",""accepted_name_resolved"":""Veronica beccabunga subsp. beccabunga"",""taxon_id"":""wfo-1200035823""},{""source"":""ANTHOS"",""candidate"":""Veronica beccabunga subsp. beccabunga"",""score"":0.82105,""taxonomic_status"":"""",""accepted_id"":"""",""accepted_name_resolved"":"""",""taxon_id"":""FUND. BIODIVERSIDAD:ANTHOS:1181856""}]",False,False,2026-08-19T17:37:55.240457+00:00
2678,FABACEAE,Vicia amphycarpa,NO_API_TAXON,NO_RESPONSE_ALL_THREE,STRONG_SPELLING_OR_NOMENCLATURAL_CANDIDATE,Vicia amphicarpa,3,vicia amphycarpa,,,,,"[{""source"":""ANTHOS"",""candidate"":""Vicia amphicarpa"",""score"":0.91688,""taxonomic_status"":"""",""accepted_id"":"""",""accepted_name_resolved"":"""",""taxon_id"":""FUND. BIODIVERSIDAD:ANTHOS:88362""},{""source"":""POWO_WCVP"",""candidate"":""Vicia amphicarpa"",""score"":0.91688,""taxonomic_status"":""Synonym"",""accepted_id"":""2872690"",""accepted_name_resolved"":""Vicia sativa subsp. amphicarpa"",""taxon_id"":""2452555""},{""source"":""WFO"",""candidate"":""Vicia amphicarpa"",""score"":0.91688,""taxonomic_status"":""Unchecked"",""accepted_id"":"""",""accepted_name_resolved"":"""",""taxon_id"":""wfo-0000163759""},{""source"":""POWO_WCVP"",""candidate"":""Vicia amphicarpa f. paui"",""score"":0.84115,""taxonomic_status"":""Synonym"",""accepted_id"":""2872689"",""accepted_name_resolved"":""Vicia sativa subsp. nigra"",""taxon_id"":""2931770""},{""source"":""WFO"",""candidate"":""Vicia amphicarpa f. paui"",""score"":0.84115,""taxonomic_status"":""Synonym"",""accepted_id"":""wfo-0000212782"",""accepted_name_resolved"":""Vicia sativa subsp. nigra"",""taxon_id"":""wfo-0001449546""},{""source"":""POWO_WCVP"",""candidate"":""Vicia amphicarpa f. varia"",""score"":0.8325,""taxonomic_status"":""Synonym"",""accepted_id"":""2872689"",""accepted_name_resolved"":""Vicia sativa subsp. nigra"",""taxon_id"":""2931760""},{""source"":""WFO"",""candidate"":""Vicia amphicarpa f. varia"",""score"":0.8325,""taxonomic_status"":""Synonym"",""accepted_id"":""wfo-0000212782"",""accepted_name_resolved"":""Vicia sativa subsp. nigra"",""taxon_id"":""wfo-0001449548""}]",False,False,2026-08-19T17:37:55.240531+00:00
