universe_index,family,taxon,iucn_problem_state,fresh_iucn_threat_reference_present,resolution,checked_at,powo_state,powo_matched_canonical,powo_scientific_name,powo_authorship,powo_taxonomic_status,powo_accepted_name,powo_accepted_id,powo_taxon_id,powo_source_sha256,powo_error,wfo_state,wfo_matched_canonical,wfo_scientific_name,wfo_authorship,wfo_taxonomic_status,wfo_accepted_name,wfo_accepted_id,wfo_taxon_id,wfo_source_sha256,wfo_error,anthos_state,anthos_matched_canonical,anthos_scientific_name,anthos_authorship,anthos_taxonomic_status,anthos_accepted_name,anthos_accepted_id,anthos_taxon_id,anthos_source_sha256,anthos_error
5,SAPINDACEAE,Acer monspessulanum x A. campestre,NO_EXACT_MATCH,False,NO_RESPONSE_ALL_THREE,2026-08-19T17:29:43.532150+00:00,EXACT_CANONICAL_NOT_FOUND,,,,,,,,6ff1e084d7e1de5bce526a9952c96fbb0f13b4f2c615b0fc30c055f88bfb5483,,EXACT_CANONICAL_NOT_FOUND,,,,,,,,ccfc7e3ca85c8b80aa96eb52d4e50e07e1811d28916b544280d8a4f1a043ba72,,EXACT_CANONICAL_NOT_FOUND,,,,,,,,e6e19630a9415359fba90888864d17313873a984ac79a3677c1d62aac943f991,
8,ASTERACEAE,Achillea ageratum,NO_API_TAXON,False,KEEP_TAXONIC_RESPONSE,2026-08-19T17:29:43.532175+00:00,EXACT_CANONICAL_FOUND,Achillea ageratum,Achillea ageratum,L.,Accepted,,3109591,3109591,6ff1e084d7e1de5bce526a9952c96fbb0f13b4f2c615b0fc30c055f88bfb5483,,EXACT_CANONICAL_FOUND,Achillea ageratum,Achillea ageratum,L.,Accepted,,,wfo-0000028766,ccfc7e3ca85c8b80aa96eb52d4e50e07e1811d28916b544280d8a4f1a043ba72,,EXACT_CANONICAL_FOUND,Achillea ageratum,Achillea ageratum L.,L.,,,,FUND. BIODIVERSIDAD:ANTHOS:33174,e6e19630a9415359fba90888864d17313873a984ac79a3677c1d62aac943f991,
11,ASTERACEAE,Achillea millefolium subsp. millefolium,NO_EXACT_MATCH,False,KEEP_TAXONIC_RESPONSE,2026-08-19T17:29:43.532196+00:00,EXACT_CANONICAL_FOUND,Achillea millefolium subsp. millefolium,Achillea millefolium subsp. millefolium,,Accepted,,3265623,3265623,6ff1e084d7e1de5bce526a9952c96fbb0f13b4f2c615b0fc30c055f88bfb5483,,EXACT_CANONICAL_FOUND,Achillea millefolium subsp. millefolium,Achillea millefolium subsp. millefolium,,Synonym,,wfo-0000042097,wfo-0000070139,ccfc7e3ca85c8b80aa96eb52d4e50e07e1811d28916b544280d8a4f1a043ba72,,EXACT_CANONICAL_FOUND,Achillea millefolium subsp. millefolium,Achillea millefolium subsp. millefolium L.,L.,,,,FUND. BIODIVERSIDAD:ANTHOS:68744,e6e19630a9415359fba90888864d17313873a984ac79a3677c1d62aac943f991,
12,ASTERACEAE,Achillea odorata,NO_API_TAXON,False,KEEP_TAXONIC_RESPONSE,2026-08-19T17:29:43.532212+00:00,EXACT_CANONICAL_FOUND,Achillea odorata,Achillea odorata,Pall.,Misapplied,,3110060,3110054,6ff1e084d7e1de5bce526a9952c96fbb0f13b4f2c615b0fc30c055f88bfb5483,,EXACT_CANONICAL_FOUND,Achillea odorata,Achillea odorata,L.,Synonym,,wfo-0000078016,wfo-0000042039,ccfc7e3ca85c8b80aa96eb52d4e50e07e1811d28916b544280d8a4f1a043ba72,,EXACT_CANONICAL_FOUND,Achillea odorata,Achillea odorata L.,L.,,,,FUND. BIODIVERSIDAD:ANTHOS:40323,e6e19630a9415359fba90888864d17313873a984ac79a3677c1d62aac943f991,
14,ASTERACEAE,Achillea ptarmica subsp. pyrenaica,NO_EXACT_MATCH,False,KEEP_TAXONIC_RESPONSE,2026-08-19T17:29:43.532228+00:00,EXACT_CANONICAL_FOUND,Achillea ptarmica subsp. pyrenaica,Achillea ptarmica subsp. pyrenaica,(Sibth. ex Godr.) Heimerl,Synonym,,3110135,3215052,6ff1e084d7e1de5bce526a9952c96fbb0f13b4f2c615b0fc30c055f88bfb5483,,EXACT_CANONICAL_FOUND,Achillea ptarmica subsp. pyrenaica,Achillea ptarmica subsp. pyrenaica,(Sibth. ex DC.) Heimerl,Synonym,,wfo-0000090968,wfo-0000099176,ccfc7e3ca85c8b80aa96eb52d4e50e07e1811d28916b544280d8a4f1a043ba72,,EXACT_CANONICAL_NOT_FOUND,,,,,,,,e6e19630a9415359fba90888864d17313873a984ac79a3677c1d62aac943f991,
15,ASTERACEAE,Achillea tomentosa,NO_API_TAXON,False,KEEP_TAXONIC_RESPONSE,2026-08-19T17:29:43.532244+00:00,EXACT_CANONICAL_FOUND,Achillea tomentosa,Achillea tomentosa,Friv. ex Nyman,Invalid,,3109861,3109858,6ff1e084d7e1de5bce526a9952c96fbb0f13b4f2c615b0fc30c055f88bfb5483,,EXACT_CANONICAL_FOUND,Achillea tomentosa,Achillea tomentosa,Fraas ex Nyman,Synonym,,wfo-0000061832,wfo-0000004834,ccfc7e3ca85c8b80aa96eb52d4e50e07e1811d28916b544280d8a4f1a043ba72,,EXACT_CANONICAL_FOUND,Achillea tomentosa,Achillea tomentosa L.,L.,,,,FUND. BIODIVERSIDAD:ANTHOS:85918,e6e19630a9415359fba90888864d17313873a984ac79a3677c1d62aac943f991,
16,LAMIACEAE,Acinos alpinus,NO_API_TAXON,False,KEEP_TAXONIC_RESPONSE,2026-08-19T17:29:43.532259+00:00,EXACT_CANONICAL_FOUND,Acinos alpinus,Acinos alpinus,(L.) Moench,Synonym,,43432,1990,6ff1e084d7e1de5bce526a9952c96fbb0f13b4f2c615b0fc30c055f88bfb5483,,EXACT_CANONICAL_FOUND,Acinos alpinus,Acinos alpinus,(L.) Moench,Synonym,,wfo-0000890580,wfo-0001069585,ccfc7e3ca85c8b80aa96eb52d4e50e07e1811d28916b544280d8a4f1a043ba72,,EXACT_CANONICAL_FOUND,Acinos alpinus,Acinos alpinus (L.) Moench,(L.) Moench,,,,FUND. BIODIVERSIDAD:ANTHOS:30512,e6e19630a9415359fba90888864d17313873a984ac79a3677c1d62aac943f991,
17,LAMIACEAE,Acinos arvensis,NO_API_TAXON,False,KEEP_TAXONIC_RESPONSE,2026-08-19T17:29:43.532274+00:00,EXACT_CANONICAL_FOUND,Acinos arvensis,Acinos arvensis,(Lam.) Dandy,Synonym,,43426,2009,6ff1e084d7e1de5bce526a9952c96fbb0f13b4f2c615b0fc30c055f88bfb5483,,EXACT_CANONICAL_FOUND,Acinos arvensis,Acinos arvensis,(Lam.) Dandy,Synonym,,wfo-0000890516,wfo-0000320080,ccfc7e3ca85c8b80aa96eb52d4e50e07e1811d28916b544280d8a4f1a043ba72,,EXACT_CANONICAL_FOUND,Acinos arvensis,Acinos arvensis (Lam.) Dandy,(Lam.) Dandy,,,,FUND. BIODIVERSIDAD:ANTHOS:30530,e6e19630a9415359fba90888864d17313873a984ac79a3677c1d62aac943f991,
18,RANUNCULACEAE,Aconitum anthora,NO_API_TAXON,False,KEEP_TAXONIC_RESPONSE,2026-08-19T17:29:43.532288+00:00,EXACT_CANONICAL_FOUND,Aconitum anthora,Aconitum anthora,L.,Accepted,,2618374,2618374,6ff1e084d7e1de5bce526a9952c96fbb0f13b4f2c615b0fc30c055f88bfb5483,,EXACT_CANONICAL_FOUND,Aconitum anthora,Aconitum anthora,L.,Accepted,,,wfo-0000516910,ccfc7e3ca85c8b80aa96eb52d4e50e07e1811d28916b544280d8a4f1a043ba72,,EXACT_CANONICAL_FOUND,Aconitum anthora,Aconitum anthora L.,L.,,,,FUND. BIODIVERSIDAD:ANTHOS:21877,e6e19630a9415359fba90888864d17313873a984ac79a3677c1d62aac943f991,
20,RANUNCULACEAE,Aconitum vulgaria subsp. neapolitanum,NO_API_TAXON,False,NO_RESPONSE_ALL_THREE,2026-08-19T17:29:43.532303+00:00,EXACT_CANONICAL_NOT_FOUND,,,,,,,,6ff1e084d7e1de5bce526a9952c96fbb0f13b4f2c615b0fc30c055f88bfb5483,,EXACT_CANONICAL_NOT_FOUND,,,,,,,,ccfc7e3ca85c8b80aa96eb52d4e50e07e1811d28916b544280d8a4f1a043ba72,,EXACT_CANONICAL_NOT_FOUND,,,,,,,,e6e19630a9415359fba90888864d17313873a984ac79a3677c1d62aac943f991,
26,RANUNCULACEAE,Adonis aestivalis subsp. squarrosa,NO_EXACT_MATCH,False,KEEP_TAXONIC_RESPONSE,2026-08-19T17:29:43.532320+00:00,EXACT_CANONICAL_FOUND,Adonis aestivalis subsp. squarrosa,Adonis aestivalis subsp. squarrosa,(Steven) Nyman,Accepted,,2623050,2623050,6ff1e084d7e1de5bce526a9952c96fbb0f13b4f2c615b0fc30c055f88bfb5483,,EXACT_CANONICAL_FOUND,Adonis aestivalis subsp. squarrosa,Adonis aestivalis subsp. squarrosa,(Steven) Nyman,Accepted,,,wfo-0000521118,ccfc7e3ca85c8b80aa96eb52d4e50e07e1811d28916b544280d8a4f1a043ba72,,EXACT_CANONICAL_FOUND,Adonis aestivalis subsp. squarrosa,Adonis aestivalis subsp. squarrosa (Steven) Nyman,(Steven) Nyman,,,,FUND. BIODIVERSIDAD:ANTHOS:55078,e6e19630a9415359fba90888864d17313873a984ac79a3677c1d62aac943f991,
38,BRASSICACEAE,Aethionema marginatum,NO_API_TAXON,False,KEEP_TAXONIC_RESPONSE,2026-08-19T17:29:43.532334+00:00,EXACT_CANONICAL_FOUND,Aethionema marginatum,Aethionema marginatum,(Lapeyr.) Pau,Synonym,,2624745,2624713,6ff1e084d7e1de5bce526a9952c96fbb0f13b4f2c615b0fc30c055f88bfb5483,,EXACT_CANONICAL_FOUND,Aethionema marginatum,Aethionema marginatum,(Lapeyr.) Pau,Synonym,,wfo-0000522523,wfo-0000522488,ccfc7e3ca85c8b80aa96eb52d4e50e07e1811d28916b544280d8a4f1a043ba72,,EXACT_CANONICAL_FOUND,Aethionema marginatum,Aethionema marginatum (Lapeyr.) Montemurro in Castrov. & al. (eds.),(Lapeyr.) Montemurro in Castrov. & al. (eds.),,,,FUND. BIODIVERSIDAD:ANTHOS:845445,e6e19630a9415359fba90888864d17313873a984ac79a3677c1d62aac943f991,
39,BRASSICACEAE,Aethionema monospermum,NO_API_TAXON,False,KEEP_TAXONIC_RESPONSE,2026-08-19T17:29:43.532349+00:00,EXACT_CANONICAL_FOUND,Aethionema monospermum,Aethionema monospermum,W.T.Aiton,Synonym,,2624745,2624716,6ff1e084d7e1de5bce526a9952c96fbb0f13b4f2c615b0fc30c055f88bfb5483,,EXACT_CANONICAL_FOUND,Aethionema monospermum,Aethionema monospermum,W.T.Aiton,Synonym,,wfo-0000522523,wfo-0000522491,ccfc7e3ca85c8b80aa96eb52d4e50e07e1811d28916b544280d8a4f1a043ba72,,EXACT_CANONICAL_FOUND,Aethionema monospermum,Aethionema monospermum R. Br. in W.T. Aiton,R. Br. in W.T. Aiton,,,,FUND. BIODIVERSIDAD:ANTHOS:109922,e6e19630a9415359fba90888864d17313873a984ac79a3677c1d62aac943f991,
41,BRASSICACEAE,Aethionema saxatile subsp. ovalifolium,NO_EXACT_MATCH,False,KEEP_TAXONIC_RESPONSE,2026-08-19T17:29:43.532364+00:00,EXACT_CANONICAL_FOUND,Aethionema saxatile subsp. ovalifolium,Aethionema saxatile subsp. ovalifolium,(DC.) Nyman,Accepted,,2624745,2624745,6ff1e084d7e1de5bce526a9952c96fbb0f13b4f2c615b0fc30c055f88bfb5483,,EXACT_CANONICAL_FOUND,Aethionema saxatile subsp. ovalifolium,Aethionema saxatile subsp. ovalifolium,(DC.) Nyman,Accepted,,,wfo-0000522523,ccfc7e3ca85c8b80aa96eb52d4e50e07e1811d28916b544280d8a4f1a043ba72,,EXACT_CANONICAL_NOT_FOUND,,,,,,,,e6e19630a9415359fba90888864d17313873a984ac79a3677c1d62aac943f991,
42,BRASSICACEAE,Aethionema thomasianum,NO_API_TAXON,False,KEEP_TAXONIC_RESPONSE,2026-08-19T17:29:43.532378+00:00,EXACT_CANONICAL_FOUND,Aethionema thomasianum,Aethionema thomasianum,J.Gay,Accepted,,2624767,2624767,6ff1e084d7e1de5bce526a9952c96fbb0f13b4f2c615b0fc30c055f88bfb5483,,EXACT_CANONICAL_FOUND,Aethionema thomasianum,Aethionema thomasianum,J.Gay,Accepted,,,wfo-0000522546,ccfc7e3ca85c8b80aa96eb52d4e50e07e1811d28916b544280d8a4f1a043ba72,,EXACT_CANONICAL_FOUND,Aethionema thomasianum,Aethionema thomasianum J. Gay,J. Gay,,,,FUND. BIODIVERSIDAD:ANTHOS:1406971,e6e19630a9415359fba90888864d17313873a984ac79a3677c1d62aac943f991,
44,POACEAE,Agropyron cristatum subsp. pectinatum,NO_EXACT_MATCH,False,KEEP_TAXONIC_RESPONSE,2026-08-19T17:29:43.532394+00:00,EXACT_CANONICAL_FOUND,Agropyron cristatum subsp. pectinatum,Agropyron cristatum subsp. pectinatum,(M.Bieb.) Tzvelev,Synonym,,388313,388336,6ff1e084d7e1de5bce526a9952c96fbb0f13b4f2c615b0fc30c055f88bfb5483,,EXACT_CANONICAL_FOUND,Agropyron cristatum subsp. pectinatum,Agropyron cristatum subsp. pectinatum,(M.Bieb.) Tzvelev,Synonym,,wfo-0000842335,wfo-0000842358,ccfc7e3ca85c8b80aa96eb52d4e50e07e1811d28916b544280d8a4f1a043ba72,,EXACT_CANONICAL_FOUND,Agropyron cristatum subsp. pectinatum,Agropyron cristatum subsp. pectinatum (M. Bieb.) Tzvelev,(M. Bieb.) Tzvelev,,,,FUND. BIODIVERSIDAD:ANTHOS:1021583,e6e19630a9415359fba90888864d17313873a984ac79a3677c1d62aac943f991,
46,POACEAE,Agrostis alpina,NO_API_TAXON,False,KEEP_TAXONIC_RESPONSE,2026-08-19T17:29:43.532408+00:00,EXACT_CANONICAL_FOUND,Agrostis alpina,Agrostis alpina,Scop.,Synonym,,540022,389160,6ff1e084d7e1de5bce526a9952c96fbb0f13b4f2c615b0fc30c055f88bfb5483,,EXACT_CANONICAL_FOUND,Agrostis alpina,Agrostis alpina,Scop.,Synonym,,wfo-1000020942,wfo-0000843197,ccfc7e3ca85c8b80aa96eb52d4e50e07e1811d28916b544280d8a4f1a043ba72,,EXACT_CANONICAL_FOUND,Agrostis alpina,Agrostis alpina Scop.,Scop.,,,,FUND. BIODIVERSIDAD:ANTHOS:41367,e6e19630a9415359fba90888864d17313873a984ac79a3677c1d62aac943f991,
50,POACEAE,Agrostis curtisii,NO_API_TAXON,False,KEEP_TAXONIC_RESPONSE,2026-08-19T17:29:43.532423+00:00,EXACT_CANONICAL_FOUND,Agrostis curtisii,Agrostis curtisii,Kerguélen,Synonym,,540028,389458,6ff1e084d7e1de5bce526a9952c96fbb0f13b4f2c615b0fc30c055f88bfb5483,,EXACT_CANONICAL_FOUND,Agrostis curtisii,Agrostis curtisii,Kerguélen,Synonym,,wfo-1000020945,wfo-0000843505,ccfc7e3ca85c8b80aa96eb52d4e50e07e1811d28916b544280d8a4f1a043ba72,,EXACT_CANONICAL_FOUND,Agrostis curtisii,Agrostis curtisii Kerguélen,Kerguélen,,,,FUND. BIODIVERSIDAD:ANTHOS:1124762,e6e19630a9415359fba90888864d17313873a984ac79a3677c1d62aac943f991,
51,POACEAE,Agrostis delicatula,NO_API_TAXON,False,KEEP_TAXONIC_RESPONSE,2026-08-19T17:29:43.532437+00:00,EXACT_CANONICAL_FOUND,Agrostis delicatula,Agrostis delicatula,Pourr. ex Paunero,Illegitimate,,544947,544946,6ff1e084d7e1de5bce526a9952c96fbb0f13b4f2c615b0fc30c055f88bfb5483,,EXACT_CANONICAL_FOUND,Agrostis delicatula,Agrostis delicatula,Pourr. ex Lapeyr.,Synonym,,wfo-0000841757,wfo-0000843525,ccfc7e3ca85c8b80aa96eb52d4e50e07e1811d28916b544280d8a4f1a043ba72,,EXACT_CANONICAL_FOUND,Agrostis delicatula,Agrostis delicatula Pourr. ex Lapeyr.,Pourr. ex Lapeyr.,,,,FUND. BIODIVERSIDAD:ANTHOS:1124737,e6e19630a9415359fba90888864d17313873a984ac79a3677c1d62aac943f991,
56,POACEAE,Aira praecox,NO_API_TAXON,False,KEEP_TAXONIC_RESPONSE,2026-08-19T17:29:43.532450+00:00,EXACT_CANONICAL_FOUND,Aira praecox,Aira praecox,L.,Accepted,,391043,391043,6ff1e084d7e1de5bce526a9952c96fbb0f13b4f2c615b0fc30c055f88bfb5483,,EXACT_CANONICAL_FOUND,Aira praecox,Aira praecox,L.,Accepted,,,wfo-0000845169,ccfc7e3ca85c8b80aa96eb52d4e50e07e1811d28916b544280d8a4f1a043ba72,,EXACT_CANONICAL_FOUND,Aira praecox,Aira praecox L.,L.,,,,FUND. BIODIVERSIDAD:ANTHOS:1124487,e6e19630a9415359fba90888864d17313873a984ac79a3677c1d62aac943f991,
58,AIZOACEAE,Aizoon hispanicum,NO_API_TAXON,False,KEEP_TAXONIC_RESPONSE,2026-08-19T17:29:43.532466+00:00,EXACT_CANONICAL_FOUND,Aizoon hispanicum,Aizoon hispanicum,L.,Synonym,,3014125,2627034,6ff1e084d7e1de5bce526a9952c96fbb0f13b4f2c615b0fc30c055f88bfb5483,,EXACT_CANONICAL_FOUND,Aizoon hispanicum,Aizoon hispanicum,L.,Synonym,,wfo-0001434986,wfo-0000524816,ccfc7e3ca85c8b80aa96eb52d4e50e07e1811d28916b544280d8a4f1a043ba72,,EXACT_CANONICAL_FOUND,Aizoon hispanicum,Aizoon hispanicum L.,L.,,,,FUND. BIODIVERSIDAD:ANTHOS:855947,e6e19630a9415359fba90888864d17313873a984ac79a3677c1d62aac943f991,
62,MALVACEAE,Alcea rosea,NO_API_TAXON,False,KEEP_TAXONIC_RESPONSE,2026-08-19T17:29:43.532481+00:00,EXACT_CANONICAL_FOUND,Alcea rosea,Alcea rosea,L.,Accepted,,2627710,2627710,6ff1e084d7e1de5bce526a9952c96fbb0f13b4f2c615b0fc30c055f88bfb5483,,EXACT_CANONICAL_FOUND,Alcea rosea,Alcea rosea,L.,Accepted,,,wfo-0000525183,ccfc7e3ca85c8b80aa96eb52d4e50e07e1811d28916b544280d8a4f1a043ba72,,EXACT_CANONICAL_FOUND,Alcea rosea,Alcea rosea L.,L.,,,,FUND. BIODIVERSIDAD:ANTHOS:48553,e6e19630a9415359fba90888864d17313873a984ac79a3677c1d62aac943f991,
63,ROSACEAE,Alchemilla alpigena,NO_API_TAXON,False,KEEP_TAXONIC_RESPONSE,2026-08-19T17:29:43.532497+00:00,EXACT_CANONICAL_FOUND,Alchemilla alpigena,Alchemilla alpigena,Buser,Accepted,,2938925,2938925,6ff1e084d7e1de5bce526a9952c96fbb0f13b4f2c615b0fc30c055f88bfb5483,,EXACT_CANONICAL_FOUND,Alchemilla alpigena,Alchemilla alpigena,Buser,Accepted,,,wfo-0000984393,ccfc7e3ca85c8b80aa96eb52d4e50e07e1811d28916b544280d8a4f1a043ba72,,EXACT_CANONICAL_FOUND,Alchemilla alpigena,Alchemilla alpigena Buser ex Hegi,Buser ex Hegi,,,,FUND. BIODIVERSIDAD:ANTHOS:1019757,e6e19630a9415359fba90888864d17313873a984ac79a3677c1d62aac943f991,
64,ROSACEAE,Alchemilla alpina,NO_API_TAXON,False,KEEP_TAXONIC_RESPONSE,2026-08-19T17:29:43.532511+00:00,EXACT_CANONICAL_FOUND,Alchemilla alpina,Alchemilla alpina,L.,Accepted,,2938928,2938928,6ff1e084d7e1de5bce526a9952c96fbb0f13b4f2c615b0fc30c055f88bfb5483,,EXACT_CANONICAL_FOUND,Alchemilla alpina,Alchemilla alpina,L.,Accepted,,,wfo-0000998050,ccfc7e3ca85c8b80aa96eb52d4e50e07e1811d28916b544280d8a4f1a043ba72,,EXACT_CANONICAL_FOUND,Alchemilla alpina,Alchemilla alpina L.,L.,,,,FUND. BIODIVERSIDAD:ANTHOS:39373,e6e19630a9415359fba90888864d17313873a984ac79a3677c1d62aac943f991,
65,ROSACEAE,Alchemilla basaltica,NO_API_TAXON,False,KEEP_TAXONIC_RESPONSE,2026-08-19T17:29:43.532526+00:00,EXACT_CANONICAL_FOUND,Alchemilla basaltica,Alchemilla basaltica,Buser,Invalid,,2940715,2938914,6ff1e084d7e1de5bce526a9952c96fbb0f13b4f2c615b0fc30c055f88bfb5483,,EXACT_CANONICAL_FOUND,Alchemilla basaltica,Alchemilla basaltica,Buser,Synonym,,wfo-0001018382,wfo-0001018521,ccfc7e3ca85c8b80aa96eb52d4e50e07e1811d28916b544280d8a4f1a043ba72,,EXACT_CANONICAL_NOT_FOUND,,,,,,,,e6e19630a9415359fba90888864d17313873a984ac79a3677c1d62aac943f991,
66,ROSACEAE,Alchemilla colorata,NO_API_TAXON,False,KEEP_TAXONIC_RESPONSE,2026-08-19T17:29:43.532541+00:00,EXACT_CANONICAL_FOUND,Alchemilla colorata,Alchemilla colorata,Buser,Accepted,,2939140,2939140,6ff1e084d7e1de5bce526a9952c96fbb0f13b4f2c615b0fc30c055f88bfb5483,,EXACT_CANONICAL_FOUND,Alchemilla colorata,Alchemilla colorata,Buser ex Mela,Unchecked,,,wfo-0001006979,ccfc7e3ca85c8b80aa96eb52d4e50e07e1811d28916b544280d8a4f1a043ba72,,EXACT_CANONICAL_FOUND,Alchemilla colorata,Alchemilla colorata Buser,Buser,,,,FUND. BIODIVERSIDAD:ANTHOS:39780,e6e19630a9415359fba90888864d17313873a984ac79a3677c1d62aac943f991,
67,ROSACEAE,Alchemilla coriacea,NO_API_TAXON,False,KEEP_TAXONIC_RESPONSE,2026-08-19T17:29:43.532556+00:00,EXACT_CANONICAL_FOUND,Alchemilla coriacea,Alchemilla coriacea,Buser,Accepted,,2939166,2939166,6ff1e084d7e1de5bce526a9952c96fbb0f13b4f2c615b0fc30c055f88bfb5483,,EXACT_CANONICAL_FOUND,Alchemilla coriacea,Alchemilla coriacea,Buser,Accepted,,,wfo-0001018591,ccfc7e3ca85c8b80aa96eb52d4e50e07e1811d28916b544280d8a4f1a043ba72,,EXACT_CANONICAL_FOUND,Alchemilla coriacea,Alchemilla coriacea Buser,Buser,,,,FUND. BIODIVERSIDAD:ANTHOS:39783,e6e19630a9415359fba90888864d17313873a984ac79a3677c1d62aac943f991,
68,ROSACEAE,Alchemilla filicaulis,NO_API_TAXON,False,KEEP_TAXONIC_RESPONSE,2026-08-19T17:29:43.532570+00:00,EXACT_CANONICAL_FOUND,Alchemilla filicaulis,Alchemilla filicaulis,Buser,Accepted,,2939303,2939303,6ff1e084d7e1de5bce526a9952c96fbb0f13b4f2c615b0fc30c055f88bfb5483,,EXACT_CANONICAL_FOUND,Alchemilla filicaulis,Alchemilla filicaulis,Buser,Accepted,,,wfo-0000983182,ccfc7e3ca85c8b80aa96eb52d4e50e07e1811d28916b544280d8a4f1a043ba72,,EXACT_CANONICAL_FOUND,Alchemilla filicaulis,Alchemilla filicaulis Buser,Buser,,,,FUND. BIODIVERSIDAD:ANTHOS:885191,e6e19630a9415359fba90888864d17313873a984ac79a3677c1d62aac943f991,
69,ROSACEAE,Alchemilla filicaulis var. vestita,NO_API_TAXON,False,KEEP_TAXONIC_RESPONSE,2026-08-19T17:29:43.532587+00:00,EXACT_CANONICAL_FOUND,Alchemilla filicaulis var. vestita,Alchemilla filicaulis var. vestita,(Buser) H.J.Coste,Synonym,,2939303,2999611,6ff1e084d7e1de5bce526a9952c96fbb0f13b4f2c615b0fc30c055f88bfb5483,,EXACT_CANONICAL_FOUND,Alchemilla filicaulis var. vestita,Alchemilla filicaulis var. vestita,(Buser) H.J.Coste,Synonym,,wfo-0000983182,wfo-0001381351,ccfc7e3ca85c8b80aa96eb52d4e50e07e1811d28916b544280d8a4f1a043ba72,,EXACT_CANONICAL_NOT_FOUND,,,,,,,,e6e19630a9415359fba90888864d17313873a984ac79a3677c1d62aac943f991,
71,ROSACEAE,Alchemilla plicatula,NO_API_TAXON,False,KEEP_TAXONIC_RESPONSE,2026-08-19T17:29:43.532601+00:00,EXACT_CANONICAL_FOUND,Alchemilla plicatula,Alchemilla plicatula,Gand.,Accepted,,2940064,2940064,6ff1e084d7e1de5bce526a9952c96fbb0f13b4f2c615b0fc30c055f88bfb5483,,EXACT_CANONICAL_FOUND,Alchemilla plicatula,Alchemilla plicatula,Gand.,Accepted,,,wfo-0000983284,ccfc7e3ca85c8b80aa96eb52d4e50e07e1811d28916b544280d8a4f1a043ba72,,EXACT_CANONICAL_NOT_FOUND,,,,,,,,e6e19630a9415359fba90888864d17313873a984ac79a3677c1d62aac943f991,
72,ROSACEAE,Alchemilla polatschekiana,NO_API_TAXON,False,KEEP_TAXONIC_RESPONSE,2026-08-19T17:29:43.532616+00:00,EXACT_CANONICAL_FOUND,Alchemilla polatschekiana,Alchemilla polatschekiana,S.E.Fröhner,Accepted,,2940076,2940076,6ff1e084d7e1de5bce526a9952c96fbb0f13b4f2c615b0fc30c055f88bfb5483,,EXACT_CANONICAL_FOUND,Alchemilla polatschekiana,Alchemilla polatschekiana,S.E.Fröhner,Accepted,,,wfo-0000997480,ccfc7e3ca85c8b80aa96eb52d4e50e07e1811d28916b544280d8a4f1a043ba72,,EXACT_CANONICAL_FOUND,Alchemilla polatschekiana,Alchemilla polatschekiana S.E. Fröhner,S.E. Fröhner,,,,FUND. BIODIVERSIDAD:ANTHOS:1129182,e6e19630a9415359fba90888864d17313873a984ac79a3677c1d62aac943f991,
73,ROSACEAE,Alchemilla santanderiensis,NO_API_TAXON,False,KEEP_TAXONIC_RESPONSE,2026-08-19T17:29:43.532631+00:00,EXACT_CANONICAL_FOUND,Alchemilla santanderiensis,Alchemilla santanderiensis,S.E.Fröhner,Accepted,,2940531,2940531,6ff1e084d7e1de5bce526a9952c96fbb0f13b4f2c615b0fc30c055f88bfb5483,,EXACT_CANONICAL_FOUND,Alchemilla santanderiensis,Alchemilla santanderiensis,S.E.Fröhner,Accepted,,,wfo-0001005898,ccfc7e3ca85c8b80aa96eb52d4e50e07e1811d28916b544280d8a4f1a043ba72,,EXACT_CANONICAL_FOUND,Alchemilla santanderiensis,Alchemilla santanderiensis S.E. Fröhner,S.E. Fröhner,,,,FUND. BIODIVERSIDAD:ANTHOS:1371365,e6e19630a9415359fba90888864d17313873a984ac79a3677c1d62aac943f991,
74,ROSACEAE,Alchemilla saxatilis,NO_API_TAXON,False,KEEP_TAXONIC_RESPONSE,2026-08-19T17:29:43.532647+00:00,EXACT_CANONICAL_FOUND,Alchemilla saxatilis,Alchemilla saxatilis,Buser,Accepted,,2940537,2940537,6ff1e084d7e1de5bce526a9952c96fbb0f13b4f2c615b0fc30c055f88bfb5483,,EXACT_CANONICAL_FOUND,Alchemilla saxatilis,Alchemilla saxatilis,Buser,Accepted,,,wfo-0001018948,ccfc7e3ca85c8b80aa96eb52d4e50e07e1811d28916b544280d8a4f1a043ba72,,EXACT_CANONICAL_FOUND,Alchemilla saxatilis,Alchemilla saxatilis Buser,Buser,,,,FUND. BIODIVERSIDAD:ANTHOS:39367,e6e19630a9415359fba90888864d17313873a984ac79a3677c1d62aac943f991,
75,ROSACEAE,Alchemilla saxetana,NO_API_TAXON,False,KEEP_TAXONIC_RESPONSE,2026-08-19T17:29:43.532656+00:00,EXACT_CANONICAL_FOUND,Alchemilla saxetana,Alchemilla saxetana,Buser,Accepted,,2940542,2940542,6ff1e084d7e1de5bce526a9952c96fbb0f13b4f2c615b0fc30c055f88bfb5483,,EXACT_CANONICAL_FOUND,Alchemilla saxetana,Alchemilla saxetana,Aedo ex S.E.Fröhner,Synonym,,wfo-0001018382,wfo-0001007732,ccfc7e3ca85c8b80aa96eb52d4e50e07e1811d28916b544280d8a4f1a043ba72,,EXACT_CANONICAL_NOT_FOUND,,,,,,,,e6e19630a9415359fba90888864d17313873a984ac79a3677c1d62aac943f991,
76,ROSACEAE,Alchemilla spectabilior,NO_API_TAXON,False,KEEP_TAXONIC_RESPONSE,2026-08-19T17:29:43.532672+00:00,EXACT_CANONICAL_FOUND,Alchemilla spectabilior,Alchemilla spectabilior,S.E.Fröhner,Accepted,,2939749,2939749,6ff1e084d7e1de5bce526a9952c96fbb0f13b4f2c615b0fc30c055f88bfb5483,,EXACT_CANONICAL_FOUND,Alchemilla spectabilior,Alchemilla spectabilior,S.E.Fröhner,Accepted,,,wfo-0001005865,ccfc7e3ca85c8b80aa96eb52d4e50e07e1811d28916b544280d8a4f1a043ba72,,EXACT_CANONICAL_FOUND,Alchemilla spectabilior,Alchemilla spectabilior S.E. Fröhner,S.E. Fröhner,,,,FUND. BIODIVERSIDAD:ANTHOS:1168152,e6e19630a9415359fba90888864d17313873a984ac79a3677c1d62aac943f991,
78,ROSACEAE,Alchemilla tenuis,NO_API_TAXON,False,KEEP_TAXONIC_RESPONSE,2026-08-19T17:29:43.532683+00:00,EXACT_CANONICAL_FOUND,Alchemilla tenuis,Alchemilla tenuis,Buser,Accepted,,2940707,2940707,6ff1e084d7e1de5bce526a9952c96fbb0f13b4f2c615b0fc30c055f88bfb5483,,EXACT_CANONICAL_FOUND,Alchemilla tenuis,Alchemilla tenuis,Buser,Accepted,,,wfo-0001018444,ccfc7e3ca85c8b80aa96eb52d4e50e07e1811d28916b544280d8a4f1a043ba72,,EXACT_CANONICAL_FOUND,Alchemilla tenuis,Alchemilla tenuis Buser,Buser,,,,FUND. BIODIVERSIDAD:ANTHOS:941843,e6e19630a9415359fba90888864d17313873a984ac79a3677c1d62aac943f991,
79,ROSACEAE,Alchemilla transiens,NO_API_TAXON,False,KEEP_TAXONIC_RESPONSE,2026-08-19T17:29:43.532694+00:00,EXACT_CANONICAL_FOUND,Alchemilla transiens,Alchemilla transiens,(Hayek) Pawł.,Synonym,,2939023,2940716,6ff1e084d7e1de5bce526a9952c96fbb0f13b4f2c615b0fc30c055f88bfb5483,,EXACT_CANONICAL_FOUND,Alchemilla transiens,Alchemilla transiens,(Hayek) Pawł.,Synonym,,wfo-0001018942,wfo-0001002488,ccfc7e3ca85c8b80aa96eb52d4e50e07e1811d28916b544280d8a4f1a043ba72,,EXACT_CANONICAL_FOUND,Alchemilla transiens,Alchemilla transiens (Buser) Buser in Dörfl.,(Buser) Buser in Dörfl.,,,,FUND. BIODIVERSIDAD:ANTHOS:87826,e6e19630a9415359fba90888864d17313873a984ac79a3677c1d62aac943f991,
80,ROSACEAE,Alchemilla vetteri,NO_API_TAXON,False,KEEP_TAXONIC_RESPONSE,2026-08-19T17:29:43.532706+00:00,EXACT_CANONICAL_FOUND,Alchemilla vetteri,Alchemilla vetteri,Buser,Accepted,,2940772,2940772,6ff1e084d7e1de5bce526a9952c96fbb0f13b4f2c615b0fc30c055f88bfb5483,,EXACT_CANONICAL_FOUND,Alchemilla vetteri,Alchemilla vetteri,Buser,Accepted,,,wfo-0001014775,ccfc7e3ca85c8b80aa96eb52d4e50e07e1811d28916b544280d8a4f1a043ba72,,EXACT_CANONICAL_FOUND,Alchemilla vetteri,Alchemilla vetteri Buser in C. Bicknell,Buser in C. Bicknell,,,,FUND. BIODIVERSIDAD:ANTHOS:1349818,e6e19630a9415359fba90888864d17313873a984ac79a3677c1d62aac943f991,
86,AMARYLLIDACEAE,Allium guttatum subsp. sardoum,NO_EXACT_MATCH,False,KEEP_TAXONIC_RESPONSE,2026-08-19T17:29:43.532719+00:00,EXACT_CANONICAL_FOUND,Allium guttatum subsp. sardoum,Allium guttatum subsp. sardoum,(Moris) Stearn,Synonym,,296498,295683,6ff1e084d7e1de5bce526a9952c96fbb0f13b4f2c615b0fc30c055f88bfb5483,,EXACT_CANONICAL_FOUND,Allium guttatum subsp. sardoum,Allium guttatum subsp. sardoum,(Moris) Stearn,Accepted,,,wfo-0000756371,ccfc7e3ca85c8b80aa96eb52d4e50e07e1811d28916b544280d8a4f1a043ba72,,EXACT_CANONICAL_FOUND,Allium guttatum subsp. sardoum,Allium guttatum subsp. sardoum (Moris) Stearn,(Moris) Stearn,,,,FUND. BIODIVERSIDAD:ANTHOS:46065,e6e19630a9415359fba90888864d17313873a984ac79a3677c1d62aac943f991,
87,AMARYLLIDACEAE,Allium lusitanicum,NO_API_TAXON,False,KEEP_TAXONIC_RESPONSE,2026-08-19T17:29:43.532729+00:00,EXACT_CANONICAL_FOUND,Allium lusitanicum,Allium lusitanicum,Redouté,Misapplied,,295009,295935,6ff1e084d7e1de5bce526a9952c96fbb0f13b4f2c615b0fc30c055f88bfb5483,,EXACT_CANONICAL_FOUND,Allium lusitanicum,Allium lusitanicum,Lam.,Accepted,,,wfo-0000756644,ccfc7e3ca85c8b80aa96eb52d4e50e07e1811d28916b544280d8a4f1a043ba72,,EXACT_CANONICAL_FOUND,Allium lusitanicum,Allium lusitanicum Lam.,Lam.,,,,FUND. BIODIVERSIDAD:ANTHOS:35349,e6e19630a9415359fba90888864d17313873a984ac79a3677c1d62aac943f991,
89,AMARYLLIDACEAE,Allium oleraceum var. oleraceum,NO_EXACT_MATCH,False,NO_RESPONSE_ALL_THREE,2026-08-19T17:29:43.532741+00:00,EXACT_CANONICAL_NOT_FOUND,,,,,,,,6ff1e084d7e1de5bce526a9952c96fbb0f13b4f2c615b0fc30c055f88bfb5483,,EXACT_CANONICAL_NOT_FOUND,,,,,,,,ccfc7e3ca85c8b80aa96eb52d4e50e07e1811d28916b544280d8a4f1a043ba72,,EXACT_CANONICAL_NOT_FOUND,,,,,,,,e6e19630a9415359fba90888864d17313873a984ac79a3677c1d62aac943f991,
92,AMARYLLIDACEAE,Allium schoenoprassum,NO_API_TAXON,False,NO_RESPONSE_ALL_THREE,2026-08-19T17:29:43.532750+00:00,EXACT_CANONICAL_NOT_FOUND,,,,,,,,6ff1e084d7e1de5bce526a9952c96fbb0f13b4f2c615b0fc30c055f88bfb5483,,EXACT_CANONICAL_NOT_FOUND,,,,,,,,ccfc7e3ca85c8b80aa96eb52d4e50e07e1811d28916b544280d8a4f1a043ba72,,EXACT_CANONICAL_NOT_FOUND,,,,,,,,e6e19630a9415359fba90888864d17313873a984ac79a3677c1d62aac943f991,
94,AMARYLLIDACEAE,Allium scorodoprasum subsp. rotundum,NO_EXACT_MATCH,False,KEEP_TAXONIC_RESPONSE,2026-08-19T17:29:43.532762+00:00,EXACT_CANONICAL_FOUND,Allium scorodoprasum subsp. rotundum,Allium scorodoprasum subsp. rotundum,(L.) Stearn,Synonym,,296437,296559,6ff1e084d7e1de5bce526a9952c96fbb0f13b4f2c615b0fc30c055f88bfb5483,,EXACT_CANONICAL_FOUND,Allium scorodoprasum subsp. rotundum,Allium scorodoprasum subsp. rotundum,(L.) Stearn,Synonym,,wfo-0000757183,wfo-0000757312,ccfc7e3ca85c8b80aa96eb52d4e50e07e1811d28916b544280d8a4f1a043ba72,,EXACT_CANONICAL_FOUND,Allium scorodoprasum subsp. rotundum,Allium scorodoprasum subsp. rotundum (L.) Stearn,(L.) Stearn,,,,FUND. BIODIVERSIDAD:ANTHOS:45753,e6e19630a9415359fba90888864d17313873a984ac79a3677c1d62aac943f991,
100,PTERIDACEAE,Allosurus acrosticus,NO_API_TAXON,False,NO_RESPONSE_ALL_THREE,2026-08-19T17:29:43.532771+00:00,EXACT_CANONICAL_NOT_FOUND,,,,,,,,6ff1e084d7e1de5bce526a9952c96fbb0f13b4f2c615b0fc30c055f88bfb5483,,EXACT_CANONICAL_NOT_FOUND,,,,,,,,ccfc7e3ca85c8b80aa96eb52d4e50e07e1811d28916b544280d8a4f1a043ba72,,EXACT_CANONICAL_NOT_FOUND,,,,,,,,e6e19630a9415359fba90888864d17313873a984ac79a3677c1d62aac943f991,
101,PTERIDACEAE,Allosurus pteridioides,NO_API_TAXON,False,NO_RESPONSE_ALL_THREE,2026-08-19T17:29:43.532782+00:00,EXACT_CANONICAL_NOT_FOUND,,,,,,,,6ff1e084d7e1de5bce526a9952c96fbb0f13b4f2c615b0fc30c055f88bfb5483,,EXACT_CANONICAL_NOT_FOUND,,,,,,,,ccfc7e3ca85c8b80aa96eb52d4e50e07e1811d28916b544280d8a4f1a043ba72,,EXACT_CANONICAL_NOT_FOUND,,,,,,,,e6e19630a9415359fba90888864d17313873a984ac79a3677c1d62aac943f991,
108,MALVACEAE,Althaea cannabina,NO_API_TAXON,False,KEEP_TAXONIC_RESPONSE,2026-08-19T17:29:43.532792+00:00,EXACT_CANONICAL_FOUND,Althaea cannabina,Althaea cannabina,L.,Accepted,,2631515,2631515,6ff1e084d7e1de5bce526a9952c96fbb0f13b4f2c615b0fc30c055f88bfb5483,,EXACT_CANONICAL_FOUND,Althaea cannabina,Althaea cannabina,L.,Accepted,,,wfo-0000528921,ccfc7e3ca85c8b80aa96eb52d4e50e07e1811d28916b544280d8a4f1a043ba72,,EXACT_CANONICAL_FOUND,Althaea cannabina,Althaea cannabina L.,L.,,,,FUND. BIODIVERSIDAD:ANTHOS:26886,e6e19630a9415359fba90888864d17313873a984ac79a3677c1d62aac943f991,
113,BRASSICACEAE,Alyssum granatense,NO_API_TAXON,False,KEEP_TAXONIC_RESPONSE,2026-08-19T17:29:43.532803+00:00,EXACT_CANONICAL_FOUND,Alyssum granatense,Alyssum granatense,Nyman,Invalid,,3307159,2632163,6ff1e084d7e1de5bce526a9952c96fbb0f13b4f2c615b0fc30c055f88bfb5483,,EXACT_CANONICAL_FOUND,Alyssum granatense,Alyssum granatense,Boiss. & Reut.,Accepted,,,wfo-0000529502,ccfc7e3ca85c8b80aa96eb52d4e50e07e1811d28916b544280d8a4f1a043ba72,,EXACT_CANONICAL_FOUND,Alyssum granatense,Alyssum granatense Boiss. & Reut.,Boiss. & Reut.,,,,FUND. BIODIVERSIDAD:ANTHOS:1124713,e6e19630a9415359fba90888864d17313873a984ac79a3677c1d62aac943f991,
114,BRASSICACEAE,Alyssum linifolium,NO_API_TAXON,False,KEEP_TAXONIC_RESPONSE,2026-08-19T17:29:43.532813+00:00,EXACT_CANONICAL_FOUND,Alyssum linifolium,Alyssum linifolium,Stephan ex Willd.,Synonym,,2360728,2632240,6ff1e084d7e1de5bce526a9952c96fbb0f13b4f2c615b0fc30c055f88bfb5483,,EXACT_CANONICAL_FOUND,Alyssum linifolium,Alyssum linifolium,Stephan ex Willd.,Synonym,,wfo-0000369703,wfo-0000529589,ccfc7e3ca85c8b80aa96eb52d4e50e07e1811d28916b544280d8a4f1a043ba72,,EXACT_CANONICAL_FOUND,Alyssum linifolium,Alyssum linifolium Willd.,Willd.,,,,FUND. BIODIVERSIDAD:ANTHOS:845501,e6e19630a9415359fba90888864d17313873a984ac79a3677c1d62aac943f991,
117,BRASSICACEAE,Alyssum serpyllifolium,NO_API_TAXON,False,KEEP_TAXONIC_RESPONSE,2026-08-19T17:29:43.532823+00:00,EXACT_CANONICAL_FOUND,Alyssum serpyllifolium,Alyssum serpyllifolium,M.Bieb.,Illegitimate,,3257827,2632500,6ff1e084d7e1de5bce526a9952c96fbb0f13b4f2c615b0fc30c055f88bfb5483,,EXACT_CANONICAL_FOUND,Alyssum serpyllifolium,Alyssum serpyllifolium,Desf.,Synonym,,wfo-1000056978,wfo-0000529862,ccfc7e3ca85c8b80aa96eb52d4e50e07e1811d28916b544280d8a4f1a043ba72,,EXACT_CANONICAL_FOUND,Alyssum serpyllifolium,Alyssum serpyllifolium Desf.,Desf.,,,,FUND. BIODIVERSIDAD:ANTHOS:22881,e6e19630a9415359fba90888864d17313873a984ac79a3677c1d62aac943f991,
123,AMARANTHACEAE,Amaranthus graecizans subsp. silvestris,NO_EXACT_MATCH,False,KEEP_TAXONIC_RESPONSE,2026-08-19T17:29:43.532837+00:00,EXACT_CANONICAL_FOUND,Amaranthus graecizans subsp. silvestris,Amaranthus graecizans subsp. silvestris,(Tourn. ex Vill.) Brenan,Accepted,,2632859,2632859,6ff1e084d7e1de5bce526a9952c96fbb0f13b4f2c615b0fc30c055f88bfb5483,,EXACT_CANONICAL_FOUND,Amaranthus graecizans subsp. silvestris,Amaranthus graecizans subsp. silvestris,(Tourn. ex Vill.) Brenan,Accepted,,,wfo-0000530237,ccfc7e3ca85c8b80aa96eb52d4e50e07e1811d28916b544280d8a4f1a043ba72,,EXACT_CANONICAL_FOUND,Amaranthus graecizans subsp. silvestris,Amaranthus graecizans subsp. silvestris (Vill.) Brenan,(Vill.) Brenan,,,,FUND. BIODIVERSIDAD:ANTHOS:20963,e6e19630a9415359fba90888864d17313873a984ac79a3677c1d62aac943f991,
126,AMARANTHACEAE,Amaranthus powelli,NO_API_TAXON,False,NO_RESPONSE_ALL_THREE,2026-08-19T17:29:43.532847+00:00,EXACT_CANONICAL_NOT_FOUND,,,,,,,,6ff1e084d7e1de5bce526a9952c96fbb0f13b4f2c615b0fc30c055f88bfb5483,,EXACT_CANONICAL_NOT_FOUND,,,,,,,,ccfc7e3ca85c8b80aa96eb52d4e50e07e1811d28916b544280d8a4f1a043ba72,,EXACT_CANONICAL_NOT_FOUND,,,,,,,,e6e19630a9415359fba90888864d17313873a984ac79a3677c1d62aac943f991,
135,ASTERACEAE,Anacyclus valentinus,NO_API_TAXON,False,KEEP_TAXONIC_RESPONSE,2026-08-19T17:29:43.532859+00:00,EXACT_CANONICAL_FOUND,Anacyclus valentinus,Anacyclus valentinus,L.,Accepted,,3110536,3110536,6ff1e084d7e1de5bce526a9952c96fbb0f13b4f2c615b0fc30c055f88bfb5483,,EXACT_CANONICAL_FOUND,Anacyclus valentinus,Anacyclus valentinus,L.,Synonym,,wfo-0000045104,wfo-0000003210,ccfc7e3ca85c8b80aa96eb52d4e50e07e1811d28916b544280d8a4f1a043ba72,,EXACT_CANONICAL_FOUND,Anacyclus valentinus,Anacyclus valentinus L.,L.,,,,FUND. BIODIVERSIDAD:ANTHOS:846780,e6e19630a9415359fba90888864d17313873a984ac79a3677c1d62aac943f991,
136,PLANTAGINACEAE,Anarrhinum bellidifolium,NO_API_TAXON,False,KEEP_TAXONIC_RESPONSE,2026-08-19T17:29:43.532869+00:00,EXACT_CANONICAL_FOUND,Anarrhinum bellidifolium,Anarrhinum bellidifolium,(L.) Willd.,Accepted,,2636238,2636238,6ff1e084d7e1de5bce526a9952c96fbb0f13b4f2c615b0fc30c055f88bfb5483,,EXACT_CANONICAL_FOUND,Anarrhinum bellidifolium,Anarrhinum bellidifolium,(L.) Willd.,Accepted,,,wfo-0000533378,ccfc7e3ca85c8b80aa96eb52d4e50e07e1811d28916b544280d8a4f1a043ba72,,EXACT_CANONICAL_FOUND,Anarrhinum bellidifolium,Anarrhinum bellidifolium (L.) Willd.,(L.) Willd.,,,,FUND. BIODIVERSIDAD:ANTHOS:31025,e6e19630a9415359fba90888864d17313873a984ac79a3677c1d62aac943f991,
137,BORAGINACEAE,Anchusa arvensis,NO_API_TAXON,False,KEEP_TAXONIC_RESPONSE,2026-08-19T17:29:43.532881+00:00,EXACT_CANONICAL_FOUND,Anchusa arvensis,Anchusa arvensis,(L.) M.Bieb.,Accepted,,2636464,2636464,6ff1e084d7e1de5bce526a9952c96fbb0f13b4f2c615b0fc30c055f88bfb5483,,EXACT_CANONICAL_FOUND,Anchusa arvensis,Anchusa arvensis,(L.) M.Bieb.,Accepted,,,wfo-0000533553,ccfc7e3ca85c8b80aa96eb52d4e50e07e1811d28916b544280d8a4f1a043ba72,,EXACT_CANONICAL_NOT_FOUND,,,,,,,,e6e19630a9415359fba90888864d17313873a984ac79a3677c1d62aac943f991,
139,BORAGINACEAE,Anchusa italica,NO_API_TAXON,False,KEEP_TAXONIC_RESPONSE,2026-08-19T17:29:43.532899+00:00,EXACT_CANONICAL_FOUND,Anchusa italica,Anchusa italica,Retz.,Synonym,,3261854,2636542,6ff1e084d7e1de5bce526a9952c96fbb0f13b4f2c615b0fc30c055f88bfb5483,,EXACT_CANONICAL_FOUND,Anchusa italica,Anchusa italica,Retz.,Synonym,,wfo-0000533562,wfo-0000533637,ccfc7e3ca85c8b80aa96eb52d4e50e07e1811d28916b544280d8a4f1a043ba72,,EXACT_CANONICAL_NOT_FOUND,,,,,,,,e6e19630a9415359fba90888864d17313873a984ac79a3677c1d62aac943f991,
144,ASTERACEAE,Andryala ragusina,NO_API_TAXON,False,KEEP_TAXONIC_RESPONSE,2026-08-19T17:29:43.532911+00:00,EXACT_CANONICAL_FOUND,Andryala ragusina,Andryala ragusina,L.,Accepted,,3063879,3063879,6ff1e084d7e1de5bce526a9952c96fbb0f13b4f2c615b0fc30c055f88bfb5483,,EXACT_CANONICAL_FOUND,Andryala ragusina,Andryala ragusina,L.,Accepted,,,wfo-0000017971,ccfc7e3ca85c8b80aa96eb52d4e50e07e1811d28916b544280d8a4f1a043ba72,,EXACT_CANONICAL_FOUND,Andryala ragusina,Andryala ragusina L.,L.,,,,FUND. BIODIVERSIDAD:ANTHOS:34641,e6e19630a9415359fba90888864d17313873a984ac79a3677c1d62aac943f991,
145,ASTERACEAE,Andryala ragusina var. ragusina,NO_API_TAXON,False,KEEP_TAXONIC_RESPONSE,2026-08-19T17:29:43.532921+00:00,EXACT_CANONICAL_NOT_FOUND,,,,,,,,6ff1e084d7e1de5bce526a9952c96fbb0f13b4f2c615b0fc30c055f88bfb5483,,EXACT_CANONICAL_FOUND,Andryala ragusina var. ragusina,Andryala ragusina var. ragusina,,Synonym,,wfo-0000017971,wfo-0000050172,ccfc7e3ca85c8b80aa96eb52d4e50e07e1811d28916b544280d8a4f1a043ba72,,EXACT_CANONICAL_NOT_FOUND,,,,,,,,e6e19630a9415359fba90888864d17313873a984ac79a3677c1d62aac943f991,
146,RANUNCULACEAE,Anemone nemorosa,NO_API_TAXON,False,KEEP_TAXONIC_RESPONSE,2026-08-19T17:29:43.532933+00:00,EXACT_CANONICAL_FOUND,Anemone nemorosa,Anemone nemorosa,L.,Accepted,,2638482,2638482,6ff1e084d7e1de5bce526a9952c96fbb0f13b4f2c615b0fc30c055f88bfb5483,,EXACT_CANONICAL_FOUND,Anemone nemorosa,Anemone nemorosa,L.,Synonym,,wfo-0000535989,wfo-0000535569,ccfc7e3ca85c8b80aa96eb52d4e50e07e1811d28916b544280d8a4f1a043ba72,,EXACT_CANONICAL_FOUND,Anemone nemorosa,Anemone nemorosa L.,L.,,,,FUND. BIODIVERSIDAD:ANTHOS:21912,e6e19630a9415359fba90888864d17313873a984ac79a3677c1d62aac943f991,
147,RANUNCULACEAE,Anemone ranunculoides,NO_API_TAXON,False,KEEP_TAXONIC_RESPONSE,2026-08-19T17:29:43.532942+00:00,EXACT_CANONICAL_FOUND,Anemone ranunculoides,Anemone ranunculoides,Richardson,Illegitimate,,3010756,2638631,6ff1e084d7e1de5bce526a9952c96fbb0f13b4f2c615b0fc30c055f88bfb5483,,EXACT_CANONICAL_FOUND,Anemone ranunculoides,Anemone ranunculoides,L.,Synonym,,wfo-0000535998,wfo-0000535723,ccfc7e3ca85c8b80aa96eb52d4e50e07e1811d28916b544280d8a4f1a043ba72,,EXACT_CANONICAL_FOUND,Anemone ranunculoides,Anemone ranunculoides L.,L.,,,,FUND. BIODIVERSIDAD:ANTHOS:21930,e6e19630a9415359fba90888864d17313873a984ac79a3677c1d62aac943f991,
149,APIACEAE,Angelica major,NO_API_TAXON,False,KEEP_TAXONIC_RESPONSE,2026-08-19T17:29:43.532954+00:00,EXACT_CANONICAL_FOUND,Angelica major,Angelica major,Gilib.,Invalid,,3261894,2639156,6ff1e084d7e1de5bce526a9952c96fbb0f13b4f2c615b0fc30c055f88bfb5483,,EXACT_CANONICAL_FOUND,Angelica major,Angelica major,Gilib.,Synonym,,wfo-0001443346,wfo-0000536276,ccfc7e3ca85c8b80aa96eb52d4e50e07e1811d28916b544280d8a4f1a043ba72,,EXACT_CANONICAL_FOUND,Angelica major,Angelica major Lag.,Lag.,,,,FUND. BIODIVERSIDAD:ANTHOS:28317,e6e19630a9415359fba90888864d17313873a984ac79a3677c1d62aac943f991,
153,ORCHIDACEAE,Anteriorchis fragrans,NO_API_TAXON,False,KEEP_TAXONIC_RESPONSE,2026-08-19T17:29:43.532963+00:00,EXACT_CANONICAL_FOUND,Anteriorchis fragrans,Anteriorchis fragrans,(Pollini) Szlach.,Synonym,,219583,220425,6ff1e084d7e1de5bce526a9952c96fbb0f13b4f2c615b0fc30c055f88bfb5483,,EXACT_CANONICAL_FOUND,Anteriorchis fragrans,Anteriorchis fragrans,(Pollini) Szlach.,Synonym,,wfo-0000968343,wfo-0000340207,ccfc7e3ca85c8b80aa96eb52d4e50e07e1811d28916b544280d8a4f1a043ba72,,EXACT_CANONICAL_NOT_FOUND,,,,,,,,e6e19630a9415359fba90888864d17313873a984ac79a3677c1d62aac943f991,
154,ASTERACEAE,Anthemis alpestris,NO_API_TAXON,False,KEEP_TAXONIC_RESPONSE,2026-08-19T17:29:43.532982+00:00,EXACT_CANONICAL_FOUND,Anthemis alpestris,Anthemis alpestris,(Hoffmanns. & Link) R.Fern.,Accepted,,3110655,3110655,6ff1e084d7e1de5bce526a9952c96fbb0f13b4f2c615b0fc30c055f88bfb5483,,EXACT_CANONICAL_FOUND,Anthemis alpestris,Anthemis alpestris,(Hoffmanns. & Link) R.Fernandes,Accepted,,,wfo-0000124734,ccfc7e3ca85c8b80aa96eb52d4e50e07e1811d28916b544280d8a4f1a043ba72,,EXACT_CANONICAL_FOUND,Anthemis alpestris,Anthemis alpestris (Hoffmanns. & Link) R. Fern.,(Hoffmanns. & Link) R. Fern.,,,,FUND. BIODIVERSIDAD:ANTHOS:48895,e6e19630a9415359fba90888864d17313873a984ac79a3677c1d62aac943f991,
156,ASTERACEAE,Anthemis carpatica,NO_API_TAXON,False,KEEP_TAXONIC_RESPONSE,2026-08-19T17:29:43.532992+00:00,EXACT_CANONICAL_FOUND,Anthemis carpatica,Anthemis carpatica,Waldst. & Kit. ex Willd.,Synonym,,3110810,3110525,6ff1e084d7e1de5bce526a9952c96fbb0f13b4f2c615b0fc30c055f88bfb5483,,EXACT_CANONICAL_FOUND,Anthemis carpatica,Anthemis carpatica,Waldst. & Kit. ex Willd.,Synonym,,wfo-0000106833,wfo-0000022165,ccfc7e3ca85c8b80aa96eb52d4e50e07e1811d28916b544280d8a4f1a043ba72,,EXACT_CANONICAL_NOT_FOUND,,,,,,,,e6e19630a9415359fba90888864d17313873a984ac79a3677c1d62aac943f991,
158,ASTERACEAE,Anthemis triumfetti,NO_API_TAXON,False,KEEP_TAXONIC_RESPONSE,2026-08-19T17:29:43.533002+00:00,EXACT_CANONICAL_FOUND,Anthemis triumfetti,Anthemis triumfetti,(L.) DC.,Synonym,,3111322,3197902,6ff1e084d7e1de5bce526a9952c96fbb0f13b4f2c615b0fc30c055f88bfb5483,,EXACT_CANONICAL_FOUND,Anthemis triumfetti,Anthemis triumfetti,All.,Accepted,,,wfo-0000129926,ccfc7e3ca85c8b80aa96eb52d4e50e07e1811d28916b544280d8a4f1a043ba72,,EXACT_CANONICAL_NOT_FOUND,,,,,,,,e6e19630a9415359fba90888864d17313873a984ac79a3677c1d62aac943f991,
161,POACEAE,Anthoxanthum ovatum subsp. aristatum,NO_EXACT_MATCH,False,KEEP_TAXONIC_RESPONSE,2026-08-19T17:29:43.533012+00:00,EXACT_CANONICAL_FOUND,Anthoxanthum ovatum subsp. aristatum,Anthoxanthum ovatum subsp. aristatum,(Boiss.) Litard.,Synonym,,393944,394045,6ff1e084d7e1de5bce526a9952c96fbb0f13b4f2c615b0fc30c055f88bfb5483,,EXACT_CANONICAL_FOUND,Anthoxanthum ovatum subsp. aristatum,Anthoxanthum ovatum subsp. aristatum,(Boiss.) Litard.,Synonym,,wfo-0000848095,wfo-0000848199,ccfc7e3ca85c8b80aa96eb52d4e50e07e1811d28916b544280d8a4f1a043ba72,,EXACT_CANONICAL_NOT_FOUND,,,,,,,,e6e19630a9415359fba90888864d17313873a984ac79a3677c1d62aac943f991,
164,FABACEAE,Anthyllis montana subsp. hispanica,NO_EXACT_MATCH,False,KEEP_TAXONIC_RESPONSE,2026-08-19T17:29:43.533025+00:00,EXACT_CANONICAL_FOUND,Anthyllis montana subsp. hispanica,Anthyllis montana subsp. hispanica,(Degen & Hervier) Cullen,Synonym,,3241415,2642032,6ff1e084d7e1de5bce526a9952c96fbb0f13b4f2c615b0fc30c055f88bfb5483,,EXACT_CANONICAL_FOUND,Anthyllis montana subsp. hispanica,Anthyllis montana subsp. hispanica,(Degen & Hervier) Cullen,Synonym,,wfo-0000214076,wfo-0000214077,ccfc7e3ca85c8b80aa96eb52d4e50e07e1811d28916b544280d8a4f1a043ba72,,EXACT_CANONICAL_NOT_FOUND,,,,,,,,e6e19630a9415359fba90888864d17313873a984ac79a3677c1d62aac943f991,
165,FABACEAE,Anthyllis vulneraria subsp. alpestris,NO_EXACT_MATCH,False,KEEP_TAXONIC_RESPONSE,2026-08-19T17:29:43.533036+00:00,EXACT_CANONICAL_FOUND,Anthyllis vulneraria subsp. alpestris,Anthyllis vulneraria subsp. alpestris,(Kit.) Asch. & Graebn.,Accepted,,2642109,2642109,6ff1e084d7e1de5bce526a9952c96fbb0f13b4f2c615b0fc30c055f88bfb5483,,EXACT_CANONICAL_FOUND,Anthyllis vulneraria subsp. alpestris,Anthyllis vulneraria subsp. alpestris,(Kit.) Asch. & Graebn.,Accepted,,,wfo-0000214079,ccfc7e3ca85c8b80aa96eb52d4e50e07e1811d28916b544280d8a4f1a043ba72,,EXACT_CANONICAL_FOUND,Anthyllis vulneraria subsp. alpestris,Anthyllis vulneraria subsp. alpestris (Kit. ex Schult.) Asch. & Graebn.,(Kit. ex Schult.) Asch. & Graebn.,,,,FUND. BIODIVERSIDAD:ANTHOS:87637,e6e19630a9415359fba90888864d17313873a984ac79a3677c1d62aac943f991,
166,FABACEAE,Anthyllis vulneraria subsp. gandogeri,NO_EXACT_MATCH,False,KEEP_TAXONIC_RESPONSE,2026-08-19T17:29:43.533048+00:00,EXACT_CANONICAL_FOUND,Anthyllis vulneraria subsp. gandogeri,Anthyllis vulneraria subsp. gandogeri,(Sagorski) Maire,Accepted,,2642146,2642146,6ff1e084d7e1de5bce526a9952c96fbb0f13b4f2c615b0fc30c055f88bfb5483,,EXACT_CANONICAL_FOUND,Anthyllis vulneraria subsp. gandogeri,Anthyllis vulneraria subsp. gandogeri,(Sagorski) Maire,Accepted,,,wfo-0001033842,ccfc7e3ca85c8b80aa96eb52d4e50e07e1811d28916b544280d8a4f1a043ba72,,EXACT_CANONICAL_FOUND,Anthyllis vulneraria subsp. gandogeri,Anthyllis vulneraria subsp. gandogeri (Sagorski) W. Becker ex Maire,(Sagorski) W. Becker ex Maire,,,,FUND. BIODIVERSIDAD:ANTHOS:65017,e6e19630a9415359fba90888864d17313873a984ac79a3677c1d62aac943f991,
167,FABACEAE,Anthyllis vulneraria subsp. iberica,NO_EXACT_MATCH,False,KEEP_TAXONIC_RESPONSE,2026-08-19T17:29:43.533059+00:00,EXACT_CANONICAL_FOUND,Anthyllis vulneraria subsp. iberica,Anthyllis vulneraria subsp. iberica,(W.Becker) Jalas,Accepted,,2642150,2642150,6ff1e084d7e1de5bce526a9952c96fbb0f13b4f2c615b0fc30c055f88bfb5483,,EXACT_CANONICAL_FOUND,Anthyllis vulneraria subsp. iberica,Anthyllis vulneraria subsp. iberica,(W.Becker) Jalas,Accepted,,,wfo-0000214086,ccfc7e3ca85c8b80aa96eb52d4e50e07e1811d28916b544280d8a4f1a043ba72,,EXACT_CANONICAL_FOUND,Anthyllis vulneraria subsp. iberica,Anthyllis vulneraria subsp. iberica (W. Becker) Jalas ex Cullen,(W. Becker) Jalas ex Cullen,,,,FUND. BIODIVERSIDAD:ANTHOS:39417,e6e19630a9415359fba90888864d17313873a984ac79a3677c1d62aac943f991,
168,FABACEAE,Anthyllis vulneraria subsp. sampaioana,NO_EXACT_MATCH,False,KEEP_TAXONIC_RESPONSE,2026-08-19T17:29:43.533072+00:00,EXACT_CANONICAL_FOUND,Anthyllis vulneraria subsp. sampaioana,Anthyllis vulneraria subsp. sampaioana,(Rothm.) Vasc.,Synonym,,2642144,3255306,6ff1e084d7e1de5bce526a9952c96fbb0f13b4f2c615b0fc30c055f88bfb5483,,EXACT_CANONICAL_FOUND,Anthyllis vulneraria subsp. sampaioana,Anthyllis vulneraria subsp. sampaioana,(Rothm.) Vasc.,Synonym,,wfo-0000183393,wfo-0001444377,ccfc7e3ca85c8b80aa96eb52d4e50e07e1811d28916b544280d8a4f1a043ba72,,EXACT_CANONICAL_FOUND,Anthyllis vulneraria subsp. sampaioana,Anthyllis vulneraria subsp. sampaioana (Rothm.) Vasc.,(Rothm.) Vasc.,,,,FUND. BIODIVERSIDAD:ANTHOS:94092,e6e19630a9415359fba90888864d17313873a984ac79a3677c1d62aac943f991,
169,FABACEAE,Anthyllis vulneraria subsp. vulnerarioides,NO_EXACT_MATCH,False,KEEP_TAXONIC_RESPONSE,2026-08-19T17:29:43.533083+00:00,EXACT_CANONICAL_FOUND,Anthyllis vulneraria subsp. vulnerarioides,Anthyllis vulneraria subsp. vulnerarioides,(All.) Arcang.,Accepted,,2642206,2642206,6ff1e084d7e1de5bce526a9952c96fbb0f13b4f2c615b0fc30c055f88bfb5483,,EXACT_CANONICAL_FOUND,Anthyllis vulneraria subsp. vulnerarioides,Anthyllis vulneraria subsp. vulnerarioides,(All.) Arcang.,Accepted,,,wfo-0000214089,ccfc7e3ca85c8b80aa96eb52d4e50e07e1811d28916b544280d8a4f1a043ba72,,EXACT_CANONICAL_FOUND,Anthyllis vulneraria subsp. vulnerarioides,Anthyllis vulneraria subsp. vulnerarioides (All.) Arcang.,(All.) Arcang.,,,,FUND. BIODIVERSIDAD:ANTHOS:39414,e6e19630a9415359fba90888864d17313873a984ac79a3677c1d62aac943f991,
170,PLANTAGINACEAE,Antirrhinum barrelieri,NO_API_TAXON,False,KEEP_TAXONIC_RESPONSE,2026-08-19T17:29:43.533093+00:00,EXACT_CANONICAL_FOUND,Antirrhinum barrelieri,Antirrhinum barrelieri,Boreau,Accepted,,2642492,2642492,6ff1e084d7e1de5bce526a9952c96fbb0f13b4f2c615b0fc30c055f88bfb5483,,EXACT_CANONICAL_FOUND,Antirrhinum barrelieri,Antirrhinum barrelieri,Boreau,Accepted,,,wfo-0000539125,ccfc7e3ca85c8b80aa96eb52d4e50e07e1811d28916b544280d8a4f1a043ba72,,EXACT_CANONICAL_NOT_FOUND,,,,,,,,e6e19630a9415359fba90888864d17313873a984ac79a3677c1d62aac943f991,
171,PLANTAGINACEAE,Antirrhinum braun-blanquetii,NO_API_TAXON,False,KEEP_TAXONIC_RESPONSE,2026-08-19T17:29:43.533104+00:00,EXACT_CANONICAL_FOUND,Antirrhinum braun-blanquetii,Antirrhinum braun-blanquetii,Rothm.,Accepted,,2642511,2642511,6ff1e084d7e1de5bce526a9952c96fbb0f13b4f2c615b0fc30c055f88bfb5483,,EXACT_CANONICAL_FOUND,Antirrhinum braun-blanquetii,Antirrhinum braun-blanquetii,Rothm.,Accepted,,,wfo-0000539145,ccfc7e3ca85c8b80aa96eb52d4e50e07e1811d28916b544280d8a4f1a043ba72,,EXACT_CANONICAL_FOUND,Antirrhinum braun-blanquetii,Antirrhinum braun-blanquetii Rothm.,Rothm.,,,,FUND. BIODIVERSIDAD:ANTHOS:31033,e6e19630a9415359fba90888864d17313873a984ac79a3677c1d62aac943f991,
172,PLANTAGINACEAE,Antirrhinum litigiosum,NO_API_TAXON,False,KEEP_TAXONIC_RESPONSE,2026-08-19T17:29:43.533117+00:00,EXACT_CANONICAL_FOUND,Antirrhinum litigiosum,Antirrhinum litigiosum,Pau,Synonym,,2642492,2642715,6ff1e084d7e1de5bce526a9952c96fbb0f13b4f2c615b0fc30c055f88bfb5483,,EXACT_CANONICAL_FOUND,Antirrhinum litigiosum,Antirrhinum litigiosum,Pau,Synonym,,wfo-0000539125,wfo-0000539355,ccfc7e3ca85c8b80aa96eb52d4e50e07e1811d28916b544280d8a4f1a043ba72,,EXACT_CANONICAL_FOUND,Antirrhinum litigiosum,Antirrhinum litigiosum Pau,Pau,,,,FUND. BIODIVERSIDAD:ANTHOS:182799,e6e19630a9415359fba90888864d17313873a984ac79a3677c1d62aac943f991,
174,ROSACEAE,Aphanes arvensis,NO_API_TAXON,False,KEEP_TAXONIC_RESPONSE,2026-08-19T17:29:43.533128+00:00,EXACT_CANONICAL_FOUND,Aphanes arvensis,Aphanes arvensis,L.,Synonym,,2938788,2941856,6ff1e084d7e1de5bce526a9952c96fbb0f13b4f2c615b0fc30c055f88bfb5483,,EXACT_CANONICAL_FOUND,Aphanes arvensis,Aphanes arvensis,L.,Synonym,,wfo-0001016026,wfo-0001003065,ccfc7e3ca85c8b80aa96eb52d4e50e07e1811d28916b544280d8a4f1a043ba72,,EXACT_CANONICAL_FOUND,Aphanes arvensis,Aphanes arvensis L.,L.,,,,FUND. BIODIVERSIDAD:ANTHOS:24316,e6e19630a9415359fba90888864d17313873a984ac79a3677c1d62aac943f991,
175,ROSACEAE,Aphanes australis,NO_API_TAXON,False,KEEP_TAXONIC_RESPONSE,2026-08-19T17:29:43.533141+00:00,EXACT_CANONICAL_FOUND,Aphanes australis,Aphanes australis,Rydb.,Synonym,,3226041,2941859,6ff1e084d7e1de5bce526a9952c96fbb0f13b4f2c615b0fc30c055f88bfb5483,,EXACT_CANONICAL_FOUND,Aphanes australis,Aphanes australis,Rydb.,Synonym,,wfo-0001429268,wfo-0001009199,ccfc7e3ca85c8b80aa96eb52d4e50e07e1811d28916b544280d8a4f1a043ba72,,EXACT_CANONICAL_FOUND,Aphanes australis,Aphanes australis Rydb. in Britton & Underw. (eds.),Rydb. in Britton & Underw. (eds.),,,,FUND. BIODIVERSIDAD:ANTHOS:67146,e6e19630a9415359fba90888864d17313873a984ac79a3677c1d62aac943f991,
176,ROSACEAE,Aphanes cornucopioides,NO_API_TAXON,False,KEEP_TAXONIC_RESPONSE,2026-08-19T17:29:43.533151+00:00,EXACT_CANONICAL_FOUND,Aphanes cornucopioides,Aphanes cornucopioides,Lag.,Synonym,,2939173,2941867,6ff1e084d7e1de5bce526a9952c96fbb0f13b4f2c615b0fc30c055f88bfb5483,,EXACT_CANONICAL_FOUND,Aphanes cornucopioides,Aphanes cornucopioides,Lag.,Synonym,,wfo-0000983944,wfo-0001018443,ccfc7e3ca85c8b80aa96eb52d4e50e07e1811d28916b544280d8a4f1a043ba72,,EXACT_CANONICAL_FOUND,Aphanes cornucopioides,Aphanes cornucopioides Lag.,Lag.,,,,FUND. BIODIVERSIDAD:ANTHOS:48424,e6e19630a9415359fba90888864d17313873a984ac79a3677c1d62aac943f991,
177,ROSACEAE,Aphanes microcarpa,NO_API_TAXON,False,KEEP_TAXONIC_RESPONSE,2026-08-19T17:29:43.533163+00:00,EXACT_CANONICAL_FOUND,Aphanes microcarpa,Aphanes microcarpa,(Boiss. & Reut.) Rothm.,Synonym,,2939829,2941879,6ff1e084d7e1de5bce526a9952c96fbb0f13b4f2c615b0fc30c055f88bfb5483,,EXACT_CANONICAL_FOUND,Aphanes microcarpa,Aphanes microcarpa,(Boiss. & Reut.) Rothm.,Synonym,,wfo-0000986396,wfo-0000987035,ccfc7e3ca85c8b80aa96eb52d4e50e07e1811d28916b544280d8a4f1a043ba72,,EXACT_CANONICAL_FOUND,Aphanes microcarpa,Aphanes microcarpa (Boiss. & Reut.) Rothm.,(Boiss. & Reut.) Rothm.,,,,FUND. BIODIVERSIDAD:ANTHOS:47635,e6e19630a9415359fba90888864d17313873a984ac79a3677c1d62aac943f991,
180,APIACEAE,Apium nodiflorum,NO_API_TAXON,False,KEEP_TAXONIC_RESPONSE,2026-08-19T17:29:43.533173+00:00,EXACT_CANONICAL_FOUND,Apium nodiflorum,Apium nodiflorum,(L.) Lag.,Synonym,,2844910,2644101,6ff1e084d7e1de5bce526a9952c96fbb0f13b4f2c615b0fc30c055f88bfb5483,,EXACT_CANONICAL_FOUND,Apium nodiflorum,Apium nodiflorum,(L.) Lag.,Synonym,,wfo-0000719285,wfo-0000540680,ccfc7e3ca85c8b80aa96eb52d4e50e07e1811d28916b544280d8a4f1a043ba72,,EXACT_CANONICAL_FOUND,Apium nodiflorum,Apium nodiflorum (L.) Lag.,(L.) Lag.,,,,FUND. BIODIVERSIDAD:ANTHOS:1124537,e6e19630a9415359fba90888864d17313873a984ac79a3677c1d62aac943f991,
186,BRASSICACEAE,Arabis parvula,NO_API_TAXON,False,KEEP_TAXONIC_RESPONSE,2026-08-19T17:29:43.533184+00:00,EXACT_CANONICAL_FOUND,Arabis parvula,Arabis parvula,Dufour ex DC.,Accepted,,2646001,2646001,6ff1e084d7e1de5bce526a9952c96fbb0f13b4f2c615b0fc30c055f88bfb5483,,EXACT_CANONICAL_FOUND,Arabis parvula,Arabis parvula,Dufour,Accepted,,,wfo-0000542615,ccfc7e3ca85c8b80aa96eb52d4e50e07e1811d28916b544280d8a4f1a043ba72,,EXACT_CANONICAL_FOUND,Arabis parvula,Arabis parvula Dufour ex DC.,Dufour ex DC.,,,,FUND. BIODIVERSIDAD:ANTHOS:22811,e6e19630a9415359fba90888864d17313873a984ac79a3677c1d62aac943f991,
187,BRASSICACEAE,Arabis planisiliqua,NO_API_TAXON,False,KEEP_TAXONIC_RESPONSE,2026-08-19T17:29:43.533194+00:00,EXACT_CANONICAL_FOUND,Arabis planisiliqua,Arabis planisiliqua,(Pers.) Rchb.,Accepted,,2646056,2646056,6ff1e084d7e1de5bce526a9952c96fbb0f13b4f2c615b0fc30c055f88bfb5483,,EXACT_CANONICAL_FOUND,Arabis planisiliqua,Arabis planisiliqua,Pers. ex Rchb.,Accepted,,,wfo-0000542671,ccfc7e3ca85c8b80aa96eb52d4e50e07e1811d28916b544280d8a4f1a043ba72,,EXACT_CANONICAL_FOUND,Arabis planisiliqua,Arabis planisiliqua (Pers.) Rchb.,(Pers.) Rchb.,,,,FUND. BIODIVERSIDAD:ANTHOS:1124944,e6e19630a9415359fba90888864d17313873a984ac79a3677c1d62aac943f991,
188,BRASSICACEAE,Arabis scabra,NO_API_TAXON,False,KEEP_TAXONIC_RESPONSE,2026-08-19T17:29:43.533203+00:00,EXACT_CANONICAL_FOUND,Arabis scabra,Arabis scabra,Gilib.,Invalid,,2645262,2646183,6ff1e084d7e1de5bce526a9952c96fbb0f13b4f2c615b0fc30c055f88bfb5483,,EXACT_CANONICAL_FOUND,Arabis scabra,Arabis scabra,Gilib.,Synonym,,wfo-0000541830,wfo-0000542801,ccfc7e3ca85c8b80aa96eb52d4e50e07e1811d28916b544280d8a4f1a043ba72,,EXACT_CANONICAL_FOUND,Arabis scabra,Arabis scabra All.,All.,,,,FUND. BIODIVERSIDAD:ANTHOS:492614,e6e19630a9415359fba90888864d17313873a984ac79a3677c1d62aac943f991,
189,BRASSICACEAE,Arabis serpillifolia,NO_API_TAXON,False,KEEP_TAXONIC_RESPONSE,2026-08-19T17:29:43.533215+00:00,EXACT_CANONICAL_FOUND,Arabis serpillifolia,Arabis serpillifolia,Vill.,Accepted,,2646205,2646205,6ff1e084d7e1de5bce526a9952c96fbb0f13b4f2c615b0fc30c055f88bfb5483,,EXACT_CANONICAL_FOUND,Arabis serpillifolia,Arabis serpillifolia,Vill.,Accepted,,,wfo-0000542825,ccfc7e3ca85c8b80aa96eb52d4e50e07e1811d28916b544280d8a4f1a043ba72,,EXACT_CANONICAL_FOUND,Arabis serpillifolia,Arabis serpillifolia Vill.,Vill.,,,,FUND. BIODIVERSIDAD:ANTHOS:39555,e6e19630a9415359fba90888864d17313873a984ac79a3677c1d62aac943f991,
190,BRASSICACEAE,Arabis turrita,NO_API_TAXON,False,KEEP_TAXONIC_RESPONSE,2026-08-19T17:29:43.533225+00:00,EXACT_CANONICAL_FOUND,Arabis turrita,Arabis turrita,L.,Synonym,,2412466,2646334,6ff1e084d7e1de5bce526a9952c96fbb0f13b4f2c615b0fc30c055f88bfb5483,,EXACT_CANONICAL_FOUND,Arabis turrita,Arabis turrita,L.,Synonym,,wfo-0001034902,wfo-0000542965,ccfc7e3ca85c8b80aa96eb52d4e50e07e1811d28916b544280d8a4f1a043ba72,,EXACT_CANONICAL_FOUND,Arabis turrita,Arabis turrita L.,L.,,,,FUND. BIODIVERSIDAD:ANTHOS:22788,e6e19630a9415359fba90888864d17313873a984ac79a3677c1d62aac943f991,
195,CARYOPHYLLACEAE,Arenaria erinacea,NO_API_TAXON,False,KEEP_TAXONIC_RESPONSE,2026-08-19T17:29:43.533236+00:00,EXACT_CANONICAL_FOUND,Arenaria erinacea,Arenaria erinacea,Boiss.,Accepted,,2649355,2649355,6ff1e084d7e1de5bce526a9952c96fbb0f13b4f2c615b0fc30c055f88bfb5483,,EXACT_CANONICAL_FOUND,Arenaria erinacea,Arenaria erinacea,Boiss.,Accepted,,,wfo-0000545824,ccfc7e3ca85c8b80aa96eb52d4e50e07e1811d28916b544280d8a4f1a043ba72,,EXACT_CANONICAL_FOUND,Arenaria erinacea,Arenaria erinacea Boiss.,Boiss.,,,,FUND. BIODIVERSIDAD:ANTHOS:21024,e6e19630a9415359fba90888864d17313873a984ac79a3677c1d62aac943f991,
196,CARYOPHYLLACEAE,Arenaria grandiflora,NO_API_TAXON,False,KEEP_TAXONIC_RESPONSE,2026-08-19T17:29:43.533246+00:00,EXACT_CANONICAL_FOUND,Arenaria grandiflora,Arenaria grandiflora,Pall.,Illegitimate,,3014673,2649480,6ff1e084d7e1de5bce526a9952c96fbb0f13b4f2c615b0fc30c055f88bfb5483,,EXACT_CANONICAL_FOUND,Arenaria grandiflora,Arenaria grandiflora,L.,Accepted,,,wfo-0000545957,ccfc7e3ca85c8b80aa96eb52d4e50e07e1811d28916b544280d8a4f1a043ba72,,EXACT_CANONICAL_FOUND,Arenaria grandiflora,Arenaria grandiflora L.,L.,,,,FUND. BIODIVERSIDAD:ANTHOS:21028,e6e19630a9415359fba90888864d17313873a984ac79a3677c1d62aac943f991,
199,CARYOPHYLLACEAE,Arenaria modesta,NO_API_TAXON,False,KEEP_TAXONIC_RESPONSE,2026-08-19T17:29:43.533258+00:00,EXACT_CANONICAL_FOUND,Arenaria modesta,Arenaria modesta,Dufour,Accepted,,2649772,2649772,6ff1e084d7e1de5bce526a9952c96fbb0f13b4f2c615b0fc30c055f88bfb5483,,EXACT_CANONICAL_FOUND,Arenaria modesta,Arenaria modesta,Dufour,Accepted,,,wfo-0000546259,ccfc7e3ca85c8b80aa96eb52d4e50e07e1811d28916b544280d8a4f1a043ba72,,EXACT_CANONICAL_FOUND,Arenaria modesta,Arenaria modesta Dufour,Dufour,,,,FUND. BIODIVERSIDAD:ANTHOS:88172,e6e19630a9415359fba90888864d17313873a984ac79a3677c1d62aac943f991,
200,CARYOPHYLLACEAE,Arenaria montana,NO_API_TAXON,False,KEEP_TAXONIC_RESPONSE,2026-08-19T17:29:43.533267+00:00,EXACT_CANONICAL_FOUND,Arenaria montana,Arenaria montana,Sieber ex Steud.,Invalid,,2649714,2649788,6ff1e084d7e1de5bce526a9952c96fbb0f13b4f2c615b0fc30c055f88bfb5483,,EXACT_CANONICAL_FOUND,Arenaria montana,Arenaria montana,L.,Accepted,,,wfo-0000546275,ccfc7e3ca85c8b80aa96eb52d4e50e07e1811d28916b544280d8a4f1a043ba72,,EXACT_CANONICAL_FOUND,Arenaria montana,Arenaria montana L.,L.,,,,FUND. BIODIVERSIDAD:ANTHOS:1124759,e6e19630a9415359fba90888864d17313873a984ac79a3677c1d62aac943f991,
201,CARYOPHYLLACEAE,Arenaria pomelii subsp. ciliaris,NO_API_TAXON,False,NO_RESPONSE_ALL_THREE,2026-08-19T17:29:43.533279+00:00,EXACT_CANONICAL_NOT_FOUND,,,,,,,,6ff1e084d7e1de5bce526a9952c96fbb0f13b4f2c615b0fc30c055f88bfb5483,,EXACT_CANONICAL_NOT_FOUND,,,,,,,,ccfc7e3ca85c8b80aa96eb52d4e50e07e1811d28916b544280d8a4f1a043ba72,,EXACT_CANONICAL_NOT_FOUND,,,,,,,,e6e19630a9415359fba90888864d17313873a984ac79a3677c1d62aac943f991,
206,PLUMBAGINACEAE,Armeria alliacea subsp. matritensis,NO_API_TAXON,False,KEEP_TAXONIC_RESPONSE,2026-08-19T17:29:43.533290+00:00,EXACT_CANONICAL_FOUND,Armeria alliacea subsp. matritensis,Armeria alliacea subsp. matritensis,"(Pau) Borja, Rivas Goday & R.Martinez",Accepted,,2652200,2652200,6ff1e084d7e1de5bce526a9952c96fbb0f13b4f2c615b0fc30c055f88bfb5483,,EXACT_CANONICAL_FOUND,Armeria alliacea subsp. matritensis,Armeria alliacea subsp. matritensis,"(Pau) Borja, Rivas Goday & Rivas Mart.",Accepted,,,wfo-0000548656,ccfc7e3ca85c8b80aa96eb52d4e50e07e1811d28916b544280d8a4f1a043ba72,,EXACT_CANONICAL_FOUND,Armeria alliacea subsp. matritensis,"Armeria alliacea subsp. matritensis (Pau) Borja, Rivas Goday & Rivas Mart.","(Pau) Borja, Rivas Goday & Rivas Mart.",,,,FUND. BIODIVERSIDAD:ANTHOS:53505,e6e19630a9415359fba90888864d17313873a984ac79a3677c1d62aac943f991,
208,PLUMBAGINACEAE,Armeria arenaria subsp. arenaria,NO_EXACT_MATCH,False,KEEP_TAXONIC_RESPONSE,2026-08-19T17:29:43.533303+00:00,EXACT_CANONICAL_FOUND,Armeria arenaria subsp. arenaria,Armeria arenaria subsp. arenaria,,Accepted,,3262084,3262084,6ff1e084d7e1de5bce526a9952c96fbb0f13b4f2c615b0fc30c055f88bfb5483,,EXACT_CANONICAL_FOUND,Armeria arenaria subsp. arenaria,Armeria arenaria subsp. arenaria,(Pers.) F.Dietr.,Accepted,,,wfo-0001443421,ccfc7e3ca85c8b80aa96eb52d4e50e07e1811d28916b544280d8a4f1a043ba72,,EXACT_CANONICAL_FOUND,Armeria arenaria subsp. arenaria,Armeria arenaria subsp. arenaria (Pers.) Schult. in Roem. & Schult.,(Pers.) Schult. in Roem. & Schult.,,,,FUND. BIODIVERSIDAD:ANTHOS:29012,e6e19630a9415359fba90888864d17313873a984ac79a3677c1d62aac943f991,
209,PLUMBAGINACEAE,Armeria arenaria subsp. bilbilitana,NO_EXACT_MATCH,False,KEEP_TAXONIC_RESPONSE,2026-08-19T17:29:43.533314+00:00,EXACT_CANONICAL_FOUND,Armeria arenaria subsp. bilbilitana,Armeria arenaria subsp. bilbilitana,(Bernis) Nieto Fel.,Accepted,,2652248,2652248,6ff1e084d7e1de5bce526a9952c96fbb0f13b4f2c615b0fc30c055f88bfb5483,,EXACT_CANONICAL_FOUND,Armeria arenaria subsp. bilbilitana,Armeria arenaria subsp. bilbilitana,(Bernis) Nieto Fel.,Accepted,,,wfo-0000548707,ccfc7e3ca85c8b80aa96eb52d4e50e07e1811d28916b544280d8a4f1a043ba72,,EXACT_CANONICAL_FOUND,Armeria arenaria subsp. bilbilitana,Armeria arenaria subsp. bilbilitana (Bernis) Nieto Fel.,(Bernis) Nieto Fel.,,,,FUND. BIODIVERSIDAD:ANTHOS:66284,e6e19630a9415359fba90888864d17313873a984ac79a3677c1d62aac943f991,
210,PLUMBAGINACEAE,Armeria bigerrensis subsp. losae,NO_EXACT_MATCH,False,KEEP_TAXONIC_RESPONSE,2026-08-19T17:29:43.533327+00:00,EXACT_CANONICAL_FOUND,Armeria bigerrensis subsp. losae,Armeria bigerrensis subsp. losae,(Bernis) Rivas Mart. & al.,Accepted,,2652278,2652278,6ff1e084d7e1de5bce526a9952c96fbb0f13b4f2c615b0fc30c055f88bfb5483,,EXACT_CANONICAL_FOUND,Armeria bigerrensis subsp. losae,Armeria bigerrensis subsp. losae,"(Bernis) Rivas Mart., T.E.Díaz, Fern.Prieto, Loidi & Penas",Accepted,,,wfo-0000548739,ccfc7e3ca85c8b80aa96eb52d4e50e07e1811d28916b544280d8a4f1a043ba72,,EXACT_CANONICAL_FOUND,Armeria bigerrensis subsp. losae,Armeria bigerrensis subsp. losae (Bernis) Rivas Mart. & al.,(Bernis) Rivas Mart. & al.,,,,FUND. BIODIVERSIDAD:ANTHOS:87939,e6e19630a9415359fba90888864d17313873a984ac79a3677c1d62aac943f991,
211,PLUMBAGINACEAE,Armeria cantabrica,NO_API_TAXON,False,KEEP_TAXONIC_RESPONSE,2026-08-19T17:29:43.533336+00:00,EXACT_CANONICAL_FOUND,Armeria cantabrica,Armeria cantabrica,Boiss. & Reut. ex Willk.,Accepted,,2652323,2652323,6ff1e084d7e1de5bce526a9952c96fbb0f13b4f2c615b0fc30c055f88bfb5483,,EXACT_CANONICAL_FOUND,Armeria cantabrica,Armeria cantabrica,Rouy,Synonym,,wfo-0000549170,wfo-0000548788,ccfc7e3ca85c8b80aa96eb52d4e50e07e1811d28916b544280d8a4f1a043ba72,,EXACT_CANONICAL_FOUND,Armeria cantabrica,Armeria cantabrica Boiss. & Reut. ex Willk. in Willk. & Lange,Boiss. & Reut. ex Willk. in Willk. & Lange,,,,FUND. BIODIVERSIDAD:ANTHOS:28993,e6e19630a9415359fba90888864d17313873a984ac79a3677c1d62aac943f991,
212,ASTERACEAE,Arnoseris minima,NO_API_TAXON,False,KEEP_TAXONIC_RESPONSE,2026-08-19T17:29:43.533351+00:00,EXACT_CANONICAL_FOUND,Arnoseris minima,Arnoseris minima,(L.) Schweigg. & Korte,Accepted,,3074238,3074238,6ff1e084d7e1de5bce526a9952c96fbb0f13b4f2c615b0fc30c055f88bfb5483,,EXACT_CANONICAL_FOUND,Arnoseris minima,Arnoseris minima,(L.) Schweigg. & Körte,Accepted,,,wfo-0000028808,ccfc7e3ca85c8b80aa96eb52d4e50e07e1811d28916b544280d8a4f1a043ba72,,EXACT_CANONICAL_FOUND,Arnoseris minima,Arnoseris minima (L.) Schweigg. & Körte,(L.) Schweigg. & Körte,,,,FUND. BIODIVERSIDAD:ANTHOS:1124961,e6e19630a9415359fba90888864d17313873a984ac79a3677c1d62aac943f991,
215,POACEAE,Arrhenatherum elatius subsp. bulbosum,NO_EXACT_MATCH,False,KEEP_TAXONIC_RESPONSE,2026-08-19T17:29:43.533362+00:00,EXACT_CANONICAL_FOUND,Arrhenatherum elatius subsp. bulbosum,Arrhenatherum elatius subsp. bulbosum,(Willd.) Schübl. & G.Martens,Accepted,,395401,395401,6ff1e084d7e1de5bce526a9952c96fbb0f13b4f2c615b0fc30c055f88bfb5483,,EXACT_CANONICAL_FOUND,Arrhenatherum elatius subsp. bulbosum,Arrhenatherum elatius subsp. bulbosum,(Willd.) Schübl. & G.Martens,Accepted,,,wfo-0000849622,ccfc7e3ca85c8b80aa96eb52d4e50e07e1811d28916b544280d8a4f1a043ba72,,EXACT_CANONICAL_FOUND,Arrhenatherum elatius subsp. bulbosum,Arrhenatherum elatius subsp. bulbosum (Willd.) Schübl. & G. Martens,(Willd.) Schübl. & G. Martens,,,,FUND. BIODIVERSIDAD:ANTHOS:1124505,e6e19630a9415359fba90888864d17313873a984ac79a3677c1d62aac943f991,
216,POACEAE,Arrhenatherum elatius subsp. sardoum,NO_EXACT_MATCH,False,KEEP_TAXONIC_RESPONSE,2026-08-19T17:29:43.533374+00:00,EXACT_CANONICAL_FOUND,Arrhenatherum elatius subsp. sardoum,Arrhenatherum elatius subsp. sardoum,(Em.Schmid) Gamisans,Accepted,,395404,395404,6ff1e084d7e1de5bce526a9952c96fbb0f13b4f2c615b0fc30c055f88bfb5483,,EXACT_CANONICAL_FOUND,Arrhenatherum elatius subsp. sardoum,Arrhenatherum elatius subsp. sardoum,(Em.Schmid) Gamisans,Accepted,,,wfo-0000849625,ccfc7e3ca85c8b80aa96eb52d4e50e07e1811d28916b544280d8a4f1a043ba72,,EXACT_CANONICAL_FOUND,Arrhenatherum elatius subsp. sardoum,Arrhenatherum elatius subsp. sardoum (Em. Schmid) Gamisans,(Em. Schmid) Gamisans,,,,FUND. BIODIVERSIDAD:ANTHOS:848434,e6e19630a9415359fba90888864d17313873a984ac79a3677c1d62aac943f991,
220,ASTERACEAE,Artemisia herba-alba,NO_API_TAXON,False,KEEP_TAXONIC_RESPONSE,2026-08-19T17:29:43.533384+00:00,EXACT_CANONICAL_FOUND,Artemisia herba-alba,Artemisia herba-alba,Asso,Accepted,,3109057,3109057,6ff1e084d7e1de5bce526a9952c96fbb0f13b4f2c615b0fc30c055f88bfb5483,,EXACT_CANONICAL_FOUND,Artemisia herba-alba,Artemisia herba-alba,Asso,Accepted,,,wfo-0000066428,ccfc7e3ca85c8b80aa96eb52d4e50e07e1811d28916b544280d8a4f1a043ba72,,EXACT_CANONICAL_FOUND,Artemisia herba-alba,Artemisia herba-alba Asso,Asso,,,,FUND. BIODIVERSIDAD:ANTHOS:33349,e6e19630a9415359fba90888864d17313873a984ac79a3677c1d62aac943f991,
225,ARACEAE,Arum orientale subsp. orientale,NO_EXACT_MATCH,False,KEEP_TAXONIC_RESPONSE,2026-08-19T17:29:43.533396+00:00,EXACT_CANONICAL_FOUND,Arum orientale subsp. orientale,Arum orientale subsp. orientale,,Accepted,,16320,16320,6ff1e084d7e1de5bce526a9952c96fbb0f13b4f2c615b0fc30c055f88bfb5483,,EXACT_CANONICAL_FOUND,Arum orientale subsp. orientale,Arum orientale subsp. orientale,,Accepted,,,wfo-0000280796,ccfc7e3ca85c8b80aa96eb52d4e50e07e1811d28916b544280d8a4f1a043ba72,,EXACT_CANONICAL_NOT_FOUND,,,,,,,,e6e19630a9415359fba90888864d17313873a984ac79a3677c1d62aac943f991,
229,RUBIACEAE,Asperula aristata subsp. scabra,NO_API_TAXON,False,KEEP_TAXONIC_RESPONSE,2026-08-19T17:29:43.533406+00:00,EXACT_CANONICAL_FOUND,Asperula aristata subsp. scabra,Asperula aristata subsp. scabra,(C.Presl) Nyman,Synonym,,546879,16702,6ff1e084d7e1de5bce526a9952c96fbb0f13b4f2c615b0fc30c055f88bfb5483,,EXACT_CANONICAL_FOUND,Asperula aristata subsp. scabra,Asperula aristata subsp. scabra,(C.Presl) Nyman,Synonym,,wfo-1200007475,wfo-0000284721,ccfc7e3ca85c8b80aa96eb52d4e50e07e1811d28916b544280d8a4f1a043ba72,,EXACT_CANONICAL_FOUND,Asperula aristata subsp. scabra,Asperula aristata subsp. scabra (J. Presl & C. Presl ex Lange) Nyman,(J. Presl & C. Presl ex Lange) Nyman,,,,FUND. BIODIVERSIDAD:ANTHOS:29296,e6e19630a9415359fba90888864d17313873a984ac79a3677c1d62aac943f991,
231,RUBIACEAE,Asperula cynanchica,NO_API_TAXON,False,KEEP_TAXONIC_RESPONSE,2026-08-19T17:29:43.533443+00:00,EXACT_CANONICAL_FOUND,Asperula cynanchica,Asperula cynanchica,L.,Synonym,,546926,16790,6ff1e084d7e1de5bce526a9952c96fbb0f13b4f2c615b0fc30c055f88bfb5483,,EXACT_CANONICAL_FOUND,Asperula cynanchica,Asperula cynanchica,L.,Synonym,,wfo-1200007489,wfo-0000285663,ccfc7e3ca85c8b80aa96eb52d4e50e07e1811d28916b544280d8a4f1a043ba72,,EXACT_CANONICAL_FOUND,Asperula cynanchica,Asperula cynanchica L.,L.,,,,FUND. BIODIVERSIDAD:ANTHOS:29320,e6e19630a9415359fba90888864d17313873a984ac79a3677c1d62aac943f991,
232,RUBIACEAE,Asperula pyrenaica,NO_API_TAXON,False,KEEP_TAXONIC_RESPONSE,2026-08-19T17:29:43.533456+00:00,EXACT_CANONICAL_FOUND,Asperula pyrenaica,Asperula pyrenaica,L.,Synonym,,546927,17063,6ff1e084d7e1de5bce526a9952c96fbb0f13b4f2c615b0fc30c055f88bfb5483,,EXACT_CANONICAL_FOUND,Asperula pyrenaica,Asperula pyrenaica,L.,Synonym,,wfo-1000021996,wfo-0000288564,ccfc7e3ca85c8b80aa96eb52d4e50e07e1811d28916b544280d8a4f1a043ba72,,EXACT_CANONICAL_NOT_FOUND,,,,,,,,e6e19630a9415359fba90888864d17313873a984ac79a3677c1d62aac943f991,
235,ASPHODELACEAE,Asphodelus albus subsp. albus,NO_EXACT_MATCH,False,KEEP_TAXONIC_RESPONSE,2026-08-19T17:29:43.533473+00:00,EXACT_CANONICAL_FOUND,Asphodelus albus subsp. albus,Asphodelus albus subsp. albus,,Accepted,,312412,312412,6ff1e084d7e1de5bce526a9952c96fbb0f13b4f2c615b0fc30c055f88bfb5483,,EXACT_CANONICAL_FOUND,Asphodelus albus subsp. albus,Asphodelus albus subsp. albus,,Accepted,,,wfo-0000773816,ccfc7e3ca85c8b80aa96eb52d4e50e07e1811d28916b544280d8a4f1a043ba72,,EXACT_CANONICAL_FOUND,Asphodelus albus subsp. albus,Asphodelus albus subsp. albus Mill.,Mill.,,,,FUND. BIODIVERSIDAD:ANTHOS:34975,e6e19630a9415359fba90888864d17313873a984ac79a3677c1d62aac943f991,
236,ASPHODELACEAE,Asphodelus ayardii,NO_API_TAXON,False,KEEP_TAXONIC_RESPONSE,2026-08-19T17:29:43.533488+00:00,EXACT_CANONICAL_FOUND,Asphodelus ayardii,Asphodelus ayardii,Jahand. & Maire,Accepted,,275485,275485,6ff1e084d7e1de5bce526a9952c96fbb0f13b4f2c615b0fc30c055f88bfb5483,,EXACT_CANONICAL_FOUND,Asphodelus ayardii,Asphodelus ayardii,Jahand. & Maire,Accepted,,,wfo-0000636542,ccfc7e3ca85c8b80aa96eb52d4e50e07e1811d28916b544280d8a4f1a043ba72,,EXACT_CANONICAL_FOUND,Asphodelus ayardii,Asphodelus ayardii Jahand. & Maire,Jahand. & Maire,,,,FUND. BIODIVERSIDAD:ANTHOS:1079061,e6e19630a9415359fba90888864d17313873a984ac79a3677c1d62aac943f991,
240,ASPHODELACEAE,Asphodelus serotinum,NO_API_TAXON,False,NO_RESPONSE_ALL_THREE,2026-08-19T17:29:43.533503+00:00,EXACT_CANONICAL_NOT_FOUND,,,,,,,,6ff1e084d7e1de5bce526a9952c96fbb0f13b4f2c615b0fc30c055f88bfb5483,,EXACT_CANONICAL_NOT_FOUND,,,,,,,,ccfc7e3ca85c8b80aa96eb52d4e50e07e1811d28916b544280d8a4f1a043ba72,,EXACT_CANONICAL_NOT_FOUND,,,,,,,,e6e19630a9415359fba90888864d17313873a984ac79a3677c1d62aac943f991,
242,ASPLENIACEAE,Asplenium billotii,NO_API_TAXON,False,KEEP_TAXONIC_RESPONSE,2026-08-19T17:29:43.533517+00:00,EXACT_CANONICAL_FOUND,Asplenium billotii,Asplenium billotii,F.W.Schultz,Synonym,,3147623,3167112,6ff1e084d7e1de5bce526a9952c96fbb0f13b4f2c615b0fc30c055f88bfb5483,,EXACT_CANONICAL_FOUND,Asplenium billotii,Asplenium billotii,F.Schultz,Synonym,,wfo-0001359203,wfo-0001114938,ccfc7e3ca85c8b80aa96eb52d4e50e07e1811d28916b544280d8a4f1a043ba72,,EXACT_CANONICAL_FOUND,Asplenium billotii,Asplenium billotii F.W. Schultz,F.W. Schultz,,,,FUND. BIODIVERSIDAD:ANTHOS:19461,e6e19630a9415359fba90888864d17313873a984ac79a3677c1d62aac943f991,
244,ASPLENIACEAE,Asplenium csikii,NO_API_TAXON,False,KEEP_TAXONIC_RESPONSE,2026-08-19T17:29:43.533531+00:00,EXACT_CANONICAL_FOUND,Asplenium csikii,Asplenium csikii,Kümmerle & András.,Synonym,,3167610,3167627,6ff1e084d7e1de5bce526a9952c96fbb0f13b4f2c615b0fc30c055f88bfb5483,,EXACT_CANONICAL_FOUND,Asplenium csikii,Asplenium csikii,Kümmerle & Andras.,Accepted,,,wfo-0000154233,ccfc7e3ca85c8b80aa96eb52d4e50e07e1811d28916b544280d8a4f1a043ba72,,EXACT_CANONICAL_NOT_FOUND,,,,,,,,e6e19630a9415359fba90888864d17313873a984ac79a3677c1d62aac943f991,
246,ASPLENIACEAE,Asplenium obovatum subsp. lanceolatum,NO_EXACT_MATCH,False,KEEP_TAXONIC_RESPONSE,2026-08-19T17:29:43.533546+00:00,EXACT_CANONICAL_FOUND,Asplenium obovatum subsp. lanceolatum,Asplenium obovatum subsp. lanceolatum,(C.Presl) P.Silva,Synonym,,3147623,3240186,6ff1e084d7e1de5bce526a9952c96fbb0f13b4f2c615b0fc30c055f88bfb5483,,EXACT_CANONICAL_FOUND,Asplenium obovatum subsp. lanceolatum,Asplenium obovatum subsp. lanceolatum,(C.Presl) P.Silva,Synonym,,wfo-0001359203,wfo-1200106216,ccfc7e3ca85c8b80aa96eb52d4e50e07e1811d28916b544280d8a4f1a043ba72,,EXACT_CANONICAL_NOT_FOUND,,,,,,,,e6e19630a9415359fba90888864d17313873a984ac79a3677c1d62aac943f991,
247,ASPLENIACEAE,Asplenium onopteris,NO_API_TAXON,False,KEEP_TAXONIC_RESPONSE,2026-08-19T17:29:43.533560+00:00,EXACT_CANONICAL_FOUND,Asplenium onopteris,Asplenium onopteris,L.,Accepted,,3145938,3145938,6ff1e084d7e1de5bce526a9952c96fbb0f13b4f2c615b0fc30c055f88bfb5483,,EXACT_CANONICAL_FOUND,Asplenium onopteris,Asplenium onopteris,L.,Accepted,,,wfo-0001107220,ccfc7e3ca85c8b80aa96eb52d4e50e07e1811d28916b544280d8a4f1a043ba72,,EXACT_CANONICAL_FOUND,Asplenium onopteris,Asplenium onopteris L.,L.,,,,FUND. BIODIVERSIDAD:ANTHOS:19486,e6e19630a9415359fba90888864d17313873a984ac79a3677c1d62aac943f991,
251,ASPLENIACEAE,Asplenium seelosii subsp. glabrum,NO_EXACT_MATCH,False,KEEP_TAXONIC_RESPONSE,2026-08-19T17:29:43.533575+00:00,EXACT_CANONICAL_FOUND,Asplenium seelosii subsp. glabrum,Asplenium seelosii subsp. glabrum,(Litard. & Maire) Rothm.,Synonym,,3147770,3145930,6ff1e084d7e1de5bce526a9952c96fbb0f13b4f2c615b0fc30c055f88bfb5483,,EXACT_CANONICAL_FOUND,Asplenium seelosii subsp. glabrum,Asplenium seelosii subsp. glabrum,(Litard. & Maire) Rothm.,Accepted,,,wfo-1200102216,ccfc7e3ca85c8b80aa96eb52d4e50e07e1811d28916b544280d8a4f1a043ba72,,EXACT_CANONICAL_FOUND,Asplenium seelosii subsp. glabrum,Asplenium seelosii subsp. glabrum (Litard. & Maire) Rothm. in Cadevall,(Litard. & Maire) Rothm. in Cadevall,,,,FUND. BIODIVERSIDAD:ANTHOS:19507,e6e19630a9415359fba90888864d17313873a984ac79a3677c1d62aac943f991,
254,ASPLENIACEAE,Asplenium trichomanes subsp. hastatum,NO_EXACT_MATCH,False,KEEP_TAXONIC_RESPONSE,2026-08-19T17:29:43.533591+00:00,EXACT_CANONICAL_FOUND,Asplenium trichomanes subsp. hastatum,Asplenium trichomanes subsp. hastatum,(Christ) S.Jess.,Synonym,,3242893,3147724,6ff1e084d7e1de5bce526a9952c96fbb0f13b4f2c615b0fc30c055f88bfb5483,,EXACT_CANONICAL_FOUND,Asplenium trichomanes subsp. hastatum,Asplenium trichomanes subsp. hastatum,(Christ) S.Jess.,Synonym,,wfo-1000003225,wfo-0001359256,ccfc7e3ca85c8b80aa96eb52d4e50e07e1811d28916b544280d8a4f1a043ba72,,EXACT_CANONICAL_NOT_FOUND,,,,,,,,e6e19630a9415359fba90888864d17313873a984ac79a3677c1d62aac943f991,
255,ASPLENIACEAE,Asplenium trichomanes subsp. quadrivalens,NO_EXACT_MATCH,False,KEEP_TAXONIC_RESPONSE,2026-08-19T17:29:43.533607+00:00,EXACT_CANONICAL_FOUND,Asplenium trichomanes subsp. quadrivalens,Asplenium trichomanes subsp. quadrivalens,D.E.Mey.,Synonym,,3167630,3147736,6ff1e084d7e1de5bce526a9952c96fbb0f13b4f2c615b0fc30c055f88bfb5483,,EXACT_CANONICAL_FOUND,Asplenium trichomanes subsp. quadrivalens,Asplenium trichomanes subsp. quadrivalens,D.E.Mey.,Synonym,,wfo-0000154982,wfo-0001404894,ccfc7e3ca85c8b80aa96eb52d4e50e07e1811d28916b544280d8a4f1a043ba72,,EXACT_CANONICAL_FOUND,Asplenium trichomanes subsp. quadrivalens,Asplenium trichomanes subsp. quadrivalens D.E. Mey.,D.E. Mey.,,,,FUND. BIODIVERSIDAD:ANTHOS:54954,e6e19630a9415359fba90888864d17313873a984ac79a3677c1d62aac943f991,
257,ASPLENIACEAE,Asplenium x alternifolium,UNPARSABLE_NAME,False,NO_RESPONSE_ALL_THREE,2026-08-19T17:29:43.533620+00:00,EXACT_CANONICAL_NOT_FOUND,,,,,,,,6ff1e084d7e1de5bce526a9952c96fbb0f13b4f2c615b0fc30c055f88bfb5483,,EXACT_CANONICAL_NOT_FOUND,,,,,,,,ccfc7e3ca85c8b80aa96eb52d4e50e07e1811d28916b544280d8a4f1a043ba72,,EXACT_CANONICAL_NOT_FOUND,,,,,,,,e6e19630a9415359fba90888864d17313873a984ac79a3677c1d62aac943f991,
258,ASPLENIACEAE,Asplenium x sarniense,UNPARSABLE_NAME,False,NO_RESPONSE_ALL_THREE,2026-08-19T17:29:43.533632+00:00,EXACT_CANONICAL_NOT_FOUND,,,,,,,,6ff1e084d7e1de5bce526a9952c96fbb0f13b4f2c615b0fc30c055f88bfb5483,,EXACT_CANONICAL_NOT_FOUND,,,,,,,,ccfc7e3ca85c8b80aa96eb52d4e50e07e1811d28916b544280d8a4f1a043ba72,,EXACT_CANONICAL_NOT_FOUND,,,,,,,,e6e19630a9415359fba90888864d17313873a984ac79a3677c1d62aac943f991,
259,ASPLENIACEAE,Asplenium x souchei,UNPARSABLE_NAME,False,NO_RESPONSE_ALL_THREE,2026-08-19T17:29:43.533644+00:00,EXACT_CANONICAL_NOT_FOUND,,,,,,,,6ff1e084d7e1de5bce526a9952c96fbb0f13b4f2c615b0fc30c055f88bfb5483,,EXACT_CANONICAL_NOT_FOUND,,,,,,,,ccfc7e3ca85c8b80aa96eb52d4e50e07e1811d28916b544280d8a4f1a043ba72,,EXACT_CANONICAL_NOT_FOUND,,,,,,,,e6e19630a9415359fba90888864d17313873a984ac79a3677c1d62aac943f991,
260,ASPLENIACEAE,Asplenium x staufferi,UNPARSABLE_NAME,False,NO_RESPONSE_ALL_THREE,2026-08-19T17:29:43.533659+00:00,EXACT_CANONICAL_NOT_FOUND,,,,,,,,6ff1e084d7e1de5bce526a9952c96fbb0f13b4f2c615b0fc30c055f88bfb5483,,EXACT_CANONICAL_NOT_FOUND,,,,,,,,ccfc7e3ca85c8b80aa96eb52d4e50e07e1811d28916b544280d8a4f1a043ba72,,EXACT_CANONICAL_NOT_FOUND,,,,,,,,e6e19630a9415359fba90888864d17313873a984ac79a3677c1d62aac943f991,
261,ASPLENIACEAE,Asplenium x ticinense,UNPARSABLE_NAME,False,NO_RESPONSE_ALL_THREE,2026-08-19T17:29:43.533670+00:00,EXACT_CANONICAL_NOT_FOUND,,,,,,,,6ff1e084d7e1de5bce526a9952c96fbb0f13b4f2c615b0fc30c055f88bfb5483,,EXACT_CANONICAL_NOT_FOUND,,,,,,,,ccfc7e3ca85c8b80aa96eb52d4e50e07e1811d28916b544280d8a4f1a043ba72,,EXACT_CANONICAL_NOT_FOUND,,,,,,,,e6e19630a9415359fba90888864d17313873a984ac79a3677c1d62aac943f991,
263,ASTERACEAE,Aster aragonensis,NO_API_TAXON,False,KEEP_TAXONIC_RESPONSE,2026-08-19T17:29:43.533686+00:00,EXACT_CANONICAL_FOUND,Aster aragonensis,Aster aragonensis,Bout. ex Willk. & Lange,Synonym,,3099953,3099950,6ff1e084d7e1de5bce526a9952c96fbb0f13b4f2c615b0fc30c055f88bfb5483,,EXACT_CANONICAL_FOUND,Aster aragonensis,Aster aragonensis,Asso,Synonym,,wfo-0000034606,wfo-0000046527,ccfc7e3ca85c8b80aa96eb52d4e50e07e1811d28916b544280d8a4f1a043ba72,,EXACT_CANONICAL_FOUND,Aster aragonensis,Aster aragonensis Asso,Asso,,,,FUND. BIODIVERSIDAD:ANTHOS:32708,e6e19630a9415359fba90888864d17313873a984ac79a3677c1d62aac943f991,
264,ASTERACEAE,Aster linosyris,NO_API_TAXON,False,KEEP_TAXONIC_RESPONSE,2026-08-19T17:29:43.533700+00:00,EXACT_CANONICAL_FOUND,Aster linosyris,Aster linosyris,(L.) Bernh.,Synonym,,3100186,3100189,6ff1e084d7e1de5bce526a9952c96fbb0f13b4f2c615b0fc30c055f88bfb5483,,EXACT_CANONICAL_FOUND,Aster linosyris,Aster linosyris,(L.) Bernh.,Synonym,,wfo-0000039809,wfo-0000032987,ccfc7e3ca85c8b80aa96eb52d4e50e07e1811d28916b544280d8a4f1a043ba72,,EXACT_CANONICAL_FOUND,Aster linosyris,Aster linosyris (L.) Bernh.,(L.) Bernh.,,,,FUND. BIODIVERSIDAD:ANTHOS:492617,e6e19630a9415359fba90888864d17313873a984ac79a3677c1d62aac943f991,
265,ASTERACEAE,Aster squamatus,NO_API_TAXON,False,KEEP_TAXONIC_RESPONSE,2026-08-19T17:29:43.533714+00:00,EXACT_CANONICAL_FOUND,Aster squamatus,Aster squamatus,(Spreng.) Hieron.,Synonym,,3103888,3103879,6ff1e084d7e1de5bce526a9952c96fbb0f13b4f2c615b0fc30c055f88bfb5483,,EXACT_CANONICAL_FOUND,Aster squamatus,Aster squamatus,(Spreng.) Hieron.,Accepted,,,wfo-0000050191,ccfc7e3ca85c8b80aa96eb52d4e50e07e1811d28916b544280d8a4f1a043ba72,,EXACT_CANONICAL_NOT_FOUND,,,,,,,,e6e19630a9415359fba90888864d17313873a984ac79a3677c1d62aac943f991,
266,ASTERACEAE,Aster willkommii,NO_API_TAXON,False,KEEP_TAXONIC_RESPONSE,2026-08-19T17:29:43.533726+00:00,EXACT_CANONICAL_FOUND,Aster willkommii,Aster willkommii,Sch.Bip.,Accepted,,3099953,3099953,6ff1e084d7e1de5bce526a9952c96fbb0f13b4f2c615b0fc30c055f88bfb5483,,EXACT_CANONICAL_FOUND,Aster willkommii,Aster willkommii,Sch.Bip. ex Willk.,Unchecked,,,wfo-0000059195,ccfc7e3ca85c8b80aa96eb52d4e50e07e1811d28916b544280d8a4f1a043ba72,,EXACT_CANONICAL_FOUND,Aster willkommii,Aster willkommii Sch. Bip.,Sch. Bip.,,,,FUND. BIODIVERSIDAD:ANTHOS:32686,e6e19630a9415359fba90888864d17313873a984ac79a3677c1d62aac943f991,
268,PRIMULACEAE,Asterolinon linum-stellatum,NO_API_TAXON,False,KEEP_TAXONIC_RESPONSE,2026-08-19T17:29:43.533742+00:00,EXACT_CANONICAL_FOUND,Asterolinon linum-stellatum,Asterolinon linum-stellatum,(L.) Duby,Synonym,,2492991,2656690,6ff1e084d7e1de5bce526a9952c96fbb0f13b4f2c615b0fc30c055f88bfb5483,,EXACT_CANONICAL_FOUND,Asterolinon linum-stellatum,Asterolinon linum-stellatum,(L.) Duby,Synonym,,wfo-0000442771,wfo-0000552776,ccfc7e3ca85c8b80aa96eb52d4e50e07e1811d28916b544280d8a4f1a043ba72,,EXACT_CANONICAL_FOUND,Asterolinon linum-stellatum,Asterolinon linum-stellatum (L.) Duby in DC.,(L.) Duby in DC.,,,,FUND. BIODIVERSIDAD:ANTHOS:28897,e6e19630a9415359fba90888864d17313873a984ac79a3677c1d62aac943f991,
269,FABACEAE,Astragalus alopecuroides,NO_API_TAXON,False,KEEP_TAXONIC_RESPONSE,2026-08-19T17:29:43.533756+00:00,EXACT_CANONICAL_FOUND,Astragalus alopecuroides,Astragalus alopecuroides,Ledeb.,Misapplied,,2657351,2657347,6ff1e084d7e1de5bce526a9952c96fbb0f13b4f2c615b0fc30c055f88bfb5483,,EXACT_CANONICAL_FOUND,Astragalus alopecuroides,Astragalus alopecuroides,Pall.,Synonym,,wfo-0000213635,wfo-0000208404,ccfc7e3ca85c8b80aa96eb52d4e50e07e1811d28916b544280d8a4f1a043ba72,,EXACT_CANONICAL_FOUND,Astragalus alopecuroides,Astragalus alopecuroides L.,L.,,,,FUND. BIODIVERSIDAD:ANTHOS:47653,e6e19630a9415359fba90888864d17313873a984ac79a3677c1d62aac943f991,
273,FABACEAE,Astragalus glaux,NO_API_TAXON,False,KEEP_TAXONIC_RESPONSE,2026-08-19T17:29:43.533771+00:00,EXACT_CANONICAL_FOUND,Astragalus glaux,Astragalus glaux,L.,Accepted,,2659582,2659582,6ff1e084d7e1de5bce526a9952c96fbb0f13b4f2c615b0fc30c055f88bfb5483,,EXACT_CANONICAL_FOUND,Astragalus glaux,Astragalus glaux,L.,Accepted,,,wfo-0000212503,ccfc7e3ca85c8b80aa96eb52d4e50e07e1811d28916b544280d8a4f1a043ba72,,EXACT_CANONICAL_FOUND,Astragalus glaux,Astragalus glaux L.,L.,,,,FUND. BIODIVERSIDAD:ANTHOS:47654,e6e19630a9415359fba90888864d17313873a984ac79a3677c1d62aac943f991,
277,FABACEAE,Astragalus incanus,NO_API_TAXON,False,KEEP_TAXONIC_RESPONSE,2026-08-19T17:29:43.533785+00:00,EXACT_CANONICAL_FOUND,Astragalus incanus,Astragalus incanus,L.,Accepted,,2660013,2660013,6ff1e084d7e1de5bce526a9952c96fbb0f13b4f2c615b0fc30c055f88bfb5483,,EXACT_CANONICAL_FOUND,Astragalus incanus,Astragalus incanus,L.,Accepted,,,wfo-0000212518,ccfc7e3ca85c8b80aa96eb52d4e50e07e1811d28916b544280d8a4f1a043ba72,,EXACT_CANONICAL_FOUND,Astragalus incanus,Astragalus incanus L.,L.,,,,FUND. BIODIVERSIDAD:ANTHOS:53510,e6e19630a9415359fba90888864d17313873a984ac79a3677c1d62aac943f991,
278,FABACEAE,Astragalus incanus subsp. nummularioides,NO_API_TAXON,False,KEEP_TAXONIC_RESPONSE,2026-08-19T17:29:43.533802+00:00,EXACT_CANONICAL_FOUND,Astragalus incanus subsp. nummularioides,Astragalus incanus subsp. nummularioides,(Desf. ex DC.) Maire,Accepted,,2660017,2660017,6ff1e084d7e1de5bce526a9952c96fbb0f13b4f2c615b0fc30c055f88bfb5483,,EXACT_CANONICAL_FOUND,Astragalus incanus subsp. nummularioides,Astragalus incanus subsp. nummularioides,(Desf. ex DC.) Maire,Accepted,,,wfo-0000212520,ccfc7e3ca85c8b80aa96eb52d4e50e07e1811d28916b544280d8a4f1a043ba72,,EXACT_CANONICAL_FOUND,Astragalus incanus subsp. nummularioides,Astragalus incanus subsp. nummularioides (Desf.) Maire in Jahand. & Maire,(Desf.) Maire in Jahand. & Maire,,,,FUND. BIODIVERSIDAD:ANTHOS:51398,e6e19630a9415359fba90888864d17313873a984ac79a3677c1d62aac943f991,
280,FABACEAE,Astragalus monspessulanus subsp. gypsophilus,NO_EXACT_MATCH,False,KEEP_TAXONIC_RESPONSE,2026-08-19T17:29:43.533814+00:00,EXACT_CANONICAL_FOUND,Astragalus monspessulanus subsp. gypsophilus,Astragalus monspessulanus subsp. gypsophilus,Rouy,Accepted,,2911328,2911328,6ff1e084d7e1de5bce526a9952c96fbb0f13b4f2c615b0fc30c055f88bfb5483,,EXACT_CANONICAL_FOUND,Astragalus monspessulanus subsp. gypsophilus,Astragalus monspessulanus subsp. gypsophilus,Rouy,Accepted,,,wfo-0001427663,ccfc7e3ca85c8b80aa96eb52d4e50e07e1811d28916b544280d8a4f1a043ba72,,EXACT_CANONICAL_FOUND,Astragalus monspessulanus subsp. gypsophilus,Astragalus monspessulanus subsp. gypsophilus Rouy,Rouy,,,,FUND. BIODIVERSIDAD:ANTHOS:108857,e6e19630a9415359fba90888864d17313873a984ac79a3677c1d62aac943f991,
281,FABACEAE,Astragalus nevadensis subsp. muticus,NO_API_TAXON,False,KEEP_TAXONIC_RESPONSE,2026-08-19T17:29:43.533826+00:00,EXACT_CANONICAL_FOUND,Astragalus nevadensis subsp. muticus,Astragalus nevadensis subsp. muticus,(Pau) Zarre & Podlech,Accepted,,2661404,2661404,6ff1e084d7e1de5bce526a9952c96fbb0f13b4f2c615b0fc30c055f88bfb5483,,EXACT_CANONICAL_FOUND,Astragalus nevadensis subsp. muticus,Astragalus nevadensis subsp. muticus,(Pau) Zarre & Podlech,Accepted,,,wfo-0001034002,ccfc7e3ca85c8b80aa96eb52d4e50e07e1811d28916b544280d8a4f1a043ba72,,EXACT_CANONICAL_FOUND,Astragalus nevadensis subsp. muticus,Astragalus nevadensis subsp. muticus (Pau) Zarre & Podlech in Zarre,(Pau) Zarre & Podlech in Zarre,,,,FUND. BIODIVERSIDAD:ANTHOS:87903,e6e19630a9415359fba90888864d17313873a984ac79a3677c1d62aac943f991,
287,ATHYRIACEAE,Athyrium distentifolium,NO_API_TAXON,False,KEEP_TAXONIC_RESPONSE,2026-08-19T17:29:43.533838+00:00,EXACT_CANONICAL_FOUND,Athyrium distentifolium,Athyrium distentifolium,Tausch ex Opiz,Accepted,,3173148,3173148,6ff1e084d7e1de5bce526a9952c96fbb0f13b4f2c615b0fc30c055f88bfb5483,,EXACT_CANONICAL_FOUND,Athyrium distentifolium,Athyrium distentifolium,Tausch ex Opiz,Synonym,,wfo-1200104404,wfo-0001109489,ccfc7e3ca85c8b80aa96eb52d4e50e07e1811d28916b544280d8a4f1a043ba72,,EXACT_CANONICAL_FOUND,Athyrium distentifolium,Athyrium distentifolium Tausch ex Opiz,Tausch ex Opiz,,,,FUND. BIODIVERSIDAD:ANTHOS:41577,e6e19630a9415359fba90888864d17313873a984ac79a3677c1d62aac943f991,
296,SOLANACEAE,Atropa belladona,NO_API_TAXON,False,NO_RESPONSE_ALL_THREE,2026-08-19T17:29:43.533849+00:00,EXACT_CANONICAL_NOT_FOUND,,,,,,,,6ff1e084d7e1de5bce526a9952c96fbb0f13b4f2c615b0fc30c055f88bfb5483,,EXACT_CANONICAL_NOT_FOUND,,,,,,,,ccfc7e3ca85c8b80aa96eb52d4e50e07e1811d28916b544280d8a4f1a043ba72,,EXACT_CANONICAL_NOT_FOUND,,,,,,,,e6e19630a9415359fba90888864d17313873a984ac79a3677c1d62aac943f991,
299,POACEAE,Avena barbata subsp. barbata,NO_EXACT_MATCH,False,KEEP_TAXONIC_RESPONSE,2026-08-19T17:29:43.533859+00:00,EXACT_CANONICAL_NOT_FOUND,,,,,,,,6ff1e084d7e1de5bce526a9952c96fbb0f13b4f2c615b0fc30c055f88bfb5483,,EXACT_CANONICAL_FOUND,Avena barbata subsp. barbata,Avena barbata subsp. barbata,,Synonym,,wfo-0000851697,wfo-0001098538,ccfc7e3ca85c8b80aa96eb52d4e50e07e1811d28916b544280d8a4f1a043ba72,,EXACT_CANONICAL_FOUND,Avena barbata subsp. barbata,Avena barbata subsp. barbata Pott ex Link,Pott ex Link,,,,FUND. BIODIVERSIDAD:ANTHOS:56050,e6e19630a9415359fba90888864d17313873a984ac79a3677c1d62aac943f991,
302,POACEAE,Avena sativa subsp. byzantina,NO_EXACT_MATCH,False,KEEP_TAXONIC_RESPONSE,2026-08-19T17:29:43.533872+00:00,EXACT_CANONICAL_FOUND,Avena sativa subsp. byzantina,Avena sativa subsp. byzantina,(K.Koch) Romero Zarco,Synonym,,397404,397863,6ff1e084d7e1de5bce526a9952c96fbb0f13b4f2c615b0fc30c055f88bfb5483,,EXACT_CANONICAL_FOUND,Avena sativa subsp. byzantina,Avena sativa subsp. byzantina,(K.Koch) Romero Zarco,Synonym,,wfo-0000851748,wfo-0000852232,ccfc7e3ca85c8b80aa96eb52d4e50e07e1811d28916b544280d8a4f1a043ba72,,EXACT_CANONICAL_NOT_FOUND,,,,,,,,e6e19630a9415359fba90888864d17313873a984ac79a3677c1d62aac943f991,
303,POACEAE,Avena sterilis subsp. ludoviciana,NO_EXACT_MATCH,False,KEEP_TAXONIC_RESPONSE,2026-08-19T17:29:43.533882+00:00,EXACT_CANONICAL_FOUND,Avena sterilis subsp. ludoviciana,Avena sterilis subsp. ludoviciana,(Durieu) Nyman,Accepted,,397967,397967,6ff1e084d7e1de5bce526a9952c96fbb0f13b4f2c615b0fc30c055f88bfb5483,,EXACT_CANONICAL_FOUND,Avena sterilis subsp. ludoviciana,Avena sterilis subsp. ludoviciana,(Durieu) M.Gillet & Magne,Accepted,,,wfo-0000852340,ccfc7e3ca85c8b80aa96eb52d4e50e07e1811d28916b544280d8a4f1a043ba72,,EXACT_CANONICAL_FOUND,Avena sterilis subsp. ludoviciana,Avena sterilis subsp. ludoviciana (Durieu) C.C. Gillet & Magne,(Durieu) C.C. Gillet & Magne,,,,FUND. BIODIVERSIDAD:ANTHOS:52991,e6e19630a9415359fba90888864d17313873a984ac79a3677c1d62aac943f991,
304,POACEAE,Avena sterilis subsp. sterilis,NO_EXACT_MATCH,False,KEEP_TAXONIC_RESPONSE,2026-08-19T17:29:43.533902+00:00,EXACT_CANONICAL_FOUND,Avena sterilis subsp. sterilis,Avena sterilis subsp. sterilis,,Accepted,,476697,476697,6ff1e084d7e1de5bce526a9952c96fbb0f13b4f2c615b0fc30c055f88bfb5483,,EXACT_CANONICAL_FOUND,Avena sterilis subsp. sterilis,Avena sterilis subsp. sterilis,,Accepted,,,wfo-0001096076,ccfc7e3ca85c8b80aa96eb52d4e50e07e1811d28916b544280d8a4f1a043ba72,,EXACT_CANONICAL_FOUND,Avena sterilis subsp. sterilis,Avena sterilis subsp. sterilis L.,L.,,,,FUND. BIODIVERSIDAD:ANTHOS:58096,e6e19630a9415359fba90888864d17313873a984ac79a3677c1d62aac943f991,
306,POACEAE,Avenula pratensis subsp. iberica,NO_API_TAXON,False,KEEP_TAXONIC_RESPONSE,2026-08-19T17:29:43.533913+00:00,EXACT_CANONICAL_FOUND,Avenula pratensis subsp. iberica,Avenula pratensis subsp. iberica,(St.-Yves) O.Bolòs & Vigo,Synonym,,468414,398304,6ff1e084d7e1de5bce526a9952c96fbb0f13b4f2c615b0fc30c055f88bfb5483,,EXACT_CANONICAL_FOUND,Avenula pratensis subsp. iberica,Avenula pratensis subsp. iberica,(St.-Yves) O.Bolòs & Vigo,Synonym,,wfo-0001361981,wfo-0000852695,ccfc7e3ca85c8b80aa96eb52d4e50e07e1811d28916b544280d8a4f1a043ba72,,EXACT_CANONICAL_FOUND,Avenula pratensis subsp. iberica,Avenula pratensis subsp. iberica (St.-Yves) Romero Zarco,(St.-Yves) Romero Zarco,,,,FUND. BIODIVERSIDAD:ANTHOS:36977,e6e19630a9415359fba90888864d17313873a984ac79a3677c1d62aac943f991,
307,POACEAE,Avenula pratensis var. paniculata,NO_API_TAXON,False,KEEP_TAXONIC_RESPONSE,2026-08-19T17:29:43.533924+00:00,EXACT_CANONICAL_FOUND,Avenula pratensis var. paniculata,Avenula pratensis var. paniculata,Romero Zarco,Synonym,,477843,398312,6ff1e084d7e1de5bce526a9952c96fbb0f13b4f2c615b0fc30c055f88bfb5483,,EXACT_CANONICAL_FOUND,Avenula pratensis var. paniculata,Avenula pratensis var. paniculata,Romero Zarco,Synonym,,wfo-0001428048,wfo-0000852703,ccfc7e3ca85c8b80aa96eb52d4e50e07e1811d28916b544280d8a4f1a043ba72,,EXACT_CANONICAL_NOT_FOUND,,,,,,,,e6e19630a9415359fba90888864d17313873a984ac79a3677c1d62aac943f991,
308,POACEAE,Avenula pratensis var. vasconica,NO_API_TAXON,False,KEEP_TAXONIC_RESPONSE,2026-08-19T17:29:43.533934+00:00,EXACT_CANONICAL_FOUND,Avenula pratensis var. vasconica,Avenula pratensis var. vasconica,(Sennen) Romero Zarco,Synonym,,468414,398314,6ff1e084d7e1de5bce526a9952c96fbb0f13b4f2c615b0fc30c055f88bfb5483,,EXACT_CANONICAL_FOUND,Avenula pratensis var. vasconica,Avenula pratensis var. vasconica,(St.-Yves) Romero Zarco,Synonym,,wfo-0001361981,wfo-0000852705,ccfc7e3ca85c8b80aa96eb52d4e50e07e1811d28916b544280d8a4f1a043ba72,,EXACT_CANONICAL_NOT_FOUND,,,,,,,,e6e19630a9415359fba90888864d17313873a984ac79a3677c1d62aac943f991,
309,POACEAE,Avenula sulcata subsp. sulcata,NO_API_TAXON,False,KEEP_TAXONIC_RESPONSE,2026-08-19T17:29:43.533945+00:00,EXACT_CANONICAL_NOT_FOUND,,,,,,,,6ff1e084d7e1de5bce526a9952c96fbb0f13b4f2c615b0fc30c055f88bfb5483,,EXACT_CANONICAL_NOT_FOUND,,,,,,,,ccfc7e3ca85c8b80aa96eb52d4e50e07e1811d28916b544280d8a4f1a043ba72,,EXACT_CANONICAL_FOUND,Avenula sulcata subsp. sulcata,Avenula sulcata subsp. sulcata (Gay ex Boiss.) Dumort,(Gay ex Boiss.) Dumort,,,,FUND. BIODIVERSIDAD:ANTHOS:1124611,e6e19630a9415359fba90888864d17313873a984ac79a3677c1d62aac943f991,
313,LAMIACEAE,Ballota nigra subsp. foetida,NO_EXACT_MATCH,False,KEEP_TAXONIC_RESPONSE,2026-08-19T17:29:43.533956+00:00,EXACT_CANONICAL_FOUND,Ballota nigra subsp. foetida,Ballota nigra subsp. foetida,(Vis.) Hayek,Synonym,,350429,19635,6ff1e084d7e1de5bce526a9952c96fbb0f13b4f2c615b0fc30c055f88bfb5483,,EXACT_CANONICAL_FOUND,Ballota nigra subsp. foetida,Ballota nigra subsp. foetida,(Vis.) Hayek,Accepted,,,wfo-0000315342,ccfc7e3ca85c8b80aa96eb52d4e50e07e1811d28916b544280d8a4f1a043ba72,,EXACT_CANONICAL_NOT_FOUND,,,,,,,,e6e19630a9415359fba90888864d17313873a984ac79a3677c1d62aac943f991,
316,OROBANCHACEAE,Bartsia trixago,NO_API_TAXON,False,KEEP_TAXONIC_RESPONSE,2026-08-19T17:29:43.533967+00:00,EXACT_CANONICAL_FOUND,Bartsia trixago,Bartsia trixago,L.,Synonym,,2672849,2670628,6ff1e084d7e1de5bce526a9952c96fbb0f13b4f2c615b0fc30c055f88bfb5483,,EXACT_CANONICAL_FOUND,Bartsia trixago,Bartsia trixago,L.,Synonym,,wfo-0000562280,wfo-0001138114,ccfc7e3ca85c8b80aa96eb52d4e50e07e1811d28916b544280d8a4f1a043ba72,,EXACT_CANONICAL_FOUND,Bartsia trixago,Bartsia trixago L.,L.,,,,FUND. BIODIVERSIDAD:ANTHOS:31612,e6e19630a9415359fba90888864d17313873a984ac79a3677c1d62aac943f991,
319,AMARANTHACEAE,Bassia scoparia subsp. densiflora,NO_EXACT_MATCH,False,KEEP_TAXONIC_RESPONSE,2026-08-19T17:29:43.533981+00:00,EXACT_CANONICAL_FOUND,Bassia scoparia subsp. densiflora,Bassia scoparia subsp. densiflora,(Regel) Cirujano & Velayos,Synonym,,3331512,2670861,6ff1e084d7e1de5bce526a9952c96fbb0f13b4f2c615b0fc30c055f88bfb5483,,EXACT_CANONICAL_FOUND,Bassia scoparia subsp. densiflora,Bassia scoparia subsp. densiflora,(Turcz. ex Aellen) Cirujano & Velayos,Synonym,,wfo-0000561206,wfo-0000561210,ccfc7e3ca85c8b80aa96eb52d4e50e07e1811d28916b544280d8a4f1a043ba72,,EXACT_CANONICAL_FOUND,Bassia scoparia subsp. densiflora,Bassia scoparia subsp. densiflora (Turcz. ex B.D. Jacks.) Cirujano & Velayos,(Turcz. ex B.D. Jacks.) Cirujano & Velayos,,,,FUND. BIODIVERSIDAD:ANTHOS:1372006,e6e19630a9415359fba90888864d17313873a984ac79a3677c1d62aac943f991,
324,AMARANTHACEAE,Beta vulgaris subsp. vulgaris,NO_EXACT_MATCH,False,KEEP_TAXONIC_RESPONSE,2026-08-19T17:29:43.533992+00:00,EXACT_CANONICAL_FOUND,Beta vulgaris subsp. vulgaris,Beta vulgaris subsp. vulgaris,,Accepted,,3262278,3262278,6ff1e084d7e1de5bce526a9952c96fbb0f13b4f2c615b0fc30c055f88bfb5483,,EXACT_CANONICAL_FOUND,Beta vulgaris subsp. vulgaris,Beta vulgaris subsp. vulgaris,,Synonym,,wfo-0000564998,wfo-0001235049,ccfc7e3ca85c8b80aa96eb52d4e50e07e1811d28916b544280d8a4f1a043ba72,,EXACT_CANONICAL_NOT_FOUND,,,,,,,,e6e19630a9415359fba90888864d17313873a984ac79a3677c1d62aac943f991,
325,BETULACEAE,Betula alba,NO_API_TAXON,False,KEEP_TAXONIC_RESPONSE,2026-08-19T17:29:43.534002+00:00,EXACT_CANONICAL_FOUND,Betula alba,Betula alba,L.,Synonym,,21658,21085,6ff1e084d7e1de5bce526a9952c96fbb0f13b4f2c615b0fc30c055f88bfb5483,,EXACT_CANONICAL_FOUND,Betula alba,Betula alba,L.,Synonym,,wfo-0000336212,wfo-0000330385,ccfc7e3ca85c8b80aa96eb52d4e50e07e1811d28916b544280d8a4f1a043ba72,,EXACT_CANONICAL_NOT_FOUND,,,,,,,,e6e19630a9415359fba90888864d17313873a984ac79a3677c1d62aac943f991,
326,BETULACEAE,Betula alba var. alba,NO_API_TAXON,False,NO_RESPONSE_ALL_THREE,2026-08-19T17:29:43.534011+00:00,EXACT_CANONICAL_NOT_FOUND,,,,,,,,6ff1e084d7e1de5bce526a9952c96fbb0f13b4f2c615b0fc30c055f88bfb5483,,EXACT_CANONICAL_NOT_FOUND,,,,,,,,ccfc7e3ca85c8b80aa96eb52d4e50e07e1811d28916b544280d8a4f1a043ba72,,EXACT_CANONICAL_NOT_FOUND,,,,,,,,e6e19630a9415359fba90888864d17313873a984ac79a3677c1d62aac943f991,
327,BETULACEAE,Betula alba var. glabrata,NO_API_TAXON,False,KEEP_TAXONIC_RESPONSE,2026-08-19T17:29:43.534022+00:00,EXACT_CANONICAL_FOUND,Betula alba var. glabrata,Betula alba var. glabrata,(Wahlenb.) Muñoz Garm. & Pedrol,Synonym,,21658,21097,6ff1e084d7e1de5bce526a9952c96fbb0f13b4f2c615b0fc30c055f88bfb5483,,EXACT_CANONICAL_FOUND,Betula alba var. glabrata,Betula alba var. glabrata,(Wahlenb.) Muñoz Garm. & Pedrol,Synonym,,wfo-0000336212,wfo-0000330508,ccfc7e3ca85c8b80aa96eb52d4e50e07e1811d28916b544280d8a4f1a043ba72,,EXACT_CANONICAL_NOT_FOUND,,,,,,,,e6e19630a9415359fba90888864d17313873a984ac79a3677c1d62aac943f991,
329,BETULACEAE,Betula pendula var. meridionalis,NO_EXACT_MATCH,False,KEEP_TAXONIC_RESPONSE,2026-08-19T17:29:43.534032+00:00,EXACT_CANONICAL_FOUND,Betula pendula var. meridionalis,Betula pendula var. meridionalis,G.Moreno & Peinado,Synonym,,21596,21591,6ff1e084d7e1de5bce526a9952c96fbb0f13b4f2c615b0fc30c055f88bfb5483,,EXACT_CANONICAL_FOUND,Betula pendula var. meridionalis,Betula pendula var. meridionalis,G.Moreno & Peinado,Synonym,,wfo-0001425841,wfo-0000335547,ccfc7e3ca85c8b80aa96eb52d4e50e07e1811d28916b544280d8a4f1a043ba72,,EXACT_CANONICAL_NOT_FOUND,,,,,,,,e6e19630a9415359fba90888864d17313873a984ac79a3677c1d62aac943f991,
332,ASTERACEAE,Bidens aureus,NO_API_TAXON,False,KEEP_TAXONIC_RESPONSE,2026-08-19T17:29:43.534042+00:00,EXACT_CANONICAL_NOT_FOUND,,,,,,,,6ff1e084d7e1de5bce526a9952c96fbb0f13b4f2c615b0fc30c055f88bfb5483,,EXACT_CANONICAL_NOT_FOUND,,,,,,,,ccfc7e3ca85c8b80aa96eb52d4e50e07e1811d28916b544280d8a4f1a043ba72,,EXACT_CANONICAL_FOUND,Bidens aureus,Bidens aureus (Aiton) Sherff,(Aiton) Sherff,,,,FUND. BIODIVERSIDAD:ANTHOS:33083,e6e19630a9415359fba90888864d17313873a984ac79a3677c1d62aac943f991,
333,ASTERACEAE,Bidens cernuus,NO_API_TAXON,False,NO_RESPONSE_ALL_THREE,2026-08-19T17:29:43.534052+00:00,EXACT_CANONICAL_NOT_FOUND,,,,,,,,6ff1e084d7e1de5bce526a9952c96fbb0f13b4f2c615b0fc30c055f88bfb5483,,EXACT_CANONICAL_NOT_FOUND,,,,,,,,ccfc7e3ca85c8b80aa96eb52d4e50e07e1811d28916b544280d8a4f1a043ba72,,EXACT_CANONICAL_NOT_FOUND,,,,,,,,e6e19630a9415359fba90888864d17313873a984ac79a3677c1d62aac943f991,
335,ASTERACEAE,Bidens tripartitus,NO_API_TAXON,False,KEEP_TAXONIC_RESPONSE,2026-08-19T17:29:43.534064+00:00,EXACT_CANONICAL_NOT_FOUND,,,,,,,,6ff1e084d7e1de5bce526a9952c96fbb0f13b4f2c615b0fc30c055f88bfb5483,,EXACT_CANONICAL_NOT_FOUND,,,,,,,,ccfc7e3ca85c8b80aa96eb52d4e50e07e1811d28916b544280d8a4f1a043ba72,,EXACT_CANONICAL_FOUND,Bidens tripartitus,Bidens tripartitus L.,L.,,,,FUND. BIODIVERSIDAD:ANTHOS:33072,e6e19630a9415359fba90888864d17313873a984ac79a3677c1d62aac943f991,
337,BRASSICACEAE,Biscutella intermedia,NO_API_TAXON,False,KEEP_TAXONIC_RESPONSE,2026-08-19T17:29:43.534074+00:00,EXACT_CANONICAL_FOUND,Biscutella intermedia,Biscutella intermedia,Gouan,Accepted,,2676404,2676404,6ff1e084d7e1de5bce526a9952c96fbb0f13b4f2c615b0fc30c055f88bfb5483,,EXACT_CANONICAL_FOUND,Biscutella intermedia,Biscutella intermedia,Gouan,Accepted,,,wfo-0000565748,ccfc7e3ca85c8b80aa96eb52d4e50e07e1811d28916b544280d8a4f1a043ba72,,EXACT_CANONICAL_NOT_FOUND,,,,,,,,e6e19630a9415359fba90888864d17313873a984ac79a3677c1d62aac943f991,
338,BRASSICACEAE,Biscutella valentina,NO_API_TAXON,False,KEEP_TAXONIC_RESPONSE,2026-08-19T17:29:43.534085+00:00,EXACT_CANONICAL_FOUND,Biscutella valentina,Biscutella valentina,(Loefl. ex L.) Heywood,Accepted,,2676653,2676653,6ff1e084d7e1de5bce526a9952c96fbb0f13b4f2c615b0fc30c055f88bfb5483,,EXACT_CANONICAL_FOUND,Biscutella valentina,Biscutella valentina,(L.) Heywood,Accepted,,,wfo-0000566000,ccfc7e3ca85c8b80aa96eb52d4e50e07e1811d28916b544280d8a4f1a043ba72,,EXACT_CANONICAL_FOUND,Biscutella valentina,Biscutella valentina (Loefl. ex L.) Heywood,(Loefl. ex L.) Heywood,,,,FUND. BIODIVERSIDAD:ANTHOS:23139,e6e19630a9415359fba90888864d17313873a984ac79a3677c1d62aac943f991,
339,BRASSICACEAE,Biscutella valentina var. laevigata,NO_API_TAXON,False,KEEP_TAXONIC_RESPONSE,2026-08-19T17:29:43.534095+00:00,EXACT_CANONICAL_FOUND,Biscutella valentina var. laevigata,Biscutella valentina var. laevigata,(L.) J.Grau & Klingenberg,Synonym,,2676416,2676664,6ff1e084d7e1de5bce526a9952c96fbb0f13b4f2c615b0fc30c055f88bfb5483,,EXACT_CANONICAL_FOUND,Biscutella valentina var. laevigata,Biscutella valentina var. laevigata,(L.) Grau & Klingenb.,Synonym,,wfo-0000565759,wfo-0000566012,ccfc7e3ca85c8b80aa96eb52d4e50e07e1811d28916b544280d8a4f1a043ba72,,EXACT_CANONICAL_NOT_FOUND,,,,,,,,e6e19630a9415359fba90888864d17313873a984ac79a3677c1d62aac943f991,
340,BRASSICACEAE,Biscutella valentina var. valentina,NO_API_TAXON,False,KEEP_TAXONIC_RESPONSE,2026-08-19T17:29:43.534109+00:00,EXACT_CANONICAL_NOT_FOUND,,,,,,,,6ff1e084d7e1de5bce526a9952c96fbb0f13b4f2c615b0fc30c055f88bfb5483,,EXACT_CANONICAL_FOUND,Biscutella valentina var. valentina,Biscutella valentina var. valentina,,Synonym,,wfo-0000566000,wfo-0001263204,ccfc7e3ca85c8b80aa96eb52d4e50e07e1811d28916b544280d8a4f1a043ba72,,EXACT_CANONICAL_NOT_FOUND,,,,,,,,e6e19630a9415359fba90888864d17313873a984ac79a3677c1d62aac943f991,
346,BLECHNACEAE,Blechnum spicant var. spicant,NO_EXACT_MATCH,False,KEEP_TAXONIC_RESPONSE,2026-08-19T17:29:43.534119+00:00,EXACT_CANONICAL_FOUND,Blechnum spicant var. spicant,Blechnum spicant var. spicant,,Accepted,,3321232,3321232,6ff1e084d7e1de5bce526a9952c96fbb0f13b4f2c615b0fc30c055f88bfb5483,,EXACT_CANONICAL_NOT_FOUND,,,,,,,,ccfc7e3ca85c8b80aa96eb52d4e50e07e1811d28916b544280d8a4f1a043ba72,,EXACT_CANONICAL_NOT_FOUND,,,,,,,,e6e19630a9415359fba90888864d17313873a984ac79a3677c1d62aac943f991,
353,OROBANCHACEAE,Bouardia latisquama,NO_API_TAXON,False,NO_RESPONSE_ALL_THREE,2026-08-19T17:29:43.534129+00:00,EXACT_CANONICAL_NOT_FOUND,,,,,,,,6ff1e084d7e1de5bce526a9952c96fbb0f13b4f2c615b0fc30c055f88bfb5483,,EXACT_CANONICAL_NOT_FOUND,,,,,,,,ccfc7e3ca85c8b80aa96eb52d4e50e07e1811d28916b544280d8a4f1a043ba72,,EXACT_CANONICAL_NOT_FOUND,,,,,,,,e6e19630a9415359fba90888864d17313873a984ac79a3677c1d62aac943f991,
356,POACEAE,Brachypodium pinnatum subsp. rupestre,NO_EXACT_MATCH,False,KEEP_TAXONIC_RESPONSE,2026-08-19T17:29:43.534141+00:00,EXACT_CANONICAL_FOUND,Brachypodium pinnatum subsp. rupestre,Brachypodium pinnatum subsp. rupestre,(Host) Schübl. & G.Martens,Synonym,,400081,400011,6ff1e084d7e1de5bce526a9952c96fbb0f13b4f2c615b0fc30c055f88bfb5483,,EXACT_CANONICAL_FOUND,Brachypodium pinnatum subsp. rupestre,Brachypodium pinnatum subsp. rupestre,(Host) Schübl. & G.Martens,Synonym,,wfo-0000854513,wfo-0000854524,ccfc7e3ca85c8b80aa96eb52d4e50e07e1811d28916b544280d8a4f1a043ba72,,EXACT_CANONICAL_FOUND,Brachypodium pinnatum subsp. rupestre,Brachypodium pinnatum subsp. rupestre (Host) Schübl. & G. Martens,(Host) Schübl. & G. Martens,,,,FUND. BIODIVERSIDAD:ANTHOS:85851,e6e19630a9415359fba90888864d17313873a984ac79a3677c1d62aac943f991,
360,BRASSICACEAE,Brassica nigra,NO_API_TAXON,False,KEEP_TAXONIC_RESPONSE,2026-08-19T17:29:43.534153+00:00,EXACT_CANONICAL_FOUND,Brassica nigra,Brassica nigra,(L.) W.D.J.Koch,Synonym,,2359243,2682421,6ff1e084d7e1de5bce526a9952c96fbb0f13b4f2c615b0fc30c055f88bfb5483,,EXACT_CANONICAL_FOUND,Brassica nigra,Brassica nigra,(L.) W.D.J.Koch,Synonym,,wfo-0000369052,wfo-0000571314,ccfc7e3ca85c8b80aa96eb52d4e50e07e1811d28916b544280d8a4f1a043ba72,,EXACT_CANONICAL_FOUND,Brassica nigra,Brassica nigra (L.) W.D.J. Koch in Röhl.,(L.) W.D.J. Koch in Röhl.,,,,FUND. BIODIVERSIDAD:ANTHOS:58845,e6e19630a9415359fba90888864d17313873a984ac79a3677c1d62aac943f991,
361,BRASSICACEAE,Brassica repanda subsp. cantabrica,NO_EXACT_MATCH,False,KEEP_TAXONIC_RESPONSE,2026-08-19T17:29:43.534164+00:00,EXACT_CANONICAL_FOUND,Brassica repanda subsp. cantabrica,Brassica repanda subsp. cantabrica,(Font Quer) Heywood,Synonym,,2834779,2682735,6ff1e084d7e1de5bce526a9952c96fbb0f13b4f2c615b0fc30c055f88bfb5483,,EXACT_CANONICAL_FOUND,Brassica repanda subsp. cantabrica,Brassica repanda subsp. cantabrica,(Font Quer) Heywood,Accepted,,,wfo-0000571624,ccfc7e3ca85c8b80aa96eb52d4e50e07e1811d28916b544280d8a4f1a043ba72,,EXACT_CANONICAL_FOUND,Brassica repanda subsp. cantabrica,Brassica repanda subsp. cantabrica (Font Quer) Heywood,(Font Quer) Heywood,,,,FUND. BIODIVERSIDAD:ANTHOS:23258,e6e19630a9415359fba90888864d17313873a984ac79a3677c1d62aac943f991,
362,BRASSICACEAE,Brassica repanda subsp. nudicaulis,NO_EXACT_MATCH,False,KEEP_TAXONIC_RESPONSE,2026-08-19T17:29:43.534175+00:00,EXACT_CANONICAL_FOUND,Brassica repanda subsp. nudicaulis,Brassica repanda subsp. nudicaulis,(Lag.) Heywood,Synonym,,2834775,2682746,6ff1e084d7e1de5bce526a9952c96fbb0f13b4f2c615b0fc30c055f88bfb5483,,EXACT_CANONICAL_FOUND,Brassica repanda subsp. nudicaulis,Brassica repanda subsp. nudicaulis,(Lag.) Heywood,Synonym,,wfo-0000571617,wfo-0000571636,ccfc7e3ca85c8b80aa96eb52d4e50e07e1811d28916b544280d8a4f1a043ba72,,EXACT_CANONICAL_FOUND,Brassica repanda subsp. nudicaulis,Brassica repanda subsp. nudicaulis (Lag.) Heywood,(Lag.) Heywood,,,,FUND. BIODIVERSIDAD:ANTHOS:80436,e6e19630a9415359fba90888864d17313873a984ac79a3677c1d62aac943f991,
372,POACEAE,Bromus erectus subsp. erectus,NO_EXACT_MATCH,False,KEEP_TAXONIC_RESPONSE,2026-08-19T17:29:43.534186+00:00,EXACT_CANONICAL_NOT_FOUND,,,,,,,,6ff1e084d7e1de5bce526a9952c96fbb0f13b4f2c615b0fc30c055f88bfb5483,,EXACT_CANONICAL_FOUND,Bromus erectus subsp. erectus,Bromus erectus subsp. erectus,,Unchecked,,,wfo-0001316345,ccfc7e3ca85c8b80aa96eb52d4e50e07e1811d28916b544280d8a4f1a043ba72,,EXACT_CANONICAL_FOUND,Bromus erectus subsp. erectus,Bromus erectus subsp. erectus Huds.,Huds.,,,,FUND. BIODIVERSIDAD:ANTHOS:36685,e6e19630a9415359fba90888864d17313873a984ac79a3677c1d62aac943f991,
376,POACEAE,Bromus racemosus,NO_API_TAXON,False,KEEP_TAXONIC_RESPONSE,2026-08-19T17:29:43.534199+00:00,EXACT_CANONICAL_FOUND,Bromus racemosus,Bromus racemosus,L.,Accepted,,401730,401730,6ff1e084d7e1de5bce526a9952c96fbb0f13b4f2c615b0fc30c055f88bfb5483,,EXACT_CANONICAL_FOUND,Bromus racemosus,Bromus racemosus,L.,Accepted,,,wfo-0000856306,ccfc7e3ca85c8b80aa96eb52d4e50e07e1811d28916b544280d8a4f1a043ba72,,EXACT_CANONICAL_FOUND,Bromus racemosus,Bromus racemosus L.,L.,,,,FUND. BIODIVERSIDAD:ANTHOS:1124812,e6e19630a9415359fba90888864d17313873a984ac79a3677c1d62aac943f991,
377,POACEAE,Bromus ramosus,NO_API_TAXON,False,KEEP_TAXONIC_RESPONSE,2026-08-19T17:29:43.534208+00:00,EXACT_CANONICAL_FOUND,Bromus ramosus,Bromus ramosus,L.,Illegitimate,,400076,476774,6ff1e084d7e1de5bce526a9952c96fbb0f13b4f2c615b0fc30c055f88bfb5483,,EXACT_CANONICAL_FOUND,Bromus ramosus,Bromus ramosus,Huds.,Accepted,,,wfo-0000856327,ccfc7e3ca85c8b80aa96eb52d4e50e07e1811d28916b544280d8a4f1a043ba72,,EXACT_CANONICAL_FOUND,Bromus ramosus,Bromus ramosus Huds.,Huds.,,,,FUND. BIODIVERSIDAD:ANTHOS:36664,e6e19630a9415359fba90888864d17313873a984ac79a3677c1d62aac943f991,
384,CARYOPHYLLACEAE,Bufonia tenuifolia,NO_API_TAXON,False,KEEP_TAXONIC_RESPONSE,2026-08-19T17:29:43.534217+00:00,EXACT_CANONICAL_FOUND,Bufonia tenuifolia,Bufonia tenuifolia,Moc. & Sessé ex Ser.,Invalid,,2446180,2685763,6ff1e084d7e1de5bce526a9952c96fbb0f13b4f2c615b0fc30c055f88bfb5483,,EXACT_CANONICAL_FOUND,Bufonia tenuifolia,Bufonia tenuifolia,L.,Accepted,,,wfo-0000574401,ccfc7e3ca85c8b80aa96eb52d4e50e07e1811d28916b544280d8a4f1a043ba72,,EXACT_CANONICAL_FOUND,Bufonia tenuifolia,Bufonia tenuifolia L.,L.,,,,FUND. BIODIVERSIDAD:ANTHOS:21150,e6e19630a9415359fba90888864d17313873a984ac79a3677c1d62aac943f991,
386,BORAGINACEAE,Buglossoides arvensis subsp. permixta,NO_EXACT_MATCH,False,KEEP_TAXONIC_RESPONSE,2026-08-19T17:29:43.534230+00:00,EXACT_CANONICAL_FOUND,Buglossoides arvensis subsp. permixta,Buglossoides arvensis subsp. permixta,(Jord.) R.Fern.,Synonym,,2994732,2685790,6ff1e084d7e1de5bce526a9952c96fbb0f13b4f2c615b0fc30c055f88bfb5483,,EXACT_CANONICAL_FOUND,Buglossoides arvensis subsp. permixta,Buglossoides arvensis subsp. permixta,(Jord.) R.Fernandes,Synonym,,wfo-0001363030,wfo-0000574427,ccfc7e3ca85c8b80aa96eb52d4e50e07e1811d28916b544280d8a4f1a043ba72,,EXACT_CANONICAL_FOUND,Buglossoides arvensis subsp. permixta,Buglossoides arvensis subsp. permixta (Jord. ex F.W. Schultz) R. Fern.,(Jord. ex F.W. Schultz) R. Fern.,,,,FUND. BIODIVERSIDAD:ANTHOS:1743087,e6e19630a9415359fba90888864d17313873a984ac79a3677c1d62aac943f991,
388,APIACEAE,Bupleurum baldense,NO_API_TAXON,False,KEEP_TAXONIC_RESPONSE,2026-08-19T17:29:43.534240+00:00,EXACT_CANONICAL_FOUND,Bupleurum baldense,Bupleurum baldense,Host,Synonym,,3262421,2686434,6ff1e084d7e1de5bce526a9952c96fbb0f13b4f2c615b0fc30c055f88bfb5483,,EXACT_CANONICAL_FOUND,Bupleurum baldense,Bupleurum baldense,Turra,Accepted,,,wfo-0000575096,ccfc7e3ca85c8b80aa96eb52d4e50e07e1811d28916b544280d8a4f1a043ba72,,EXACT_CANONICAL_FOUND,Bupleurum baldense,Bupleurum baldense Turra,Turra,,,,FUND. BIODIVERSIDAD:ANTHOS:28139,e6e19630a9415359fba90888864d17313873a984ac79a3677c1d62aac943f991,
390,APIACEAE,Bupleurum fruticescens,NO_API_TAXON,False,KEEP_TAXONIC_RESPONSE,2026-08-19T17:29:43.534251+00:00,EXACT_CANONICAL_FOUND,Bupleurum fruticescens,Bupleurum fruticescens,L.,Accepted,,2686678,2686678,6ff1e084d7e1de5bce526a9952c96fbb0f13b4f2c615b0fc30c055f88bfb5483,,EXACT_CANONICAL_FOUND,Bupleurum fruticescens,Bupleurum fruticescens,L.,Accepted,,,wfo-0000575340,ccfc7e3ca85c8b80aa96eb52d4e50e07e1811d28916b544280d8a4f1a043ba72,,EXACT_CANONICAL_FOUND,Bupleurum fruticescens,Bupleurum fruticescens Loefl. ex L.,Loefl. ex L.,,,,FUND. BIODIVERSIDAD:ANTHOS:28188,e6e19630a9415359fba90888864d17313873a984ac79a3677c1d62aac943f991,
393,APIACEAE,Bupleurum praealtum,NO_API_TAXON,False,KEEP_TAXONIC_RESPONSE,2026-08-19T17:29:43.534261+00:00,EXACT_CANONICAL_FOUND,Bupleurum praealtum,Bupleurum praealtum,L.,Accepted,,2687012,2687012,6ff1e084d7e1de5bce526a9952c96fbb0f13b4f2c615b0fc30c055f88bfb5483,,EXACT_CANONICAL_FOUND,Bupleurum praealtum,Bupleurum praealtum,L.,Accepted,,,wfo-0000575676,ccfc7e3ca85c8b80aa96eb52d4e50e07e1811d28916b544280d8a4f1a043ba72,,EXACT_CANONICAL_FOUND,Bupleurum praealtum,Bupleurum praealtum L.,L.,,,,FUND. BIODIVERSIDAD:ANTHOS:28152,e6e19630a9415359fba90888864d17313873a984ac79a3677c1d62aac943f991,
394,APIACEAE,Bupleurum ranunculoides,NO_API_TAXON,False,KEEP_TAXONIC_RESPONSE,2026-08-19T17:29:43.534271+00:00,EXACT_CANONICAL_FOUND,Bupleurum ranunculoides,Bupleurum ranunculoides,L.,Accepted,,2687045,2687045,6ff1e084d7e1de5bce526a9952c96fbb0f13b4f2c615b0fc30c055f88bfb5483,,EXACT_CANONICAL_FOUND,Bupleurum ranunculoides,Bupleurum ranunculoides,L.,Accepted,,,wfo-0000575711,ccfc7e3ca85c8b80aa96eb52d4e50e07e1811d28916b544280d8a4f1a043ba72,,EXACT_CANONICAL_FOUND,Bupleurum ranunculoides,Bupleurum ranunculoides L.,L.,,,,FUND. BIODIVERSIDAD:ANTHOS:28159,e6e19630a9415359fba90888864d17313873a984ac79a3677c1d62aac943f991,
395,APIACEAE,Bupleurum rigidum,NO_API_TAXON,False,KEEP_TAXONIC_RESPONSE,2026-08-19T17:29:43.534281+00:00,EXACT_CANONICAL_FOUND,Bupleurum rigidum,Bupleurum rigidum,L.,Accepted,,2687096,2687096,6ff1e084d7e1de5bce526a9952c96fbb0f13b4f2c615b0fc30c055f88bfb5483,,EXACT_CANONICAL_FOUND,Bupleurum rigidum,Bupleurum rigidum,L.,Accepted,,,wfo-0000575755,ccfc7e3ca85c8b80aa96eb52d4e50e07e1811d28916b544280d8a4f1a043ba72,,EXACT_CANONICAL_FOUND,Bupleurum rigidum,Bupleurum rigidum L.,L.,,,,FUND. BIODIVERSIDAD:ANTHOS:62400,e6e19630a9415359fba90888864d17313873a984ac79a3677c1d62aac943f991,
398,APIACEAE,Bupleurum tenuissimum,NO_API_TAXON,False,KEEP_TAXONIC_RESPONSE,2026-08-19T17:29:43.534292+00:00,EXACT_CANONICAL_FOUND,Bupleurum tenuissimum,Bupleurum tenuissimum,L.,Accepted,,2687223,2687223,6ff1e084d7e1de5bce526a9952c96fbb0f13b4f2c615b0fc30c055f88bfb5483,,EXACT_CANONICAL_FOUND,Bupleurum tenuissimum,Bupleurum tenuissimum,L.,Accepted,,,wfo-0000575882,ccfc7e3ca85c8b80aa96eb52d4e50e07e1811d28916b544280d8a4f1a043ba72,,EXACT_CANONICAL_FOUND,Bupleurum tenuissimum,Bupleurum tenuissimum L.,L.,,,,FUND. BIODIVERSIDAD:ANTHOS:1125110,e6e19630a9415359fba90888864d17313873a984ac79a3677c1d62aac943f991,
401,POACEAE,Calamagrostis epigeros,NO_API_TAXON,False,NO_RESPONSE_ALL_THREE,2026-08-19T17:29:43.534303+00:00,EXACT_CANONICAL_NOT_FOUND,,,,,,,,6ff1e084d7e1de5bce526a9952c96fbb0f13b4f2c615b0fc30c055f88bfb5483,,EXACT_CANONICAL_NOT_FOUND,,,,,,,,ccfc7e3ca85c8b80aa96eb52d4e50e07e1811d28916b544280d8a4f1a043ba72,,EXACT_CANONICAL_NOT_FOUND,,,,,,,,e6e19630a9415359fba90888864d17313873a984ac79a3677c1d62aac943f991,
403,LAMIACEAE,Calamintha nepeta,NO_API_TAXON,False,KEEP_TAXONIC_RESPONSE,2026-08-19T17:29:43.534314+00:00,EXACT_CANONICAL_FOUND,Calamintha nepeta,Calamintha nepeta,Willk.,Illegitimate,,466716,29216,6ff1e084d7e1de5bce526a9952c96fbb0f13b4f2c615b0fc30c055f88bfb5483,,EXACT_CANONICAL_FOUND,Calamintha nepeta,Calamintha nepeta,Willk.,Synonym,,wfo-0000921121,wfo-0000752672,ccfc7e3ca85c8b80aa96eb52d4e50e07e1811d28916b544280d8a4f1a043ba72,,EXACT_CANONICAL_FOUND,Calamintha nepeta,Calamintha nepeta (L.) Savi,(L.) Savi,,,,FUND. BIODIVERSIDAD:ANTHOS:40879,e6e19630a9415359fba90888864d17313873a984ac79a3677c1d62aac943f991,
404,LAMIACEAE,Calamintha nepeta subsp. sylvatica,NO_API_TAXON,False,KEEP_TAXONIC_RESPONSE,2026-08-19T17:29:43.534326+00:00,EXACT_CANONICAL_FOUND,Calamintha nepeta subsp. sylvatica,Calamintha nepeta subsp. sylvatica,(Bromf.) R.Morales,Synonym,,43600,330543,6ff1e084d7e1de5bce526a9952c96fbb0f13b4f2c615b0fc30c055f88bfb5483,,EXACT_CANONICAL_FOUND,Calamintha nepeta subsp. sylvatica,Calamintha nepeta subsp. sylvatica,(Bromf.) R.Morales,Synonym,,wfo-0000892413,wfo-0000791972,ccfc7e3ca85c8b80aa96eb52d4e50e07e1811d28916b544280d8a4f1a043ba72,,EXACT_CANONICAL_FOUND,Calamintha nepeta subsp. sylvatica,Calamintha nepeta subsp. sylvatica (Bromf.) R. Morales,(Bromf.) R. Morales,,,,FUND. BIODIVERSIDAD:ANTHOS:858549,e6e19630a9415359fba90888864d17313873a984ac79a3677c1d62aac943f991,
413,CONVOLVULACEAE,Calystegia sepium subsp. sepium,NO_EXACT_MATCH,False,KEEP_TAXONIC_RESPONSE,2026-08-19T17:29:43.534336+00:00,EXACT_CANONICAL_NOT_FOUND,,,,,,,,6ff1e084d7e1de5bce526a9952c96fbb0f13b4f2c615b0fc30c055f88bfb5483,,EXACT_CANONICAL_FOUND,Calystegia sepium subsp. sepium,Calystegia sepium subsp. sepium,,Accepted,,,wfo-0001297917,ccfc7e3ca85c8b80aa96eb52d4e50e07e1811d28916b544280d8a4f1a043ba72,,EXACT_CANONICAL_NOT_FOUND,,,,,,,,e6e19630a9415359fba90888864d17313873a984ac79a3677c1d62aac943f991,
415,CAMPANULACEAE,Campanula dieckii,NO_API_TAXON,False,KEEP_TAXONIC_RESPONSE,2026-08-19T17:29:43.534346+00:00,EXACT_CANONICAL_FOUND,Campanula dieckii,Campanula dieckii,Lange,Accepted,,364496,364496,6ff1e084d7e1de5bce526a9952c96fbb0f13b4f2c615b0fc30c055f88bfb5483,,EXACT_CANONICAL_FOUND,Campanula dieckii,Campanula dieckii,Lange.,Accepted,,,wfo-0000827054,ccfc7e3ca85c8b80aa96eb52d4e50e07e1811d28916b544280d8a4f1a043ba72,,EXACT_CANONICAL_FOUND,Campanula dieckii,Campanula dieckii Lange,Lange,,,,FUND. BIODIVERSIDAD:ANTHOS:992619,e6e19630a9415359fba90888864d17313873a984ac79a3677c1d62aac943f991,
417,CAMPANULACEAE,Campanula fastigiata,NO_API_TAXON,False,KEEP_TAXONIC_RESPONSE,2026-08-19T17:29:43.534357+00:00,EXACT_CANONICAL_FOUND,Campanula fastigiata,Campanula fastigiata,S.G.Gmel.,Invalid,,376001,364597,6ff1e084d7e1de5bce526a9952c96fbb0f13b4f2c615b0fc30c055f88bfb5483,,EXACT_CANONICAL_FOUND,Campanula fastigiata,Campanula fastigiata,S.G.Gmel.,Synonym,,wfo-0000828443,wfo-0000827160,ccfc7e3ca85c8b80aa96eb52d4e50e07e1811d28916b544280d8a4f1a043ba72,,EXACT_CANONICAL_FOUND,Campanula fastigiata,Campanula fastigiata Dufour ex A. DC.,Dufour ex A. DC.,,,,FUND. BIODIVERSIDAD:ANTHOS:190100,e6e19630a9415359fba90888864d17313873a984ac79a3677c1d62aac943f991,
419,CAMPANULACEAE,Campanula hispanica,NO_API_TAXON,False,KEEP_TAXONIC_RESPONSE,2026-08-19T17:29:43.534367+00:00,EXACT_CANONICAL_FOUND,Campanula hispanica,Campanula hispanica,Willk.,Accepted,,364849,364849,6ff1e084d7e1de5bce526a9952c96fbb0f13b4f2c615b0fc30c055f88bfb5483,,EXACT_CANONICAL_FOUND,Campanula hispanica,Campanula hispanica,Willk.,Accepted,,,wfo-0000827426,ccfc7e3ca85c8b80aa96eb52d4e50e07e1811d28916b544280d8a4f1a043ba72,,EXACT_CANONICAL_NOT_FOUND,,,,,,,,e6e19630a9415359fba90888864d17313873a984ac79a3677c1d62aac943f991,
420,CAMPANULACEAE,Campanula matritensis,NO_API_TAXON,False,KEEP_TAXONIC_RESPONSE,2026-08-19T17:29:43.534380+00:00,EXACT_CANONICAL_FOUND,Campanula matritensis,Campanula matritensis,A.DC.,Accepted,,365238,365238,6ff1e084d7e1de5bce526a9952c96fbb0f13b4f2c615b0fc30c055f88bfb5483,,EXACT_CANONICAL_FOUND,Campanula matritensis,Campanula matritensis,A.DC.,Accepted,,,wfo-0000827840,ccfc7e3ca85c8b80aa96eb52d4e50e07e1811d28916b544280d8a4f1a043ba72,,EXACT_CANONICAL_FOUND,Campanula matritensis,Campanula matritensis A. DC.,A. DC.,,,,FUND. BIODIVERSIDAD:ANTHOS:47681,e6e19630a9415359fba90888864d17313873a984ac79a3677c1d62aac943f991,
422,CAMPANULACEAE,Campanula paui,NO_API_TAXON,False,KEEP_TAXONIC_RESPONSE,2026-08-19T17:29:43.534389+00:00,EXACT_CANONICAL_FOUND,Campanula paui,Campanula paui,Font Quer,Synonym,,364849,365485,6ff1e084d7e1de5bce526a9952c96fbb0f13b4f2c615b0fc30c055f88bfb5483,,EXACT_CANONICAL_FOUND,Campanula paui,Campanula paui,Font Quer,Synonym,,wfo-0000827426,wfo-0000828102,ccfc7e3ca85c8b80aa96eb52d4e50e07e1811d28916b544280d8a4f1a043ba72,,EXACT_CANONICAL_NOT_FOUND,,,,,,,,e6e19630a9415359fba90888864d17313873a984ac79a3677c1d62aac943f991,
426,CAMPANULACEAE,Campanula rotundifolia subsp. hispanica,NO_EXACT_MATCH,False,KEEP_TAXONIC_RESPONSE,2026-08-19T17:29:43.534402+00:00,EXACT_CANONICAL_FOUND,Campanula rotundifolia subsp. hispanica,Campanula rotundifolia subsp. hispanica,(Willk.) Rivas Goday & Borja ex O.Bolòs & Vigo,Synonym,,364849,366005,6ff1e084d7e1de5bce526a9952c96fbb0f13b4f2c615b0fc30c055f88bfb5483,,EXACT_CANONICAL_FOUND,Campanula rotundifolia subsp. hispanica,Campanula rotundifolia subsp. hispanica,(Willk.) Rivas Goday & Borja ex O.Bolòs & Vigo,Synonym,,wfo-0000827426,wfo-0000828629,ccfc7e3ca85c8b80aa96eb52d4e50e07e1811d28916b544280d8a4f1a043ba72,,EXACT_CANONICAL_FOUND,Campanula rotundifolia subsp. hispanica,Campanula rotundifolia subsp. hispanica (Willk.) O. Bolòs & Vigo,(Willk.) O. Bolòs & Vigo,,,,FUND. BIODIVERSIDAD:ANTHOS:32438,e6e19630a9415359fba90888864d17313873a984ac79a3677c1d62aac943f991,
427,CAMPANULACEAE,Campanula scheuchzeri,NO_API_TAXON,False,KEEP_TAXONIC_RESPONSE,2026-08-19T17:29:43.534412+00:00,EXACT_CANONICAL_FOUND,Campanula scheuchzeri,Campanula scheuchzeri,Marches.,Illegitimate,,365224,366204,6ff1e084d7e1de5bce526a9952c96fbb0f13b4f2c615b0fc30c055f88bfb5483,,EXACT_CANONICAL_FOUND,Campanula scheuchzeri,Campanula scheuchzeri,Vill.,Accepted,,,wfo-0000828819,ccfc7e3ca85c8b80aa96eb52d4e50e07e1811d28916b544280d8a4f1a043ba72,,EXACT_CANONICAL_FOUND,Campanula scheuchzeri,Campanula scheuchzeri Vill.,Vill.,,,,FUND. BIODIVERSIDAD:ANTHOS:32471,e6e19630a9415359fba90888864d17313873a984ac79a3677c1d62aac943f991,
429,CAMPANULACEAE,Campanula urbionensis,NO_API_TAXON,False,KEEP_TAXONIC_RESPONSE,2026-08-19T17:29:43.534423+00:00,EXACT_CANONICAL_FOUND,Campanula urbionensis,Campanula urbionensis,Rivas Mart. & G.Navarro,Synonym,,365918,366633,6ff1e084d7e1de5bce526a9952c96fbb0f13b4f2c615b0fc30c055f88bfb5483,,EXACT_CANONICAL_FOUND,Campanula urbionensis,Campanula urbionensis,Rivas Mart. & G.Navarro,Synonym,,wfo-0000828550,wfo-0000829270,ccfc7e3ca85c8b80aa96eb52d4e50e07e1811d28916b544280d8a4f1a043ba72,,EXACT_CANONICAL_NOT_FOUND,,,,,,,,e6e19630a9415359fba90888864d17313873a984ac79a3677c1d62aac943f991,
430,AMARANTHACEAE,Camphorosma monspeliaca,NO_API_TAXON,False,KEEP_TAXONIC_RESPONSE,2026-08-19T17:29:43.534434+00:00,EXACT_CANONICAL_FOUND,Camphorosma monspeliaca,Camphorosma monspeliaca,L.,Accepted,,2695234,2695234,6ff1e084d7e1de5bce526a9952c96fbb0f13b4f2c615b0fc30c055f88bfb5483,,EXACT_CANONICAL_FOUND,Camphorosma monspeliaca,Camphorosma monspeliaca,L.,Accepted,,,wfo-0000583032,ccfc7e3ca85c8b80aa96eb52d4e50e07e1811d28916b544280d8a4f1a043ba72,,EXACT_CANONICAL_FOUND,Camphorosma monspeliaca,Camphorosma monspeliaca L.,L.,,,,FUND. BIODIVERSIDAD:ANTHOS:20868,e6e19630a9415359fba90888864d17313873a984ac79a3677c1d62aac943f991,
436,ASTERACEAE,Carduncellus mitissimus,NO_API_TAXON,False,KEEP_TAXONIC_RESPONSE,2026-08-19T17:29:43.534446+00:00,EXACT_CANONICAL_FOUND,Carduncellus mitissimus,Carduncellus mitissimus,(L.) DC.,Accepted,,3047610,3047610,6ff1e084d7e1de5bce526a9952c96fbb0f13b4f2c615b0fc30c055f88bfb5483,,EXACT_CANONICAL_FOUND,Carduncellus mitissimus,Carduncellus mitissimus,(L.) DC.,Accepted,,,wfo-0000117342,ccfc7e3ca85c8b80aa96eb52d4e50e07e1811d28916b544280d8a4f1a043ba72,,EXACT_CANONICAL_FOUND,Carduncellus mitissimus,Carduncellus mitissimus (L.) DC. in Lam. & DC.,(L.) DC. in Lam. & DC.,,,,FUND. BIODIVERSIDAD:ANTHOS:34102,e6e19630a9415359fba90888864d17313873a984ac79a3677c1d62aac943f991,
437,ASTERACEAE,Carduncellus monspelliensium,NO_API_TAXON,False,KEEP_TAXONIC_RESPONSE,2026-08-19T17:29:43.534455+00:00,EXACT_CANONICAL_FOUND,Carduncellus monspelliensium,Carduncellus monspelliensium,All.,Accepted,,3047432,3047432,6ff1e084d7e1de5bce526a9952c96fbb0f13b4f2c615b0fc30c055f88bfb5483,,EXACT_CANONICAL_NOT_FOUND,,,,,,,,ccfc7e3ca85c8b80aa96eb52d4e50e07e1811d28916b544280d8a4f1a043ba72,,EXACT_CANONICAL_FOUND,Carduncellus monspelliensium,Carduncellus monspelliensium All.,All.,,,,FUND. BIODIVERSIDAD:ANTHOS:34098,e6e19630a9415359fba90888864d17313873a984ac79a3677c1d62aac943f991,
438,ASTERACEAE,Carduus assoi,NO_API_TAXON,False,KEEP_TAXONIC_RESPONSE,2026-08-19T17:29:43.534464+00:00,EXACT_CANONICAL_FOUND,Carduus assoi,Carduus assoi,(Willk.) Devesa & Talavera,Synonym,,3041041,3041040,6ff1e084d7e1de5bce526a9952c96fbb0f13b4f2c615b0fc30c055f88bfb5483,,EXACT_CANONICAL_FOUND,Carduus assoi,Carduus assoi,Willk.,Synonym,,wfo-0000079529,wfo-0000036798,ccfc7e3ca85c8b80aa96eb52d4e50e07e1811d28916b544280d8a4f1a043ba72,,EXACT_CANONICAL_NOT_FOUND,,,,,,,,e6e19630a9415359fba90888864d17313873a984ac79a3677c1d62aac943f991,
439,ASTERACEAE,Carduus bourgeanus,NO_API_TAXON,False,KEEP_TAXONIC_RESPONSE,2026-08-19T17:29:43.534475+00:00,EXACT_CANONICAL_FOUND,Carduus bourgeanus,Carduus bourgeanus,Sch.Bip. ex Boiss.,Invalid,,3040843,3040842,6ff1e084d7e1de5bce526a9952c96fbb0f13b4f2c615b0fc30c055f88bfb5483,,EXACT_CANONICAL_NOT_FOUND,,,,,,,,ccfc7e3ca85c8b80aa96eb52d4e50e07e1811d28916b544280d8a4f1a043ba72,,EXACT_CANONICAL_FOUND,Carduus bourgeanus,Carduus bourgeanus Boiss. & Reut.,Boiss. & Reut.,,,,FUND. BIODIVERSIDAD:ANTHOS:33697,e6e19630a9415359fba90888864d17313873a984ac79a3677c1d62aac943f991,
440,ASTERACEAE,Carduus carlinoides,NO_API_TAXON,False,KEEP_TAXONIC_RESPONSE,2026-08-19T17:29:43.534487+00:00,EXACT_CANONICAL_FOUND,Carduus carlinoides,Carduus carlinoides,Gouan,Accepted,,3040858,3040858,6ff1e084d7e1de5bce526a9952c96fbb0f13b4f2c615b0fc30c055f88bfb5483,,EXACT_CANONICAL_FOUND,Carduus carlinoides,Carduus carlinoides,Ten.,Synonym,,wfo-0000017244,wfo-0000025694,ccfc7e3ca85c8b80aa96eb52d4e50e07e1811d28916b544280d8a4f1a043ba72,,EXACT_CANONICAL_FOUND,Carduus carlinoides,Carduus carlinoides Gouan,Gouan,,,,FUND. BIODIVERSIDAD:ANTHOS:40353,e6e19630a9415359fba90888864d17313873a984ac79a3677c1d62aac943f991,
441,ASTERACEAE,Carduus carpetanus,NO_API_TAXON,False,KEEP_TAXONIC_RESPONSE,2026-08-19T17:29:43.534498+00:00,EXACT_CANONICAL_FOUND,Carduus carpetanus,Carduus carpetanus,Boiss. & Reut.,Accepted,,3040866,3040866,6ff1e084d7e1de5bce526a9952c96fbb0f13b4f2c615b0fc30c055f88bfb5483,,EXACT_CANONICAL_FOUND,Carduus carpetanus,Carduus carpetanus,Boiss. & Reut.,Accepted,,,wfo-0000082970,ccfc7e3ca85c8b80aa96eb52d4e50e07e1811d28916b544280d8a4f1a043ba72,,EXACT_CANONICAL_FOUND,Carduus carpetanus,Carduus carpetanus Boiss. & Reut.,Boiss. & Reut.,,,,FUND. BIODIVERSIDAD:ANTHOS:1124901,e6e19630a9415359fba90888864d17313873a984ac79a3677c1d62aac943f991,
442,ASTERACEAE,Carduus defloratus subsp. medius,NO_API_TAXON,False,KEEP_TAXONIC_RESPONSE,2026-08-19T17:29:43.534508+00:00,EXACT_CANONICAL_FOUND,Carduus defloratus subsp. medius,Carduus defloratus subsp. medius,(Gouan) Bonnier,Accepted,,3240366,3240366,6ff1e084d7e1de5bce526a9952c96fbb0f13b4f2c615b0fc30c055f88bfb5483,,EXACT_CANONICAL_FOUND,Carduus defloratus subsp. medius,Carduus defloratus subsp. medius,(Gouan) Bonnier,Accepted,,,wfo-0000076637,ccfc7e3ca85c8b80aa96eb52d4e50e07e1811d28916b544280d8a4f1a043ba72,,EXACT_CANONICAL_FOUND,Carduus defloratus subsp. medius,Carduus defloratus subsp. medius (Gouan) Bonnier,(Gouan) Bonnier,,,,FUND. BIODIVERSIDAD:ANTHOS:33710,e6e19630a9415359fba90888864d17313873a984ac79a3677c1d62aac943f991,
445,ASTERACEAE,Carduus nutans subsp. nutans,NO_EXACT_MATCH,False,KEEP_TAXONIC_RESPONSE,2026-08-19T17:29:43.534519+00:00,EXACT_CANONICAL_FOUND,Carduus nutans subsp. nutans,Carduus nutans subsp. nutans,,Accepted,,3041072,3041072,6ff1e084d7e1de5bce526a9952c96fbb0f13b4f2c615b0fc30c055f88bfb5483,,EXACT_CANONICAL_FOUND,Carduus nutans subsp. nutans,Carduus nutans subsp. nutans,,Accepted,,,wfo-0000107225,ccfc7e3ca85c8b80aa96eb52d4e50e07e1811d28916b544280d8a4f1a043ba72,,EXACT_CANONICAL_NOT_FOUND,,,,,,,,e6e19630a9415359fba90888864d17313873a984ac79a3677c1d62aac943f991,
447,ASTERACEAE,Carduus tenuiflorus,NO_API_TAXON,False,KEEP_TAXONIC_RESPONSE,2026-08-19T17:29:43.534529+00:00,EXACT_CANONICAL_FOUND,Carduus tenuiflorus,Carduus tenuiflorus,Curtis,Accepted,,3041180,3041180,6ff1e084d7e1de5bce526a9952c96fbb0f13b4f2c615b0fc30c055f88bfb5483,,EXACT_CANONICAL_FOUND,Carduus tenuiflorus,Carduus tenuiflorus,Curtis,Accepted,,,wfo-0000003240,ccfc7e3ca85c8b80aa96eb52d4e50e07e1811d28916b544280d8a4f1a043ba72,,EXACT_CANONICAL_FOUND,Carduus tenuiflorus,Carduus tenuiflorus Curtis,Curtis,,,,FUND. BIODIVERSIDAD:ANTHOS:1124814,e6e19630a9415359fba90888864d17313873a984ac79a3677c1d62aac943f991,
450,CYPERACEAE,Carex asturica,NO_API_TAXON,False,KEEP_TAXONIC_RESPONSE,2026-08-19T17:29:43.534540+00:00,EXACT_CANONICAL_FOUND,Carex asturica,Carex asturica,Boiss.,Accepted,,224697,224697,6ff1e084d7e1de5bce526a9952c96fbb0f13b4f2c615b0fc30c055f88bfb5483,,EXACT_CANONICAL_FOUND,Carex asturica,Carex asturica,Boiss.,Accepted,,,wfo-0000344641,ccfc7e3ca85c8b80aa96eb52d4e50e07e1811d28916b544280d8a4f1a043ba72,,EXACT_CANONICAL_FOUND,Carex asturica,Carex asturica Boiss. in Boiss. & Reut.,Boiss. in Boiss. & Reut.,,,,FUND. BIODIVERSIDAD:ANTHOS:70110,e6e19630a9415359fba90888864d17313873a984ac79a3677c1d62aac943f991,
451,CYPERACEAE,Carex binervis,NO_API_TAXON,False,KEEP_TAXONIC_RESPONSE,2026-08-19T17:29:43.534550+00:00,EXACT_CANONICAL_FOUND,Carex binervis,Carex binervis,Sm.,Accepted,,224968,224968,6ff1e084d7e1de5bce526a9952c96fbb0f13b4f2c615b0fc30c055f88bfb5483,,EXACT_CANONICAL_FOUND,Carex binervis,Carex binervis,Dewey,Synonym,,wfo-0000348041,wfo-0000344933,ccfc7e3ca85c8b80aa96eb52d4e50e07e1811d28916b544280d8a4f1a043ba72,,EXACT_CANONICAL_FOUND,Carex binervis,Carex binervis Sm.,Sm.,,,,FUND. BIODIVERSIDAD:ANTHOS:38304,e6e19630a9415359fba90888864d17313873a984ac79a3677c1d62aac943f991,
452,CYPERACEAE,Carex brevicollis,NO_API_TAXON,False,KEEP_TAXONIC_RESPONSE,2026-08-19T17:29:43.534562+00:00,EXACT_CANONICAL_FOUND,Carex brevicollis,Carex brevicollis,DC.,Accepted,,225093,225093,6ff1e084d7e1de5bce526a9952c96fbb0f13b4f2c615b0fc30c055f88bfb5483,,EXACT_CANONICAL_FOUND,Carex brevicollis,Carex brevicollis,DC.,Accepted,,,wfo-0000345069,ccfc7e3ca85c8b80aa96eb52d4e50e07e1811d28916b544280d8a4f1a043ba72,,EXACT_CANONICAL_FOUND,Carex brevicollis,Carex brevicollis DC. in Lam. & DC.,DC. in Lam. & DC.,,,,FUND. BIODIVERSIDAD:ANTHOS:38283,e6e19630a9415359fba90888864d17313873a984ac79a3677c1d62aac943f991,
455,CYPERACEAE,Carex caryophyllea,NO_API_TAXON,False,KEEP_TAXONIC_RESPONSE,2026-08-19T17:29:43.534572+00:00,EXACT_CANONICAL_FOUND,Carex caryophyllea,Carex caryophyllea,Latourr.,Accepted,,225358,225358,6ff1e084d7e1de5bce526a9952c96fbb0f13b4f2c615b0fc30c055f88bfb5483,,EXACT_CANONICAL_FOUND,Carex caryophyllea,Carex caryophyllea,Latourr.,Accepted,,,wfo-0000345352,ccfc7e3ca85c8b80aa96eb52d4e50e07e1811d28916b544280d8a4f1a043ba72,,EXACT_CANONICAL_FOUND,Carex caryophyllea,Carex caryophyllea Latourr.,Latourr.,,,,FUND. BIODIVERSIDAD:ANTHOS:1124703,e6e19630a9415359fba90888864d17313873a984ac79a3677c1d62aac943f991,
462,CYPERACEAE,Carex divulsa subsp. divulsa,NO_EXACT_MATCH,False,KEEP_TAXONIC_RESPONSE,2026-08-19T17:29:43.534583+00:00,EXACT_CANONICAL_NOT_FOUND,,,,,,,,6ff1e084d7e1de5bce526a9952c96fbb0f13b4f2c615b0fc30c055f88bfb5483,,EXACT_CANONICAL_FOUND,Carex divulsa subsp. divulsa,Carex divulsa subsp. divulsa,,Synonym,,wfo-0000346191,wfo-0001220604,ccfc7e3ca85c8b80aa96eb52d4e50e07e1811d28916b544280d8a4f1a043ba72,,EXACT_CANONICAL_FOUND,Carex divulsa subsp. divulsa,Carex divulsa subsp. divulsa Stokes in With.,Stokes in With.,,,,FUND. BIODIVERSIDAD:ANTHOS:38111,e6e19630a9415359fba90888864d17313873a984ac79a3677c1d62aac943f991,
463,CYPERACEAE,Carex divulsa subsp. leersii,NO_EXACT_MATCH,False,KEEP_TAXONIC_RESPONSE,2026-08-19T17:29:43.534594+00:00,EXACT_CANONICAL_FOUND,Carex divulsa subsp. leersii,Carex divulsa subsp. leersii,(F.W.Schultz) W.Koch,Synonym,,228028,226152,6ff1e084d7e1de5bce526a9952c96fbb0f13b4f2c615b0fc30c055f88bfb5483,,EXACT_CANONICAL_FOUND,Carex divulsa subsp. leersii,Carex divulsa subsp. leersii,(Kneuck.) W.Koch,Synonym,,wfo-0000348209,wfo-0000346198,ccfc7e3ca85c8b80aa96eb52d4e50e07e1811d28916b544280d8a4f1a043ba72,,EXACT_CANONICAL_FOUND,Carex divulsa subsp. leersii,Carex divulsa subsp. leersii (Kneuck.) W. Koch,(Kneuck.) W. Koch,,,,FUND. BIODIVERSIDAD:ANTHOS:38130,e6e19630a9415359fba90888864d17313873a984ac79a3677c1d62aac943f991,
466,CYPERACEAE,Carex elata subsp. elata,NO_EXACT_MATCH,False,KEEP_TAXONIC_RESPONSE,2026-08-19T17:29:43.534605+00:00,EXACT_CANONICAL_NOT_FOUND,,,,,,,,6ff1e084d7e1de5bce526a9952c96fbb0f13b4f2c615b0fc30c055f88bfb5483,,EXACT_CANONICAL_FOUND,Carex elata subsp. elata,Carex elata subsp. elata,,Accepted,,,wfo-0000346343,ccfc7e3ca85c8b80aa96eb52d4e50e07e1811d28916b544280d8a4f1a043ba72,,EXACT_CANONICAL_FOUND,Carex elata subsp. elata,Carex elata subsp. elata All.,All.,,,,FUND. BIODIVERSIDAD:ANTHOS:38510,e6e19630a9415359fba90888864d17313873a984ac79a3677c1d62aac943f991,
468,CYPERACEAE,Carex flacca subsp. flacca,NO_EXACT_MATCH,False,KEEP_TAXONIC_RESPONSE,2026-08-19T17:29:43.534615+00:00,EXACT_CANONICAL_FOUND,Carex flacca subsp. flacca,Carex flacca subsp. flacca,,Accepted,,226572,226572,6ff1e084d7e1de5bce526a9952c96fbb0f13b4f2c615b0fc30c055f88bfb5483,,EXACT_CANONICAL_FOUND,Carex flacca subsp. flacca,Carex flacca subsp. flacca,,Accepted,,,wfo-0000346653,ccfc7e3ca85c8b80aa96eb52d4e50e07e1811d28916b544280d8a4f1a043ba72,,EXACT_CANONICAL_NOT_FOUND,,,,,,,,e6e19630a9415359fba90888864d17313873a984ac79a3677c1d62aac943f991,
469,CYPERACEAE,Carex flacca subsp. serrulata,NO_EXACT_MATCH,False,KEEP_TAXONIC_RESPONSE,2026-08-19T17:29:43.534656+00:00,EXACT_CANONICAL_FOUND,Carex flacca subsp. serrulata,Carex flacca subsp. serrulata,(Biv.) Greuter,Synonym,,226571,226577,6ff1e084d7e1de5bce526a9952c96fbb0f13b4f2c615b0fc30c055f88bfb5483,,EXACT_CANONICAL_FOUND,Carex flacca subsp. serrulata,Carex flacca subsp. serrulata,(Biv.) Malag.,Synonym,,wfo-0000346652,wfo-0000346658,ccfc7e3ca85c8b80aa96eb52d4e50e07e1811d28916b544280d8a4f1a043ba72,,EXACT_CANONICAL_NOT_FOUND,,,,,,,,e6e19630a9415359fba90888864d17313873a984ac79a3677c1d62aac943f991,
470,CYPERACEAE,Carex hallerana,NO_API_TAXON,False,NO_RESPONSE_ALL_THREE,2026-08-19T17:29:43.534668+00:00,EXACT_CANONICAL_NOT_FOUND,,,,,,,,6ff1e084d7e1de5bce526a9952c96fbb0f13b4f2c615b0fc30c055f88bfb5483,,EXACT_CANONICAL_NOT_FOUND,,,,,,,,ccfc7e3ca85c8b80aa96eb52d4e50e07e1811d28916b544280d8a4f1a043ba72,,EXACT_CANONICAL_NOT_FOUND,,,,,,,,e6e19630a9415359fba90888864d17313873a984ac79a3677c1d62aac943f991,
473,CYPERACEAE,Carex humilis,NO_API_TAXON,False,KEEP_TAXONIC_RESPONSE,2026-08-19T17:29:43.534685+00:00,EXACT_CANONICAL_FOUND,Carex humilis,Carex humilis,Willd. ex Kunth,Illegitimate,,225431,227448,6ff1e084d7e1de5bce526a9952c96fbb0f13b4f2c615b0fc30c055f88bfb5483,,EXACT_CANONICAL_FOUND,Carex humilis,Carex humilis,Leyss.,Accepted,,,wfo-0000347581,ccfc7e3ca85c8b80aa96eb52d4e50e07e1811d28916b544280d8a4f1a043ba72,,EXACT_CANONICAL_FOUND,Carex humilis,Carex humilis Leyss.,Leyss.,,,,FUND. BIODIVERSIDAD:ANTHOS:38412,e6e19630a9415359fba90888864d17313873a984ac79a3677c1d62aac943f991,
477,CYPERACEAE,Carex liparocarpos,NO_API_TAXON,False,KEEP_TAXONIC_RESPONSE,2026-08-19T17:29:43.534699+00:00,EXACT_CANONICAL_FOUND,Carex liparocarpos,Carex liparocarpos,Gaudin,Accepted,,228205,228205,6ff1e084d7e1de5bce526a9952c96fbb0f13b4f2c615b0fc30c055f88bfb5483,,EXACT_CANONICAL_FOUND,Carex liparocarpos,Carex liparocarpos,Gaudin,Accepted,,,wfo-0000348395,ccfc7e3ca85c8b80aa96eb52d4e50e07e1811d28916b544280d8a4f1a043ba72,,EXACT_CANONICAL_FOUND,Carex liparocarpos,Carex liparocarpos Gaudin,Gaudin,,,,FUND. BIODIVERSIDAD:ANTHOS:938411,e6e19630a9415359fba90888864d17313873a984ac79a3677c1d62aac943f991,
479,CYPERACEAE,Carex mairii,NO_API_TAXON,False,KEEP_TAXONIC_RESPONSE,2026-08-19T17:29:43.534712+00:00,EXACT_CANONICAL_NOT_FOUND,,,,,,,,6ff1e084d7e1de5bce526a9952c96fbb0f13b4f2c615b0fc30c055f88bfb5483,,EXACT_CANONICAL_FOUND,Carex mairii,Carex mairii,Coss. & Germ.,Synonym,,wfo-0000348664,wfo-0001221482,ccfc7e3ca85c8b80aa96eb52d4e50e07e1811d28916b544280d8a4f1a043ba72,,EXACT_CANONICAL_FOUND,Carex mairii,Carex mairii Coss. & Germ.,Coss. & Germ.,,,,FUND. BIODIVERSIDAD:ANTHOS:38343,e6e19630a9415359fba90888864d17313873a984ac79a3677c1d62aac943f991,
481,CYPERACEAE,Carex ornithopoda,NO_API_TAXON,False,KEEP_TAXONIC_RESPONSE,2026-08-19T17:29:43.534726+00:00,EXACT_CANONICAL_FOUND,Carex ornithopoda,Carex ornithopoda,Willd.,Accepted,,229325,229325,6ff1e084d7e1de5bce526a9952c96fbb0f13b4f2c615b0fc30c055f88bfb5483,,EXACT_CANONICAL_FOUND,Carex ornithopoda,Carex ornithopoda,Willd.,Accepted,,,wfo-0000349582,ccfc7e3ca85c8b80aa96eb52d4e50e07e1811d28916b544280d8a4f1a043ba72,,EXACT_CANONICAL_FOUND,Carex ornithopoda,Carex ornithopoda Willd.,Willd.,,,,FUND. BIODIVERSIDAD:ANTHOS:41305,e6e19630a9415359fba90888864d17313873a984ac79a3677c1d62aac943f991,
483,CYPERACEAE,Carex ovalis,NO_API_TAXON,False,KEEP_TAXONIC_RESPONSE,2026-08-19T17:29:43.534740+00:00,EXACT_CANONICAL_FOUND,Carex ovalis,Carex ovalis,Gooden.,Synonym,,228079,229362,6ff1e084d7e1de5bce526a9952c96fbb0f13b4f2c615b0fc30c055f88bfb5483,,EXACT_CANONICAL_FOUND,Carex ovalis,Carex ovalis,Willd. ex Kunth,Synonym,,wfo-0000351117,wfo-0000349619,ccfc7e3ca85c8b80aa96eb52d4e50e07e1811d28916b544280d8a4f1a043ba72,,EXACT_CANONICAL_NOT_FOUND,,,,,,,,e6e19630a9415359fba90888864d17313873a984ac79a3677c1d62aac943f991,
484,CYPERACEAE,Carex pairae,NO_API_TAXON,False,KEEP_TAXONIC_RESPONSE,2026-08-19T17:29:43.534753+00:00,EXACT_CANONICAL_FOUND,Carex pairae,Carex pairae,F.W.Schultz,Accepted,,229401,229401,6ff1e084d7e1de5bce526a9952c96fbb0f13b4f2c615b0fc30c055f88bfb5483,,EXACT_CANONICAL_FOUND,Carex pairae,Carex pairae,F.W.Schultz,Accepted,,,wfo-0000349663,ccfc7e3ca85c8b80aa96eb52d4e50e07e1811d28916b544280d8a4f1a043ba72,,EXACT_CANONICAL_NOT_FOUND,,,,,,,,e6e19630a9415359fba90888864d17313873a984ac79a3677c1d62aac943f991,
485,CYPERACEAE,Carex pallescens,NO_API_TAXON,False,KEEP_TAXONIC_RESPONSE,2026-08-19T17:29:43.534767+00:00,EXACT_CANONICAL_FOUND,Carex pallescens,Carex pallescens,L.,Accepted,,229422,229422,6ff1e084d7e1de5bce526a9952c96fbb0f13b4f2c615b0fc30c055f88bfb5483,,EXACT_CANONICAL_FOUND,Carex pallescens,Carex pallescens,L.,Accepted,,,wfo-0000349686,ccfc7e3ca85c8b80aa96eb52d4e50e07e1811d28916b544280d8a4f1a043ba72,,EXACT_CANONICAL_FOUND,Carex pallescens,Carex pallescens L.,L.,,,,FUND. BIODIVERSIDAD:ANTHOS:41318,e6e19630a9415359fba90888864d17313873a984ac79a3677c1d62aac943f991,
491,CYPERACEAE,Carex pulicaris,NO_API_TAXON,False,KEEP_TAXONIC_RESPONSE,2026-08-19T17:29:43.534781+00:00,EXACT_CANONICAL_FOUND,Carex pulicaris,Carex pulicaris,L.,Accepted,,230115,230115,6ff1e084d7e1de5bce526a9952c96fbb0f13b4f2c615b0fc30c055f88bfb5483,,EXACT_CANONICAL_FOUND,Carex pulicaris,Carex pulicaris,L.,Accepted,,,wfo-0000350429,ccfc7e3ca85c8b80aa96eb52d4e50e07e1811d28916b544280d8a4f1a043ba72,,EXACT_CANONICAL_FOUND,Carex pulicaris,Carex pulicaris L.,L.,,,,FUND. BIODIVERSIDAD:ANTHOS:38519,e6e19630a9415359fba90888864d17313873a984ac79a3677c1d62aac943f991,
495,CYPERACEAE,Carex spicata,NO_API_TAXON,False,KEEP_TAXONIC_RESPONSE,2026-08-19T17:29:43.534795+00:00,EXACT_CANONICAL_FOUND,Carex spicata,Carex spicata,Lam.,Illegitimate,,226102,231060,6ff1e084d7e1de5bce526a9952c96fbb0f13b4f2c615b0fc30c055f88bfb5483,,EXACT_CANONICAL_FOUND,Carex spicata,Carex spicata,Brot. ex Kunth,Synonym,,wfo-0000346179,wfo-0000351440,ccfc7e3ca85c8b80aa96eb52d4e50e07e1811d28916b544280d8a4f1a043ba72,,EXACT_CANONICAL_FOUND,Carex spicata,Carex spicata Huds.,Huds.,,,,FUND. BIODIVERSIDAD:ANTHOS:61131,e6e19630a9415359fba90888864d17313873a984ac79a3677c1d62aac943f991,
496,CYPERACEAE,Carex sylvatica,NO_API_TAXON,False,KEEP_TAXONIC_RESPONSE,2026-08-19T17:29:43.534809+00:00,EXACT_CANONICAL_FOUND,Carex sylvatica,Carex sylvatica,Dewey,Illegitimate,,224597,231388,6ff1e084d7e1de5bce526a9952c96fbb0f13b4f2c615b0fc30c055f88bfb5483,,EXACT_CANONICAL_FOUND,Carex sylvatica,Carex sylvatica,Dewey,Synonym,,wfo-0000344532,wfo-0000351794,ccfc7e3ca85c8b80aa96eb52d4e50e07e1811d28916b544280d8a4f1a043ba72,,EXACT_CANONICAL_FOUND,Carex sylvatica,Carex sylvatica Huds.,Huds.,,,,FUND. BIODIVERSIDAD:ANTHOS:89366,e6e19630a9415359fba90888864d17313873a984ac79a3677c1d62aac943f991,
497,CYPERACEAE,Carex sylvatica subsp. sylvatica,NO_API_TAXON,False,KEEP_TAXONIC_RESPONSE,2026-08-19T17:29:43.534828+00:00,EXACT_CANONICAL_FOUND,Carex sylvatica subsp. sylvatica,Carex sylvatica subsp. sylvatica,,Accepted,,231398,231398,6ff1e084d7e1de5bce526a9952c96fbb0f13b4f2c615b0fc30c055f88bfb5483,,EXACT_CANONICAL_FOUND,Carex sylvatica subsp. sylvatica,Carex sylvatica subsp. sylvatica,,Accepted,,,wfo-0000351805,ccfc7e3ca85c8b80aa96eb52d4e50e07e1811d28916b544280d8a4f1a043ba72,,EXACT_CANONICAL_FOUND,Carex sylvatica subsp. sylvatica,Carex sylvatica subsp. sylvatica Huds.,Huds.,,,,FUND. BIODIVERSIDAD:ANTHOS:38229,e6e19630a9415359fba90888864d17313873a984ac79a3677c1d62aac943f991,
498,ASTERACEAE,Carlina acanthifolia subsp. cynara,NO_EXACT_MATCH,False,KEEP_TAXONIC_RESPONSE,2026-08-19T17:29:43.534843+00:00,EXACT_CANONICAL_FOUND,Carlina acanthifolia subsp. cynara,Carlina acanthifolia subsp. cynara,(DC.) Arcang.,Accepted,,3039989,3039989,6ff1e084d7e1de5bce526a9952c96fbb0f13b4f2c615b0fc30c055f88bfb5483,,EXACT_CANONICAL_FOUND,Carlina acanthifolia subsp. cynara,Carlina acanthifolia subsp. cynara,(Pourr. ex DC.) Rouy,Accepted,,,wfo-0000098624,ccfc7e3ca85c8b80aa96eb52d4e50e07e1811d28916b544280d8a4f1a043ba72,,EXACT_CANONICAL_FOUND,Carlina acanthifolia subsp. cynara,Carlina acanthifolia subsp. cynara (Pourr. ex DC.) Arcang.,(Pourr. ex DC.) Arcang.,,,,FUND. BIODIVERSIDAD:ANTHOS:33625,e6e19630a9415359fba90888864d17313873a984ac79a3677c1d62aac943f991,
500,ASTERACEAE,Carlina corymbosa subsp. hispanica,NO_EXACT_MATCH,False,KEEP_TAXONIC_RESPONSE,2026-08-19T17:29:43.534858+00:00,EXACT_CANONICAL_FOUND,Carlina corymbosa subsp. hispanica,Carlina corymbosa subsp. hispanica,(Lam.) O.Bolòs & Vigo,Synonym,,3040039,3040040,6ff1e084d7e1de5bce526a9952c96fbb0f13b4f2c615b0fc30c055f88bfb5483,,EXACT_CANONICAL_FOUND,Carlina corymbosa subsp. hispanica,Carlina corymbosa subsp. hispanica,(Lam.) O.Bolòs & Vigo,Synonym,,wfo-0000066505,wfo-0000113743,ccfc7e3ca85c8b80aa96eb52d4e50e07e1811d28916b544280d8a4f1a043ba72,,EXACT_CANONICAL_FOUND,Carlina corymbosa subsp. hispanica,Carlina corymbosa subsp. hispanica (Lam.) O. Bolòs & Vigo in J. Ros & al.,(Lam.) O. Bolòs & Vigo in J. Ros & al.,,,,FUND. BIODIVERSIDAD:ANTHOS:68192,e6e19630a9415359fba90888864d17313873a984ac79a3677c1d62aac943f991,
502,ASTERACEAE,Carlina vulgaris subsp. spinosa,NO_EXACT_MATCH,False,KEEP_TAXONIC_RESPONSE,2026-08-19T17:29:43.534875+00:00,EXACT_CANONICAL_FOUND,Carlina vulgaris subsp. spinosa,Carlina vulgaris subsp. spinosa,(Velen.) Vandas,Accepted,,3040120,3040120,6ff1e084d7e1de5bce526a9952c96fbb0f13b4f2c615b0fc30c055f88bfb5483,,EXACT_CANONICAL_FOUND,Carlina vulgaris subsp. spinosa,Carlina vulgaris subsp. spinosa,(Velen.) Vandas,Accepted,,,wfo-0000099697,ccfc7e3ca85c8b80aa96eb52d4e50e07e1811d28916b544280d8a4f1a043ba72,,EXACT_CANONICAL_FOUND,Carlina vulgaris subsp. spinosa,Carlina vulgaris subsp. spinosa (Velen.) Vandas,(Velen.) Vandas,,,,FUND. BIODIVERSIDAD:ANTHOS:865365,e6e19630a9415359fba90888864d17313873a984ac79a3677c1d62aac943f991,
503,ASTERACEAE,Carlina vulgaris subsp. vulgaris,NO_EXACT_MATCH,False,KEEP_TAXONIC_RESPONSE,2026-08-19T17:29:43.534889+00:00,EXACT_CANONICAL_FOUND,Carlina vulgaris subsp. vulgaris,Carlina vulgaris subsp. vulgaris,,Accepted,,3040117,3040117,6ff1e084d7e1de5bce526a9952c96fbb0f13b4f2c615b0fc30c055f88bfb5483,,EXACT_CANONICAL_FOUND,Carlina vulgaris subsp. vulgaris,Carlina vulgaris subsp. vulgaris,,Accepted,,,wfo-0000111124,ccfc7e3ca85c8b80aa96eb52d4e50e07e1811d28916b544280d8a4f1a043ba72,,EXACT_CANONICAL_NOT_FOUND,,,,,,,,e6e19630a9415359fba90888864d17313873a984ac79a3677c1d62aac943f991,
508,ASTERACEAE,Catananche caerulea,NO_API_TAXON,False,KEEP_TAXONIC_RESPONSE,2026-08-19T17:29:43.534912+00:00,EXACT_CANONICAL_FOUND,Catananche caerulea,Catananche caerulea,Georgi,Illegitimate,,3050492,3050486,6ff1e084d7e1de5bce526a9952c96fbb0f13b4f2c615b0fc30c055f88bfb5483,,EXACT_CANONICAL_FOUND,Catananche caerulea,Catananche caerulea,Georgi,Unchecked,,,wfo-0000055225,ccfc7e3ca85c8b80aa96eb52d4e50e07e1811d28916b544280d8a4f1a043ba72,,EXACT_CANONICAL_FOUND,Catananche caerulea,Catananche caerulea L.,L.,,,,FUND. BIODIVERSIDAD:ANTHOS:34142,e6e19630a9415359fba90888864d17313873a984ac79a3677c1d62aac943f991,
512,ASTERACEAE,Centaurea aspera,NO_API_TAXON,False,KEEP_TAXONIC_RESPONSE,2026-08-19T17:29:43.534926+00:00,EXACT_CANONICAL_FOUND,Centaurea aspera,Centaurea aspera,L.,Accepted,,2925958,2925958,6ff1e084d7e1de5bce526a9952c96fbb0f13b4f2c615b0fc30c055f88bfb5483,,EXACT_CANONICAL_FOUND,Centaurea aspera,Centaurea aspera,L.,Accepted,,,wfo-0000016988,ccfc7e3ca85c8b80aa96eb52d4e50e07e1811d28916b544280d8a4f1a043ba72,,EXACT_CANONICAL_FOUND,Centaurea aspera,Centaurea aspera L.,L.,,,,FUND. BIODIVERSIDAD:ANTHOS:34015,e6e19630a9415359fba90888864d17313873a984ac79a3677c1d62aac943f991,
513,ASTERACEAE,Centaurea aspera subsp. aspera,NO_API_TAXON,False,KEEP_TAXONIC_RESPONSE,2026-08-19T17:29:43.534942+00:00,EXACT_CANONICAL_FOUND,Centaurea aspera subsp. aspera,Centaurea aspera subsp. aspera,,Accepted,,3047912,3047912,6ff1e084d7e1de5bce526a9952c96fbb0f13b4f2c615b0fc30c055f88bfb5483,,EXACT_CANONICAL_FOUND,Centaurea aspera subsp. aspera,Centaurea aspera subsp. aspera,,Accepted,,,wfo-0000106168,ccfc7e3ca85c8b80aa96eb52d4e50e07e1811d28916b544280d8a4f1a043ba72,,EXACT_CANONICAL_FOUND,Centaurea aspera subsp. aspera,Centaurea aspera subsp. aspera L.,L.,,,,FUND. BIODIVERSIDAD:ANTHOS:49574,e6e19630a9415359fba90888864d17313873a984ac79a3677c1d62aac943f991,
514,ASTERACEAE,Centaurea bofiliana,NO_API_TAXON,False,NO_RESPONSE_ALL_THREE,2026-08-19T17:29:43.534954+00:00,EXACT_CANONICAL_NOT_FOUND,,,,,,,,6ff1e084d7e1de5bce526a9952c96fbb0f13b4f2c615b0fc30c055f88bfb5483,,EXACT_CANONICAL_NOT_FOUND,,,,,,,,ccfc7e3ca85c8b80aa96eb52d4e50e07e1811d28916b544280d8a4f1a043ba72,,EXACT_CANONICAL_NOT_FOUND,,,,,,,,e6e19630a9415359fba90888864d17313873a984ac79a3677c1d62aac943f991,
516,ASTERACEAE,Centaurea cephalariifolia,NO_API_TAXON,False,KEEP_TAXONIC_RESPONSE,2026-08-19T17:29:43.534970+00:00,EXACT_CANONICAL_FOUND,Centaurea cephalariifolia,Centaurea cephalariifolia,Willk.,Accepted,,3049355,3049355,6ff1e084d7e1de5bce526a9952c96fbb0f13b4f2c615b0fc30c055f88bfb5483,,EXACT_CANONICAL_FOUND,Centaurea cephalariifolia,Centaurea cephalariifolia,Willk.,Synonym,,wfo-0000062651,wfo-0000133315,ccfc7e3ca85c8b80aa96eb52d4e50e07e1811d28916b544280d8a4f1a043ba72,,EXACT_CANONICAL_FOUND,Centaurea cephalariifolia,Centaurea cephalariifolia Willk.,Willk.,,,,FUND. BIODIVERSIDAD:ANTHOS:33988,e6e19630a9415359fba90888864d17313873a984ac79a3677c1d62aac943f991,
518,ASTERACEAE,Centaurea debeauxii,NO_API_TAXON,False,KEEP_TAXONIC_RESPONSE,2026-08-19T17:29:43.534983+00:00,EXACT_CANONICAL_FOUND,Centaurea debeauxii,Centaurea debeauxii,Godr. & Gren.,Accepted,,3048482,3048482,6ff1e084d7e1de5bce526a9952c96fbb0f13b4f2c615b0fc30c055f88bfb5483,,EXACT_CANONICAL_FOUND,Centaurea debeauxii,Centaurea debeauxii,Godr. & Gren.,Accepted,,,wfo-0000024361,ccfc7e3ca85c8b80aa96eb52d4e50e07e1811d28916b544280d8a4f1a043ba72,,EXACT_CANONICAL_FOUND,Centaurea debeauxii,Centaurea debeauxii Godr. & Gren. in Gren. & Godr.,Godr. & Gren. in Gren. & Godr.,,,,FUND. BIODIVERSIDAD:ANTHOS:34042,e6e19630a9415359fba90888864d17313873a984ac79a3677c1d62aac943f991,
519,ASTERACEAE,Centaurea graminifolia,NO_API_TAXON,False,KEEP_TAXONIC_RESPONSE,2026-08-19T17:29:43.534997+00:00,EXACT_CANONICAL_FOUND,Centaurea graminifolia,Centaurea graminifolia,(Lam.) Muñoz Rodr. & Devesa,Accepted,,3046373,3046373,6ff1e084d7e1de5bce526a9952c96fbb0f13b4f2c615b0fc30c055f88bfb5483,,EXACT_CANONICAL_FOUND,Centaurea graminifolia,Centaurea graminifolia,Pourr. ex Willk. & Lange,Synonym,,wfo-0000127150,wfo-0000087279,ccfc7e3ca85c8b80aa96eb52d4e50e07e1811d28916b544280d8a4f1a043ba72,,EXACT_CANONICAL_FOUND,Centaurea graminifolia,Centaurea graminifolia (Lam.) Muñoz Rodr. & Devesa,(Lam.) Muñoz Rodr. & Devesa,,,,FUND. BIODIVERSIDAD:ANTHOS:34069,e6e19630a9415359fba90888864d17313873a984ac79a3677c1d62aac943f991,
520,ASTERACEAE,Centaurea jacea subsp. angustifolia,NO_EXACT_MATCH,False,KEEP_TAXONIC_RESPONSE,2026-08-19T17:29:43.535011+00:00,EXACT_CANONICAL_FOUND,Centaurea jacea subsp. angustifolia,Centaurea jacea subsp. angustifolia,(DC.) Gremli,Accepted,,3230602,3230602,6ff1e084d7e1de5bce526a9952c96fbb0f13b4f2c615b0fc30c055f88bfb5483,,EXACT_CANONICAL_FOUND,Centaurea jacea subsp. angustifolia,Centaurea jacea subsp. angustifolia,(DC.) Gremli,Accepted,,,wfo-0000078146,ccfc7e3ca85c8b80aa96eb52d4e50e07e1811d28916b544280d8a4f1a043ba72,,EXACT_CANONICAL_FOUND,Centaurea jacea subsp. angustifolia,Centaurea jacea subsp. angustifolia (DC.) Gremli,(DC.) Gremli,,,,FUND. BIODIVERSIDAD:ANTHOS:55860,e6e19630a9415359fba90888864d17313873a984ac79a3677c1d62aac943f991,
522,ASTERACEAE,Centaurea lagascana,NO_API_TAXON,False,KEEP_TAXONIC_RESPONSE,2026-08-19T17:29:43.535022+00:00,EXACT_CANONICAL_FOUND,Centaurea lagascana,Centaurea lagascana,Graells,Accepted,,3049905,3049905,6ff1e084d7e1de5bce526a9952c96fbb0f13b4f2c615b0fc30c055f88bfb5483,,EXACT_CANONICAL_FOUND,Centaurea lagascana,Centaurea lagascana,Graells,Accepted,,,wfo-0000072001,ccfc7e3ca85c8b80aa96eb52d4e50e07e1811d28916b544280d8a4f1a043ba72,,EXACT_CANONICAL_FOUND,Centaurea lagascana,Centaurea lagascana Graells,Graells,,,,FUND. BIODIVERSIDAD:ANTHOS:33998,e6e19630a9415359fba90888864d17313873a984ac79a3677c1d62aac943f991,
524,ASTERACEAE,Centaurea linifolia,NO_API_TAXON,False,KEEP_TAXONIC_RESPONSE,2026-08-19T17:29:43.535031+00:00,EXACT_CANONICAL_FOUND,Centaurea linifolia,Centaurea linifolia,Lam.,Invalid,,3049682,3049679,6ff1e084d7e1de5bce526a9952c96fbb0f13b4f2c615b0fc30c055f88bfb5483,,EXACT_CANONICAL_FOUND,Centaurea linifolia,Centaurea linifolia,L.,Accepted,,,wfo-0000001951,ccfc7e3ca85c8b80aa96eb52d4e50e07e1811d28916b544280d8a4f1a043ba72,,EXACT_CANONICAL_FOUND,Centaurea linifolia,Centaurea linifolia L.,L.,,,,FUND. BIODIVERSIDAD:ANTHOS:182705,e6e19630a9415359fba90888864d17313873a984ac79a3677c1d62aac943f991,
526,ASTERACEAE,Centaurea montana,NO_API_TAXON,False,KEEP_TAXONIC_RESPONSE,2026-08-19T17:29:43.535042+00:00,EXACT_CANONICAL_FOUND,Centaurea montana,Centaurea montana,L.,Accepted,,3050169,3050169,6ff1e084d7e1de5bce526a9952c96fbb0f13b4f2c615b0fc30c055f88bfb5483,,EXACT_CANONICAL_FOUND,Centaurea montana,Centaurea montana,Burm.f.,Synonym,,wfo-0000127150,wfo-0000089298,ccfc7e3ca85c8b80aa96eb52d4e50e07e1811d28916b544280d8a4f1a043ba72,,EXACT_CANONICAL_FOUND,Centaurea montana,Centaurea montana L.,L.,,,,FUND. BIODIVERSIDAD:ANTHOS:34063,e6e19630a9415359fba90888864d17313873a984ac79a3677c1d62aac943f991,
527,ASTERACEAE,Centaurea nigra,NO_API_TAXON,False,KEEP_TAXONIC_RESPONSE,2026-08-19T17:29:43.535053+00:00,EXACT_CANONICAL_FOUND,Centaurea nigra,Centaurea nigra,Friv. ex Boiss.,Invalid,,3049836,3049835,6ff1e084d7e1de5bce526a9952c96fbb0f13b4f2c615b0fc30c055f88bfb5483,,EXACT_CANONICAL_FOUND,Centaurea nigra,Centaurea nigra,L.,Accepted,,,wfo-0000043513,ccfc7e3ca85c8b80aa96eb52d4e50e07e1811d28916b544280d8a4f1a043ba72,,EXACT_CANONICAL_FOUND,Centaurea nigra,Centaurea nigra L.,L.,,,,FUND. BIODIVERSIDAD:ANTHOS:34061,e6e19630a9415359fba90888864d17313873a984ac79a3677c1d62aac943f991,
528,ASTERACEAE,Centaurea ornata,NO_API_TAXON,False,KEEP_TAXONIC_RESPONSE,2026-08-19T17:29:43.535064+00:00,EXACT_CANONICAL_FOUND,Centaurea ornata,Centaurea ornata,Willd.,Accepted,,3050327,3050327,6ff1e084d7e1de5bce526a9952c96fbb0f13b4f2c615b0fc30c055f88bfb5483,,EXACT_CANONICAL_FOUND,Centaurea ornata,Centaurea ornata,Willd.,Accepted,,,wfo-0000017633,ccfc7e3ca85c8b80aa96eb52d4e50e07e1811d28916b544280d8a4f1a043ba72,,EXACT_CANONICAL_FOUND,Centaurea ornata,Centaurea ornata Willd.,Willd.,,,,FUND. BIODIVERSIDAD:ANTHOS:33983,e6e19630a9415359fba90888864d17313873a984ac79a3677c1d62aac943f991,
529,ASTERACEAE,Centaurea paniculata,NO_API_TAXON,False,KEEP_TAXONIC_RESPONSE,2026-08-19T17:29:43.535074+00:00,EXACT_CANONICAL_FOUND,Centaurea paniculata,Centaurea paniculata,Sm.,Misapplied,,3049553,3049550,6ff1e084d7e1de5bce526a9952c96fbb0f13b4f2c615b0fc30c055f88bfb5483,,EXACT_CANONICAL_FOUND,Centaurea paniculata,Centaurea paniculata,Sm.,Synonym,,wfo-0000062629,wfo-0000006979,ccfc7e3ca85c8b80aa96eb52d4e50e07e1811d28916b544280d8a4f1a043ba72,,EXACT_CANONICAL_FOUND,Centaurea paniculata,Centaurea paniculata L.,L.,,,,FUND. BIODIVERSIDAD:ANTHOS:1124796,e6e19630a9415359fba90888864d17313873a984ac79a3677c1d62aac943f991,
532,ASTERACEAE,Centaurea triumfetti subsp. semidecurrens,NO_API_TAXON,False,KEEP_TAXONIC_RESPONSE,2026-08-19T17:29:43.535085+00:00,EXACT_CANONICAL_NOT_FOUND,,,,,,,,6ff1e084d7e1de5bce526a9952c96fbb0f13b4f2c615b0fc30c055f88bfb5483,,EXACT_CANONICAL_NOT_FOUND,,,,,,,,ccfc7e3ca85c8b80aa96eb52d4e50e07e1811d28916b544280d8a4f1a043ba72,,EXACT_CANONICAL_FOUND,Centaurea triumfetti subsp. semidecurrens,Centaurea triumfetti subsp. semidecurrens (Jord.) Dostál,(Jord.) Dostál,,,,FUND. BIODIVERSIDAD:ANTHOS:873156,e6e19630a9415359fba90888864d17313873a984ac79a3677c1d62aac943f991,
533,ASTERACEAE,Centaurea vinyalsii,NO_API_TAXON,False,KEEP_TAXONIC_RESPONSE,2026-08-19T17:29:43.535094+00:00,EXACT_CANONICAL_FOUND,Centaurea vinyalsii,Centaurea vinyalsii,Sennen,Synonym,,3049779,3049777,6ff1e084d7e1de5bce526a9952c96fbb0f13b4f2c615b0fc30c055f88bfb5483,,EXACT_CANONICAL_FOUND,Centaurea vinyalsii,Centaurea vinyalsii,Sennen,Synonym,,wfo-0000097363,wfo-0000025065,ccfc7e3ca85c8b80aa96eb52d4e50e07e1811d28916b544280d8a4f1a043ba72,,EXACT_CANONICAL_NOT_FOUND,,,,,,,,e6e19630a9415359fba90888864d17313873a984ac79a3677c1d62aac943f991,
534,ASTERACEAE,Centaurea x zubiae,UNPARSABLE_NAME,False,NO_RESPONSE_ALL_THREE,2026-08-19T17:29:43.535104+00:00,EXACT_CANONICAL_NOT_FOUND,,,,,,,,6ff1e084d7e1de5bce526a9952c96fbb0f13b4f2c615b0fc30c055f88bfb5483,,EXACT_CANONICAL_NOT_FOUND,,,,,,,,ccfc7e3ca85c8b80aa96eb52d4e50e07e1811d28916b544280d8a4f1a043ba72,,EXACT_CANONICAL_NOT_FOUND,,,,,,,,e6e19630a9415359fba90888864d17313873a984ac79a3677c1d62aac943f991,
536,GENTIANACEAE,Centaurium grandiflorum,NO_API_TAXON,False,KEEP_TAXONIC_RESPONSE,2026-08-19T17:29:43.535116+00:00,EXACT_CANONICAL_FOUND,Centaurium grandiflorum,Centaurium grandiflorum,(Biv.) Druce,Synonym,,2708648,2708676,6ff1e084d7e1de5bce526a9952c96fbb0f13b4f2c615b0fc30c055f88bfb5483,,EXACT_CANONICAL_FOUND,Centaurium grandiflorum,Centaurium grandiflorum,(Biv.) Druce,Synonym,,wfo-0000593926,wfo-0000593952,ccfc7e3ca85c8b80aa96eb52d4e50e07e1811d28916b544280d8a4f1a043ba72,,EXACT_CANONICAL_FOUND,Centaurium grandiflorum,Centaurium grandiflorum (Pers.) Ronniger,(Pers.) Ronniger,,,,FUND. BIODIVERSIDAD:ANTHOS:29150,e6e19630a9415359fba90888864d17313873a984ac79a3677c1d62aac943f991,
537,GENTIANACEAE,Centaurium grandiflorum subsp. majus,NO_API_TAXON,False,KEEP_TAXONIC_RESPONSE,2026-08-19T17:29:43.535128+00:00,EXACT_CANONICAL_FOUND,Centaurium grandiflorum subsp. majus,Centaurium grandiflorum subsp. majus,(Hoffmanns. & Link) Z.Díaz,Synonym,,2708652,2913669,6ff1e084d7e1de5bce526a9952c96fbb0f13b4f2c615b0fc30c055f88bfb5483,,EXACT_CANONICAL_FOUND,Centaurium grandiflorum subsp. majus,Centaurium grandiflorum subsp. majus,(Hoffmanns. & Link) Z.Díaz,Synonym,,wfo-0001364448,wfo-0001362240,ccfc7e3ca85c8b80aa96eb52d4e50e07e1811d28916b544280d8a4f1a043ba72,,EXACT_CANONICAL_FOUND,Centaurium grandiflorum subsp. majus,Centaurium grandiflorum subsp. majus (Hoffmanns. & Link) Díaz Lifante in Castrov. & al. (eds.),(Hoffmanns. & Link) Díaz Lifante in Castrov. & al. (eds.),,,,FUND. BIODIVERSIDAD:ANTHOS:55496,e6e19630a9415359fba90888864d17313873a984ac79a3677c1d62aac943f991,
539,GENTIANACEAE,Centaurium quadrifolium subsp. parviflorum,NO_API_TAXON,False,KEEP_TAXONIC_RESPONSE,2026-08-19T17:29:43.535138+00:00,EXACT_CANONICAL_FOUND,Centaurium quadrifolium subsp. parviflorum,Centaurium quadrifolium subsp. parviflorum,(Willk.) Pedrol,Synonym,,3262673,2708755,6ff1e084d7e1de5bce526a9952c96fbb0f13b4f2c615b0fc30c055f88bfb5483,,EXACT_CANONICAL_FOUND,Centaurium quadrifolium subsp. parviflorum,Centaurium quadrifolium subsp. parviflorum,(Willk.) Pedrol,Synonym,,wfo-1200031395,wfo-0000594038,ccfc7e3ca85c8b80aa96eb52d4e50e07e1811d28916b544280d8a4f1a043ba72,,EXACT_CANONICAL_FOUND,Centaurium quadrifolium subsp. parviflorum,Centaurium quadrifolium subsp. parviflorum (Willk.) Pedrol,(Willk.) Pedrol,,,,FUND. BIODIVERSIDAD:ANTHOS:91363,e6e19630a9415359fba90888864d17313873a984ac79a3677c1d62aac943f991,
541,CAPRIFOLIACEAE,Centranthus calcitrape,NO_API_TAXON,False,NO_RESPONSE_ALL_THREE,2026-08-19T17:29:43.535146+00:00,EXACT_CANONICAL_NOT_FOUND,,,,,,,,6ff1e084d7e1de5bce526a9952c96fbb0f13b4f2c615b0fc30c055f88bfb5483,,EXACT_CANONICAL_NOT_FOUND,,,,,,,,ccfc7e3ca85c8b80aa96eb52d4e50e07e1811d28916b544280d8a4f1a043ba72,,EXACT_CANONICAL_NOT_FOUND,,,,,,,,e6e19630a9415359fba90888864d17313873a984ac79a3677c1d62aac943f991,
542,CAPRIFOLIACEAE,Centranthus lecoqii,NO_API_TAXON,False,KEEP_TAXONIC_RESPONSE,2026-08-19T17:29:43.535158+00:00,EXACT_CANONICAL_FOUND,Centranthus lecoqii,Centranthus lecoqii,Jord.,Synonym,,3225760,2709021,6ff1e084d7e1de5bce526a9952c96fbb0f13b4f2c615b0fc30c055f88bfb5483,,EXACT_CANONICAL_FOUND,Centranthus lecoqii,Centranthus lecoqii,Jord.,Synonym,,wfo-0001423325,wfo-0000594300,ccfc7e3ca85c8b80aa96eb52d4e50e07e1811d28916b544280d8a4f1a043ba72,,EXACT_CANONICAL_FOUND,Centranthus lecoqii,Centranthus lecoqii Jord.,Jord.,,,,FUND. BIODIVERSIDAD:ANTHOS:2531785,e6e19630a9415359fba90888864d17313873a984ac79a3677c1d62aac943f991,
543,CAPRIFOLIACEAE,Centranthus ruber,NO_API_TAXON,False,KEEP_TAXONIC_RESPONSE,2026-08-19T17:29:43.535167+00:00,EXACT_CANONICAL_FOUND,Centranthus ruber,Centranthus ruber,(L.) DC.,Synonym,,2464478,2709046,6ff1e084d7e1de5bce526a9952c96fbb0f13b4f2c615b0fc30c055f88bfb5483,,EXACT_CANONICAL_FOUND,Centranthus ruber,Centranthus ruber,(L.) DC.,Synonym,,wfo-0000426886,wfo-0000594324,ccfc7e3ca85c8b80aa96eb52d4e50e07e1811d28916b544280d8a4f1a043ba72,,EXACT_CANONICAL_FOUND,Centranthus ruber,Centranthus ruber (L.) DC. in Lam. & DC.,(L.) DC. in Lam. & DC.,,,,FUND. BIODIVERSIDAD:ANTHOS:32201,e6e19630a9415359fba90888864d17313873a984ac79a3677c1d62aac943f991,
544,CAPRIFOLIACEAE,Centranthus ruber subsp. ruber,NO_API_TAXON,False,KEEP_TAXONIC_RESPONSE,2026-08-19T17:29:43.535178+00:00,EXACT_CANONICAL_NOT_FOUND,,,,,,,,6ff1e084d7e1de5bce526a9952c96fbb0f13b4f2c615b0fc30c055f88bfb5483,,EXACT_CANONICAL_FOUND,Centranthus ruber subsp. ruber,Centranthus ruber subsp. ruber,,Unchecked,,,wfo-1200107843,ccfc7e3ca85c8b80aa96eb52d4e50e07e1811d28916b544280d8a4f1a043ba72,,EXACT_CANONICAL_FOUND,Centranthus ruber subsp. ruber,Centranthus ruber subsp. ruber (L.) DC. in Lam. & DC.,(L.) DC. in Lam. & DC.,,,,FUND. BIODIVERSIDAD:ANTHOS:62531,e6e19630a9415359fba90888864d17313873a984ac79a3677c1d62aac943f991,
551,CARYOPHYLLACEAE,Cerastium cerastoides,NO_API_TAXON,False,KEEP_TAXONIC_RESPONSE,2026-08-19T17:29:43.535187+00:00,EXACT_CANONICAL_FOUND,Cerastium cerastoides,Cerastium cerastoides,(L.) Britton,Synonym,,2766211,2710156,6ff1e084d7e1de5bce526a9952c96fbb0f13b4f2c615b0fc30c055f88bfb5483,,EXACT_CANONICAL_FOUND,Cerastium cerastoides,Cerastium cerastoides,(L.) Britton,Synonym,,wfo-1000081185,wfo-0000595373,ccfc7e3ca85c8b80aa96eb52d4e50e07e1811d28916b544280d8a4f1a043ba72,,EXACT_CANONICAL_FOUND,Cerastium cerastoides,Cerastium cerastoides (L.) Britton,(L.) Britton,,,,FUND. BIODIVERSIDAD:ANTHOS:39064,e6e19630a9415359fba90888864d17313873a984ac79a3677c1d62aac943f991,
552,CARYOPHYLLACEAE,Cerastium diffusum,NO_API_TAXON,False,KEEP_TAXONIC_RESPONSE,2026-08-19T17:29:43.535199+00:00,EXACT_CANONICAL_FOUND,Cerastium diffusum,Cerastium diffusum,Pers.,Accepted,,2710261,2710261,6ff1e084d7e1de5bce526a9952c96fbb0f13b4f2c615b0fc30c055f88bfb5483,,EXACT_CANONICAL_FOUND,Cerastium diffusum,Cerastium diffusum,Pers.,Accepted,,,wfo-0000595487,ccfc7e3ca85c8b80aa96eb52d4e50e07e1811d28916b544280d8a4f1a043ba72,,EXACT_CANONICAL_FOUND,Cerastium diffusum,Cerastium diffusum Pers.,Pers.,,,,FUND. BIODIVERSIDAD:ANTHOS:21293,e6e19630a9415359fba90888864d17313873a984ac79a3677c1d62aac943f991,
553,CARYOPHYLLACEAE,Cerastium fontanum subsp. vulgare,NO_EXACT_MATCH,False,KEEP_TAXONIC_RESPONSE,2026-08-19T17:29:43.535209+00:00,EXACT_CANONICAL_FOUND,Cerastium fontanum subsp. vulgare,Cerastium fontanum subsp. vulgare,(Hartm.) Greuter & Burdet,Synonym,,2710423,2710346,6ff1e084d7e1de5bce526a9952c96fbb0f13b4f2c615b0fc30c055f88bfb5483,,EXACT_CANONICAL_FOUND,Cerastium fontanum subsp. vulgare,Cerastium fontanum subsp. vulgare,(Hartm.) Greuter & Burdet,Accepted,,,wfo-0000595577,ccfc7e3ca85c8b80aa96eb52d4e50e07e1811d28916b544280d8a4f1a043ba72,,EXACT_CANONICAL_FOUND,Cerastium fontanum subsp. vulgare,Cerastium fontanum subsp. vulgare (Hartm.) Greuter & Burdet,(Hartm.) Greuter & Burdet,,,,FUND. BIODIVERSIDAD:ANTHOS:39068,e6e19630a9415359fba90888864d17313873a984ac79a3677c1d62aac943f991,
559,PAPAVERACEAE,Ceratocapnos claviculata,NO_API_TAXON,False,KEEP_TAXONIC_RESPONSE,2026-08-19T17:29:43.535224+00:00,EXACT_CANONICAL_FOUND,Ceratocapnos claviculata,Ceratocapnos claviculata,(L.) Lidén,Accepted,,2711063,2711063,6ff1e084d7e1de5bce526a9952c96fbb0f13b4f2c615b0fc30c055f88bfb5483,,EXACT_CANONICAL_FOUND,Ceratocapnos claviculata,Ceratocapnos claviculata,(L.) Lidén,Accepted,,,wfo-0000596336,ccfc7e3ca85c8b80aa96eb52d4e50e07e1811d28916b544280d8a4f1a043ba72,,EXACT_CANONICAL_FOUND,Ceratocapnos claviculata,Ceratocapnos claviculata (L.) Lidén,(L.) Lidén,,,,FUND. BIODIVERSIDAD:ANTHOS:61381,e6e19630a9415359fba90888864d17313873a984ac79a3677c1d62aac943f991,
560,RANUNCULACEAE,Ceratocephala falcata,NO_API_TAXON,False,KEEP_TAXONIC_RESPONSE,2026-08-19T17:29:43.535237+00:00,EXACT_CANONICAL_FOUND,Ceratocephala falcata,Ceratocephala falcata,(L.) Cramer,Synonym,,2523309,2711081,6ff1e084d7e1de5bce526a9952c96fbb0f13b4f2c615b0fc30c055f88bfb5483,,EXACT_CANONICAL_FOUND,Ceratocephala falcata,Ceratocephala falcata,(L.) Pers.,Synonym,,wfo-0000460446,wfo-0000596352,ccfc7e3ca85c8b80aa96eb52d4e50e07e1811d28916b544280d8a4f1a043ba72,,EXACT_CANONICAL_FOUND,Ceratocephala falcata,Ceratocephala falcata (L.) Pers.,(L.) Pers.,,,,FUND. BIODIVERSIDAD:ANTHOS:53047,e6e19630a9415359fba90888864d17313873a984ac79a3677c1d62aac943f991,
563,PLANTAGINACEAE,Chaenorhinum crassifolium,NO_API_TAXON,False,KEEP_TAXONIC_RESPONSE,2026-08-19T17:29:43.535251+00:00,EXACT_CANONICAL_FOUND,Chaenorhinum crassifolium,Chaenorhinum crassifolium,(Cav.) Kostel.,Synonym,,2714009,2713966,6ff1e084d7e1de5bce526a9952c96fbb0f13b4f2c615b0fc30c055f88bfb5483,,EXACT_CANONICAL_FOUND,Chaenorhinum crassifolium,Chaenorhinum crassifolium,(Cav.) Kostel.,Synonym,,wfo-0000598764,wfo-0000598719,ccfc7e3ca85c8b80aa96eb52d4e50e07e1811d28916b544280d8a4f1a043ba72,,EXACT_CANONICAL_FOUND,Chaenorhinum crassifolium,Chaenorhinum crassifolium (Cav.) Kostel.,(Cav.) Kostel.,,,,FUND. BIODIVERSIDAD:ANTHOS:183261,e6e19630a9415359fba90888864d17313873a984ac79a3677c1d62aac943f991,
564,PLANTAGINACEAE,Chaenorhinum exile,NO_API_TAXON,False,KEEP_TAXONIC_RESPONSE,2026-08-19T17:29:43.535265+00:00,EXACT_CANONICAL_FOUND,Chaenorhinum exile,Chaenorhinum exile,(Coss. & Kralik) Lange,Synonym,,2714034,2713972,6ff1e084d7e1de5bce526a9952c96fbb0f13b4f2c615b0fc30c055f88bfb5483,,EXACT_CANONICAL_FOUND,Chaenorhinum exile,Chaenorhinum exile,(Coss. & Kralik) Lange,Synonym,,wfo-0000598791,wfo-0000598726,ccfc7e3ca85c8b80aa96eb52d4e50e07e1811d28916b544280d8a4f1a043ba72,,EXACT_CANONICAL_FOUND,Chaenorhinum exile,Chaenorhinum exile (Coss. & Kralik) Lange,(Coss. & Kralik) Lange,,,,FUND. BIODIVERSIDAD:ANTHOS:857947,e6e19630a9415359fba90888864d17313873a984ac79a3677c1d62aac943f991,
568,PLANTAGINACEAE,Chaenorhinum rupestre,NO_API_TAXON,False,KEEP_TAXONIC_RESPONSE,2026-08-19T17:29:43.535278+00:00,EXACT_CANONICAL_FOUND,Chaenorhinum rupestre,Chaenorhinum rupestre,(Guss.) Speta,Accepted,,2714034,2714034,6ff1e084d7e1de5bce526a9952c96fbb0f13b4f2c615b0fc30c055f88bfb5483,,EXACT_CANONICAL_FOUND,Chaenorhinum rupestre,Chaenorhinum rupestre,(Guss.) Speta,Accepted,,,wfo-0000598791,ccfc7e3ca85c8b80aa96eb52d4e50e07e1811d28916b544280d8a4f1a043ba72,,EXACT_CANONICAL_NOT_FOUND,,,,,,,,e6e19630a9415359fba90888864d17313873a984ac79a3677c1d62aac943f991,
569,PLANTAGINACEAE,Chaenorhinum segoviense,NO_API_TAXON,False,KEEP_TAXONIC_RESPONSE,2026-08-19T17:29:43.535287+00:00,EXACT_CANONICAL_FOUND,Chaenorhinum segoviense,Chaenorhinum segoviense,Rouy,Invalid,,2714015,2714036,6ff1e084d7e1de5bce526a9952c96fbb0f13b4f2c615b0fc30c055f88bfb5483,,EXACT_CANONICAL_FOUND,Chaenorhinum segoviense,Chaenorhinum segoviense,Rouy,Synonym,,wfo-0000598770,wfo-0000598793,ccfc7e3ca85c8b80aa96eb52d4e50e07e1811d28916b544280d8a4f1a043ba72,,EXACT_CANONICAL_FOUND,Chaenorhinum segoviense,Chaenorhinum segoviense (Reut. ex Rouy) Rouy,(Reut. ex Rouy) Rouy,,,,FUND. BIODIVERSIDAD:ANTHOS:69229,e6e19630a9415359fba90888864d17313873a984ac79a3677c1d62aac943f991,
570,PLANTAGINACEAE,Chaenorhinum semiglabrum,NO_API_TAXON,False,KEEP_TAXONIC_RESPONSE,2026-08-19T17:29:43.535299+00:00,EXACT_CANONICAL_FOUND,Chaenorhinum semiglabrum,Chaenorhinum semiglabrum,"(Loidi & A.Galán) Alejandre, Arizal. & J.Benito",Accepted,,2714038,2714038,6ff1e084d7e1de5bce526a9952c96fbb0f13b4f2c615b0fc30c055f88bfb5483,,EXACT_CANONICAL_FOUND,Chaenorhinum semiglabrum,Chaenorhinum semiglabrum,"(Loidi & A.Galán) Alejandre, Arizal. & J.Benito",Accepted,,,wfo-0000598795,ccfc7e3ca85c8b80aa96eb52d4e50e07e1811d28916b544280d8a4f1a043ba72,,EXACT_CANONICAL_NOT_FOUND,,,,,,,,e6e19630a9415359fba90888864d17313873a984ac79a3677c1d62aac943f991,
573,APIACEAE,Chaerophyllum hirsutum,NO_API_TAXON,False,KEEP_TAXONIC_RESPONSE,2026-08-19T17:29:43.535309+00:00,EXACT_CANONICAL_FOUND,Chaerophyllum hirsutum,Chaerophyllum hirsutum,L.,Accepted,,2714241,2714241,6ff1e084d7e1de5bce526a9952c96fbb0f13b4f2c615b0fc30c055f88bfb5483,,EXACT_CANONICAL_FOUND,Chaerophyllum hirsutum,Chaerophyllum hirsutum,L.,Accepted,,,wfo-0000599013,ccfc7e3ca85c8b80aa96eb52d4e50e07e1811d28916b544280d8a4f1a043ba72,,EXACT_CANONICAL_FOUND,Chaerophyllum hirsutum,Chaerophyllum hirsutum L.,L.,,,,FUND. BIODIVERSIDAD:ANTHOS:27823,e6e19630a9415359fba90888864d17313873a984ac79a3677c1d62aac943f991,
575,APIACEAE,Chaerophyllum temulentum,NO_API_TAXON,False,KEEP_TAXONIC_RESPONSE,2026-08-19T17:29:43.535319+00:00,EXACT_CANONICAL_FOUND,Chaerophyllum temulentum,Chaerophyllum temulentum,L.,Illegitimate,,2714333,2714330,6ff1e084d7e1de5bce526a9952c96fbb0f13b4f2c615b0fc30c055f88bfb5483,,EXACT_CANONICAL_FOUND,Chaerophyllum temulentum,Chaerophyllum temulentum,L.,Synonym,,wfo-0000599113,wfo-0000599110,ccfc7e3ca85c8b80aa96eb52d4e50e07e1811d28916b544280d8a4f1a043ba72,,EXACT_CANONICAL_NOT_FOUND,,,,,,,,e6e19630a9415359fba90888864d17313873a984ac79a3677c1d62aac943f991,
577,IRIDACEAE,Chamaeiris foetidissima,NO_API_TAXON,False,KEEP_TAXONIC_RESPONSE,2026-08-19T17:29:43.535330+00:00,EXACT_CANONICAL_FOUND,Chamaeiris foetidissima,Chamaeiris foetidissima,(L.) Medik.,Synonym,,321835,494045,6ff1e084d7e1de5bce526a9952c96fbb0f13b4f2c615b0fc30c055f88bfb5483,,EXACT_CANONICAL_FOUND,Chamaeiris foetidissima,Chamaeiris foetidissima,(L.) Medik.,Synonym,,wfo-0000783342,wfo-0001329532,ccfc7e3ca85c8b80aa96eb52d4e50e07e1811d28916b544280d8a4f1a043ba72,,EXACT_CANONICAL_FOUND,Chamaeiris foetidissima,Chamaeiris foetidissima (L.) Medik.,(L.) Medik.,,,,FUND. BIODIVERSIDAD:ANTHOS:35602,e6e19630a9415359fba90888864d17313873a984ac79a3677c1d62aac943f991,
578,IRIDACEAE,Chamaeiris reichenbachiana,NO_API_TAXON,False,KEEP_TAXONIC_RESPONSE,2026-08-19T17:29:43.535342+00:00,EXACT_CANONICAL_FOUND,Chamaeiris reichenbachiana,Chamaeiris reichenbachiana,(Klatt) M.B.Crespo,Synonym,,322300,468892,6ff1e084d7e1de5bce526a9952c96fbb0f13b4f2c615b0fc30c055f88bfb5483,,EXACT_CANONICAL_FOUND,Chamaeiris reichenbachiana,Chamaeiris reichenbachiana,(Klatt) M.B.Crespo,Synonym,,wfo-0000783787,wfo-0000923203,ccfc7e3ca85c8b80aa96eb52d4e50e07e1811d28916b544280d8a4f1a043ba72,,EXACT_CANONICAL_FOUND,Chamaeiris reichenbachiana,Chamaeiris reichenbachiana (Klatt) M.B. Crespo,(Klatt) M.B. Crespo,,,,FUND. BIODIVERSIDAD:ANTHOS:101299,e6e19630a9415359fba90888864d17313873a984ac79a3677c1d62aac943f991,
579,ASTERACEAE,Chamaemelaum nobile,NO_API_TAXON,False,NO_RESPONSE_ALL_THREE,2026-08-19T17:29:43.535349+00:00,EXACT_CANONICAL_NOT_FOUND,,,,,,,,6ff1e084d7e1de5bce526a9952c96fbb0f13b4f2c615b0fc30c055f88bfb5483,,EXACT_CANONICAL_NOT_FOUND,,,,,,,,ccfc7e3ca85c8b80aa96eb52d4e50e07e1811d28916b544280d8a4f1a043ba72,,EXACT_CANONICAL_NOT_FOUND,,,,,,,,e6e19630a9415359fba90888864d17313873a984ac79a3677c1d62aac943f991,
581,FABACEAE,Chamaespartium delphinense,NO_API_TAXON,False,KEEP_TAXONIC_RESPONSE,2026-08-19T17:29:43.535361+00:00,EXACT_CANONICAL_FOUND,Chamaespartium delphinense,Chamaespartium delphinense,(Verl.) Soják,Synonym,,2819161,2715767,6ff1e084d7e1de5bce526a9952c96fbb0f13b4f2c615b0fc30c055f88bfb5483,,EXACT_CANONICAL_NOT_FOUND,,,,,,,,ccfc7e3ca85c8b80aa96eb52d4e50e07e1811d28916b544280d8a4f1a043ba72,,EXACT_CANONICAL_FOUND,Chamaespartium delphinense,Chamaespartium delphinense (Verl.) Soják,(Verl.) Soják,,,,FUND. BIODIVERSIDAD:ANTHOS:1385315,e6e19630a9415359fba90888864d17313873a984ac79a3677c1d62aac943f991,
582,FABACEAE,Chamaespartium sagittale,NO_API_TAXON,False,KEEP_TAXONIC_RESPONSE,2026-08-19T17:29:43.535372+00:00,EXACT_CANONICAL_FOUND,Chamaespartium sagittale,Chamaespartium sagittale,(L.) P.E.Gibbs,Synonym,,2819542,2715768,6ff1e084d7e1de5bce526a9952c96fbb0f13b4f2c615b0fc30c055f88bfb5483,,EXACT_CANONICAL_FOUND,Chamaespartium sagittale,Chamaespartium sagittale,(L.) P.E.Gibbs,Synonym,,wfo-0000214596,wfo-0001060002,ccfc7e3ca85c8b80aa96eb52d4e50e07e1811d28916b544280d8a4f1a043ba72,,EXACT_CANONICAL_FOUND,Chamaespartium sagittale,Chamaespartium sagittale (L.) P.E. Gibbs,(L.) P.E. Gibbs,,,,FUND. BIODIVERSIDAD:ANTHOS:24647,e6e19630a9415359fba90888864d17313873a984ac79a3677c1d62aac943f991,
583,EUPHORBIACEAE,Chamaesyce canescens,NO_API_TAXON,False,KEEP_TAXONIC_RESPONSE,2026-08-19T17:29:43.535384+00:00,EXACT_CANONICAL_FOUND,Chamaesyce canescens,Chamaesyce canescens,(L.) Prokh.,Synonym,,78950,37891,6ff1e084d7e1de5bce526a9952c96fbb0f13b4f2c615b0fc30c055f88bfb5483,,EXACT_CANONICAL_FOUND,Chamaesyce canescens,Chamaesyce canescens,(L.) Prokh.,Synonym,,wfo-0000961329,wfo-0000840048,ccfc7e3ca85c8b80aa96eb52d4e50e07e1811d28916b544280d8a4f1a043ba72,,EXACT_CANONICAL_FOUND,Chamaesyce canescens,Chamaesyce canescens (L.) Prokh.,(L.) Prokh.,,,,FUND. BIODIVERSIDAD:ANTHOS:1347709,e6e19630a9415359fba90888864d17313873a984ac79a3677c1d62aac943f991,
584,EUPHORBIACEAE,Chamaesyce prostrata,NO_API_TAXON,False,KEEP_TAXONIC_RESPONSE,2026-08-19T17:29:43.535394+00:00,EXACT_CANONICAL_FOUND,Chamaesyce prostrata,Chamaesyce prostrata,(Aiton) Small,Synonym,,81685,38189,6ff1e084d7e1de5bce526a9952c96fbb0f13b4f2c615b0fc30c055f88bfb5483,,EXACT_CANONICAL_FOUND,Chamaesyce prostrata,Chamaesyce prostrata,(Aiton) Small,Synonym,,wfo-0000964195,wfo-0000840374,ccfc7e3ca85c8b80aa96eb52d4e50e07e1811d28916b544280d8a4f1a043ba72,,EXACT_CANONICAL_FOUND,Chamaesyce prostrata,Chamaesyce prostrata (Aiton) Small,(Aiton) Small,,,,FUND. BIODIVERSIDAD:ANTHOS:26248,e6e19630a9415359fba90888864d17313873a984ac79a3677c1d62aac943f991,
585,EUPHORBIACEAE,Chamaesyce serpens,NO_API_TAXON,False,KEEP_TAXONIC_RESPONSE,2026-08-19T17:29:43.535404+00:00,EXACT_CANONICAL_FOUND,Chamaesyce serpens,Chamaesyce serpens,(Kunth) Small,Synonym,,82151,38237,6ff1e084d7e1de5bce526a9952c96fbb0f13b4f2c615b0fc30c055f88bfb5483,,EXACT_CANONICAL_FOUND,Chamaesyce serpens,Chamaesyce serpens,(Kunth) Small,Synonym,,wfo-0000964699,wfo-0000840427,ccfc7e3ca85c8b80aa96eb52d4e50e07e1811d28916b544280d8a4f1a043ba72,,EXACT_CANONICAL_FOUND,Chamaesyce serpens,Chamaesyce serpens (Kunth) Small,(Kunth) Small,,,,FUND. BIODIVERSIDAD:ANTHOS:173346,e6e19630a9415359fba90888864d17313873a984ac79a3677c1d62aac943f991,
586,PTERIDACEAE,Cheilanthes acrostica,NO_API_TAXON,False,KEEP_TAXONIC_RESPONSE,2026-08-19T17:29:43.535415+00:00,EXACT_CANONICAL_FOUND,Cheilanthes acrostica,Cheilanthes acrostica,(Balb.) Tod.,Synonym,,3227909,3144562,6ff1e084d7e1de5bce526a9952c96fbb0f13b4f2c615b0fc30c055f88bfb5483,,EXACT_CANONICAL_FOUND,Cheilanthes acrostica,Cheilanthes acrostica,(Balb.) Tod.,Synonym,,wfo-1000079464,wfo-0001284044,ccfc7e3ca85c8b80aa96eb52d4e50e07e1811d28916b544280d8a4f1a043ba72,,EXACT_CANONICAL_FOUND,Cheilanthes acrostica,Cheilanthes acrostica (Balb.) Tod.,(Balb.) Tod.,,,,FUND. BIODIVERSIDAD:ANTHOS:44690,e6e19630a9415359fba90888864d17313873a984ac79a3677c1d62aac943f991,
587,PTERIDACEAE,Cheilanthes maderensis,NO_API_TAXON,False,KEEP_TAXONIC_RESPONSE,2026-08-19T17:29:43.535426+00:00,EXACT_CANONICAL_FOUND,Cheilanthes maderensis,Cheilanthes maderensis,Lowe,Synonym,,3217966,3164917,6ff1e084d7e1de5bce526a9952c96fbb0f13b4f2c615b0fc30c055f88bfb5483,,EXACT_CANONICAL_FOUND,Cheilanthes maderensis,Cheilanthes maderensis,Lowe,Synonym,,wfo-1000079480,wfo-0001116337,ccfc7e3ca85c8b80aa96eb52d4e50e07e1811d28916b544280d8a4f1a043ba72,,EXACT_CANONICAL_FOUND,Cheilanthes maderensis,Cheilanthes maderensis Lowe,Lowe,,,,FUND. BIODIVERSIDAD:ANTHOS:49624,e6e19630a9415359fba90888864d17313873a984ac79a3677c1d62aac943f991,
588,ASTERACEAE,Cheirolophus intybaceus,NO_API_TAXON,False,KEEP_TAXONIC_RESPONSE,2026-08-19T17:29:43.535437+00:00,EXACT_CANONICAL_FOUND,Cheirolophus intybaceus,Cheirolophus intybaceus,(Lam.) Dostál,Accepted,,3046483,3046483,6ff1e084d7e1de5bce526a9952c96fbb0f13b4f2c615b0fc30c055f88bfb5483,,EXACT_CANONICAL_FOUND,Cheirolophus intybaceus,Cheirolophus intybaceus,(Lam.) Dostál,Accepted,,,wfo-0000095505,ccfc7e3ca85c8b80aa96eb52d4e50e07e1811d28916b544280d8a4f1a043ba72,,EXACT_CANONICAL_FOUND,Cheirolophus intybaceus,Cheirolophus intybaceus (Lam.) Dostál,(Lam.) Dostál,,,,FUND. BIODIVERSIDAD:ANTHOS:221450,e6e19630a9415359fba90888864d17313873a984ac79a3677c1d62aac943f991,
591,AMARANTHACEAE,Chenopodium album subsp. reticulatum,NO_EXACT_MATCH,False,KEEP_TAXONIC_RESPONSE,2026-08-19T17:29:43.535447+00:00,EXACT_CANONICAL_FOUND,Chenopodium album subsp. reticulatum,Chenopodium album subsp. reticulatum,(Aellen) Beauge ex Greuter & Burdet,Synonym,,2717004,2717005,6ff1e084d7e1de5bce526a9952c96fbb0f13b4f2c615b0fc30c055f88bfb5483,,EXACT_CANONICAL_FOUND,Chenopodium album subsp. reticulatum,Chenopodium album subsp. reticulatum,(Aellen) Beauge ex Greuter & Burdet,Synonym,,wfo-0000600950,wfo-0000600951,ccfc7e3ca85c8b80aa96eb52d4e50e07e1811d28916b544280d8a4f1a043ba72,,EXACT_CANONICAL_NOT_FOUND,,,,,,,,e6e19630a9415359fba90888864d17313873a984ac79a3677c1d62aac943f991,
592,AMARANTHACEAE,Chenopodium ambrosioides,NO_API_TAXON,False,KEEP_TAXONIC_RESPONSE,2026-08-19T17:29:43.535459+00:00,EXACT_CANONICAL_FOUND,Chenopodium ambrosioides,Chenopodium ambrosioides,L.,Synonym,,2780223,2717029,6ff1e084d7e1de5bce526a9952c96fbb0f13b4f2c615b0fc30c055f88bfb5483,,EXACT_CANONICAL_FOUND,Chenopodium ambrosioides,Chenopodium ambrosioides,L.,Synonym,,wfo-0000658867,wfo-0000600974,ccfc7e3ca85c8b80aa96eb52d4e50e07e1811d28916b544280d8a4f1a043ba72,,EXACT_CANONICAL_FOUND,Chenopodium ambrosioides,Chenopodium ambrosioides L.,L.,,,,FUND. BIODIVERSIDAD:ANTHOS:20764,e6e19630a9415359fba90888864d17313873a984ac79a3677c1d62aac943f991,
593,AMARANTHACEAE,Chenopodium bonus-henricus,NO_API_TAXON,False,KEEP_TAXONIC_RESPONSE,2026-08-19T17:29:43.535470+00:00,EXACT_CANONICAL_FOUND,Chenopodium bonus-henricus,Chenopodium bonus-henricus,L.,Synonym,,2677591,2717173,6ff1e084d7e1de5bce526a9952c96fbb0f13b4f2c615b0fc30c055f88bfb5483,,EXACT_CANONICAL_FOUND,Chenopodium bonus-henricus,Chenopodium bonus-henricus,L.,Synonym,,wfo-0000566886,wfo-0000601122,ccfc7e3ca85c8b80aa96eb52d4e50e07e1811d28916b544280d8a4f1a043ba72,,EXACT_CANONICAL_FOUND,Chenopodium bonus-henricus,Chenopodium bonus-henricus L.,L.,,,,FUND. BIODIVERSIDAD:ANTHOS:20778,e6e19630a9415359fba90888864d17313873a984ac79a3677c1d62aac943f991,
594,AMARANTHACEAE,Chenopodium botrys,NO_API_TAXON,False,KEEP_TAXONIC_RESPONSE,2026-08-19T17:29:43.535481+00:00,EXACT_CANONICAL_FOUND,Chenopodium botrys,Chenopodium botrys,L.,Synonym,,2780227,2717183,6ff1e084d7e1de5bce526a9952c96fbb0f13b4f2c615b0fc30c055f88bfb5483,,EXACT_CANONICAL_FOUND,Chenopodium botrys,Chenopodium botrys,L.,Synonym,,wfo-0000658871,wfo-0000601133,ccfc7e3ca85c8b80aa96eb52d4e50e07e1811d28916b544280d8a4f1a043ba72,,EXACT_CANONICAL_FOUND,Chenopodium botrys,Chenopodium botrys L.,L.,,,,FUND. BIODIVERSIDAD:ANTHOS:20761,e6e19630a9415359fba90888864d17313873a984ac79a3677c1d62aac943f991,
596,AMARANTHACEAE,Chenopodium exsuccum,NO_API_TAXON,False,KEEP_TAXONIC_RESPONSE,2026-08-19T17:29:43.535490+00:00,EXACT_CANONICAL_FOUND,Chenopodium exsuccum,Chenopodium exsuccum,(C.Loscos) Uotila,Synonym,,2677618,2717301,6ff1e084d7e1de5bce526a9952c96fbb0f13b4f2c615b0fc30c055f88bfb5483,,EXACT_CANONICAL_FOUND,Chenopodium exsuccum,Chenopodium exsuccum,(C.Loscos) Uotila,Synonym,,wfo-0000566915,wfo-0000601258,ccfc7e3ca85c8b80aa96eb52d4e50e07e1811d28916b544280d8a4f1a043ba72,,EXACT_CANONICAL_FOUND,Chenopodium exsuccum,Chenopodium exsuccum (Loscos) Uotila,(Loscos) Uotila,,,,FUND. BIODIVERSIDAD:ANTHOS:90077,e6e19630a9415359fba90888864d17313873a984ac79a3677c1d62aac943f991,
599,AMARANTHACEAE,Chenopodium hybridum,NO_API_TAXON,False,KEEP_TAXONIC_RESPONSE,2026-08-19T17:29:43.535501+00:00,EXACT_CANONICAL_FOUND,Chenopodium hybridum,Chenopodium × hybridum,E.H.L.Krause,Unplaced,,,2717443,6ff1e084d7e1de5bce526a9952c96fbb0f13b4f2c615b0fc30c055f88bfb5483,,EXACT_CANONICAL_FOUND,Chenopodium hybridum,Chenopodium hybridum,L.,Accepted,,,wfo-0000601402,ccfc7e3ca85c8b80aa96eb52d4e50e07e1811d28916b544280d8a4f1a043ba72,,EXACT_CANONICAL_FOUND,Chenopodium hybridum,Chenopodium hybridum L.,L.,,,,FUND. BIODIVERSIDAD:ANTHOS:40984,e6e19630a9415359fba90888864d17313873a984ac79a3677c1d62aac943f991,
600,AMARANTHACEAE,Chenopodium murale,NO_API_TAXON,False,KEEP_TAXONIC_RESPONSE,2026-08-19T17:29:43.535510+00:00,EXACT_CANONICAL_FOUND,Chenopodium murale,Chenopodium murale,L.,Synonym,,2913109,2717567,6ff1e084d7e1de5bce526a9952c96fbb0f13b4f2c615b0fc30c055f88bfb5483,,EXACT_CANONICAL_FOUND,Chenopodium murale,Chenopodium murale,L.,Accepted,,,wfo-0000601534,ccfc7e3ca85c8b80aa96eb52d4e50e07e1811d28916b544280d8a4f1a043ba72,,EXACT_CANONICAL_FOUND,Chenopodium murale,Chenopodium murale L.,L.,,,,FUND. BIODIVERSIDAD:ANTHOS:1125145,e6e19630a9415359fba90888864d17313873a984ac79a3677c1d62aac943f991,
603,AMARANTHACEAE,Chenopodium urbicum,NO_API_TAXON,False,KEEP_TAXONIC_RESPONSE,2026-08-19T17:29:43.535521+00:00,EXACT_CANONICAL_FOUND,Chenopodium urbicum,Chenopodium urbicum,L.,Synonym,,2914518,2717897,6ff1e084d7e1de5bce526a9952c96fbb0f13b4f2c615b0fc30c055f88bfb5483,,EXACT_CANONICAL_FOUND,Chenopodium urbicum,Chenopodium urbicum,L.,Synonym,,wfo-0001302718,wfo-0000601889,ccfc7e3ca85c8b80aa96eb52d4e50e07e1811d28916b544280d8a4f1a043ba72,,EXACT_CANONICAL_FOUND,Chenopodium urbicum,Chenopodium urbicum L.,L.,,,,FUND. BIODIVERSIDAD:ANTHOS:44694,e6e19630a9415359fba90888864d17313873a984ac79a3677c1d62aac943f991,
608,SAXIFRAGACEAE,Chrysosplenium oppositifolium,NO_API_TAXON,False,KEEP_TAXONIC_RESPONSE,2026-08-19T17:29:43.535531+00:00,EXACT_CANONICAL_FOUND,Chrysosplenium oppositifolium,Chrysosplenium oppositifolium,L.,Accepted,,2720223,2720223,6ff1e084d7e1de5bce526a9952c96fbb0f13b4f2c615b0fc30c055f88bfb5483,,EXACT_CANONICAL_FOUND,Chrysosplenium oppositifolium,Chrysosplenium oppositifolium,L.,Accepted,,,wfo-0000604047,ccfc7e3ca85c8b80aa96eb52d4e50e07e1811d28916b544280d8a4f1a043ba72,,EXACT_CANONICAL_FOUND,Chrysosplenium oppositifolium,Chrysosplenium oppositifolium L.,L.,,,,FUND. BIODIVERSIDAD:ANTHOS:23714,e6e19630a9415359fba90888864d17313873a984ac79a3677c1d62aac943f991,
610,FABACEAE,Cicer arietinum,NO_API_TAXON,False,KEEP_TAXONIC_RESPONSE,2026-08-19T17:29:43.535545+00:00,EXACT_CANONICAL_FOUND,Cicer arietinum,Cicer arietinum,L.,Accepted,,2720549,2720549,6ff1e084d7e1de5bce526a9952c96fbb0f13b4f2c615b0fc30c055f88bfb5483,,EXACT_CANONICAL_FOUND,Cicer arietinum,Cicer arietinum,L.,Accepted,,,wfo-0000196617,ccfc7e3ca85c8b80aa96eb52d4e50e07e1811d28916b544280d8a4f1a043ba72,,EXACT_CANONICAL_FOUND,Cicer arietinum,Cicer arietinum L.,L.,,,,FUND. BIODIVERSIDAD:ANTHOS:47715,e6e19630a9415359fba90888864d17313873a984ac79a3677c1d62aac943f991,
614,ASTERACEAE,Cirsium echinatum,NO_API_TAXON,False,KEEP_TAXONIC_RESPONSE,2026-08-19T17:29:43.535555+00:00,EXACT_CANONICAL_FOUND,Cirsium echinatum,Cirsium echinatum,(Desf.) DC.,Accepted,,3041648,3041648,6ff1e084d7e1de5bce526a9952c96fbb0f13b4f2c615b0fc30c055f88bfb5483,,EXACT_CANONICAL_FOUND,Cirsium echinatum,Cirsium echinatum,DC.,Accepted,,,wfo-0000001536,ccfc7e3ca85c8b80aa96eb52d4e50e07e1811d28916b544280d8a4f1a043ba72,,EXACT_CANONICAL_FOUND,Cirsium echinatum,Cirsium echinatum (Desf.) DC. in Lam. & DC.,(Desf.) DC. in Lam. & DC.,,,,FUND. BIODIVERSIDAD:ANTHOS:33771,e6e19630a9415359fba90888864d17313873a984ac79a3677c1d62aac943f991,
616,ASTERACEAE,Cirsium ferox,NO_API_TAXON,False,KEEP_TAXONIC_RESPONSE,2026-08-19T17:29:43.535566+00:00,EXACT_CANONICAL_FOUND,Cirsium ferox,Cirsium ferox,Schur ex Nyman,Invalid,,3041453,3041528,6ff1e084d7e1de5bce526a9952c96fbb0f13b4f2c615b0fc30c055f88bfb5483,,EXACT_CANONICAL_FOUND,Cirsium ferox,Cirsium ferox,Schur ex Nyman,Synonym,,wfo-0000133849,wfo-0000005463,ccfc7e3ca85c8b80aa96eb52d4e50e07e1811d28916b544280d8a4f1a043ba72,,EXACT_CANONICAL_FOUND,Cirsium ferox,Cirsium ferox (L.) DC. in Lam. & DC.,(L.) DC. in Lam. & DC.,,,,FUND. BIODIVERSIDAD:ANTHOS:117980,e6e19630a9415359fba90888864d17313873a984ac79a3677c1d62aac943f991,
617,ASTERACEAE,Cirsium filipendulum,NO_API_TAXON,False,KEEP_TAXONIC_RESPONSE,2026-08-19T17:29:43.535576+00:00,EXACT_CANONICAL_FOUND,Cirsium filipendulum,Cirsium filipendulum,Engelm.,Synonym,,3041309,3041305,6ff1e084d7e1de5bce526a9952c96fbb0f13b4f2c615b0fc30c055f88bfb5483,,EXACT_CANONICAL_FOUND,Cirsium filipendulum,Cirsium filipendulum,Lange,Accepted,,,wfo-0000030124,ccfc7e3ca85c8b80aa96eb52d4e50e07e1811d28916b544280d8a4f1a043ba72,,EXACT_CANONICAL_FOUND,Cirsium filipendulum,Cirsium filipendulum Lange,Lange,,,,FUND. BIODIVERSIDAD:ANTHOS:33792,e6e19630a9415359fba90888864d17313873a984ac79a3677c1d62aac943f991,
618,ASTERACEAE,Cirsium monspessulanum,NO_API_TAXON,False,KEEP_TAXONIC_RESPONSE,2026-08-19T17:29:43.535586+00:00,EXACT_CANONICAL_FOUND,Cirsium monspessulanum,Cirsium monspessulanum,(L.) Hill,Accepted,,3041978,3041978,6ff1e084d7e1de5bce526a9952c96fbb0f13b4f2c615b0fc30c055f88bfb5483,,EXACT_CANONICAL_FOUND,Cirsium monspessulanum,Cirsium monspessulanum,Hill.,Accepted,,,wfo-0000052833,ccfc7e3ca85c8b80aa96eb52d4e50e07e1811d28916b544280d8a4f1a043ba72,,EXACT_CANONICAL_FOUND,Cirsium monspessulanum,Cirsium monspessulanum (L.) Hill,(L.) Hill,,,,FUND. BIODIVERSIDAD:ANTHOS:40346,e6e19630a9415359fba90888864d17313873a984ac79a3677c1d62aac943f991,
619,ASTERACEAE,Cirsium odontolepis,NO_API_TAXON,False,KEEP_TAXONIC_RESPONSE,2026-08-19T17:29:43.535596+00:00,EXACT_CANONICAL_FOUND,Cirsium odontolepis,Cirsium odontolepis,Boiss. ex DC.,Accepted,,3042177,3042177,6ff1e084d7e1de5bce526a9952c96fbb0f13b4f2c615b0fc30c055f88bfb5483,,EXACT_CANONICAL_FOUND,Cirsium odontolepis,Cirsium odontolepis,Boiss. ex DC.,Accepted,,,wfo-0000008880,ccfc7e3ca85c8b80aa96eb52d4e50e07e1811d28916b544280d8a4f1a043ba72,,EXACT_CANONICAL_FOUND,Cirsium odontolepis,Cirsium odontolepis Boiss. ex DC.,Boiss. ex DC.,,,,FUND. BIODIVERSIDAD:ANTHOS:33769,e6e19630a9415359fba90888864d17313873a984ac79a3677c1d62aac943f991,
620,ASTERACEAE,Cirsium palustre,NO_API_TAXON,False,KEEP_TAXONIC_RESPONSE,2026-08-19T17:29:43.535607+00:00,EXACT_CANONICAL_FOUND,Cirsium palustre,Cirsium × palustre,Coss. ex Willk. & Lange,Invalid,,3041436,3041435,6ff1e084d7e1de5bce526a9952c96fbb0f13b4f2c615b0fc30c055f88bfb5483,,EXACT_CANONICAL_FOUND,Cirsium palustre,Cirsium palustre,(L.) Scop.,Accepted,,,wfo-0000043760,ccfc7e3ca85c8b80aa96eb52d4e50e07e1811d28916b544280d8a4f1a043ba72,,EXACT_CANONICAL_FOUND,Cirsium palustre,Cirsium palustre (L.) Scop.,(L.) Scop.,,,,FUND. BIODIVERSIDAD:ANTHOS:1124777,e6e19630a9415359fba90888864d17313873a984ac79a3677c1d62aac943f991,
621,ASTERACEAE,Cirsium pyrenaicum,NO_API_TAXON,False,KEEP_TAXONIC_RESPONSE,2026-08-19T17:29:43.535616+00:00,EXACT_CANONICAL_FOUND,Cirsium pyrenaicum,Cirsium pyrenaicum,(Jacq.) All.,Accepted,,3042359,3042359,6ff1e084d7e1de5bce526a9952c96fbb0f13b4f2c615b0fc30c055f88bfb5483,,EXACT_CANONICAL_FOUND,Cirsium pyrenaicum,Cirsium pyrenaicum,(Jacq.) All.,Accepted,,,wfo-0000093570,ccfc7e3ca85c8b80aa96eb52d4e50e07e1811d28916b544280d8a4f1a043ba72,,EXACT_CANONICAL_FOUND,Cirsium pyrenaicum,Cirsium pyrenaicum (Jacq.) All.,(Jacq.) All.,,,,FUND. BIODIVERSIDAD:ANTHOS:33847,e6e19630a9415359fba90888864d17313873a984ac79a3677c1d62aac943f991,
622,ASTERACEAE,Cirsium richterianum subsp. giraudiasii,NO_API_TAXON,False,KEEP_TAXONIC_RESPONSE,2026-08-19T17:29:43.535627+00:00,EXACT_CANONICAL_FOUND,Cirsium richterianum subsp. giraudiasii,Cirsium richterianum subsp. giraudiasii,(Sennen & Pau) Talavera & Valdés,Accepted,,3042433,3042433,6ff1e084d7e1de5bce526a9952c96fbb0f13b4f2c615b0fc30c055f88bfb5483,,EXACT_CANONICAL_FOUND,Cirsium richterianum subsp. giraudiasii,Cirsium richterianum subsp. giraudiasii,(Sennen & Pau) Talavera & Valdés,Accepted,,,wfo-0000106120,ccfc7e3ca85c8b80aa96eb52d4e50e07e1811d28916b544280d8a4f1a043ba72,,EXACT_CANONICAL_FOUND,Cirsium richterianum subsp. giraudiasii,Cirsium richterianum subsp. giraudiasii (Sennen & Pau) Talavera & Valdés,(Sennen & Pau) Talavera & Valdés,,,,FUND. BIODIVERSIDAD:ANTHOS:85122,e6e19630a9415359fba90888864d17313873a984ac79a3677c1d62aac943f991,
623,ASTERACEAE,Cirsium tuberosum,NO_API_TAXON,False,KEEP_TAXONIC_RESPONSE,2026-08-19T17:29:43.535637+00:00,EXACT_CANONICAL_FOUND,Cirsium tuberosum,Cirsium tuberosum,(L.) All.,Accepted,,3042667,3042667,6ff1e084d7e1de5bce526a9952c96fbb0f13b4f2c615b0fc30c055f88bfb5483,,EXACT_CANONICAL_FOUND,Cirsium tuberosum,Cirsium tuberosum,(L.) All.,Accepted,,,wfo-0000126944,ccfc7e3ca85c8b80aa96eb52d4e50e07e1811d28916b544280d8a4f1a043ba72,,EXACT_CANONICAL_FOUND,Cirsium tuberosum,Cirsium tuberosum (L.) All.,(L.) All.,,,,FUND. BIODIVERSIDAD:ANTHOS:33808,e6e19630a9415359fba90888864d17313873a984ac79a3677c1d62aac943f991,
624,ASTERACEAE,Cirsium valdespinulosum,NO_API_TAXON,False,KEEP_TAXONIC_RESPONSE,2026-08-19T17:29:43.535649+00:00,EXACT_CANONICAL_FOUND,Cirsium valdespinulosum,Cirsium valdespinulosum,(Sennen) Sennen,Synonym,,3322262,3200272,6ff1e084d7e1de5bce526a9952c96fbb0f13b4f2c615b0fc30c055f88bfb5483,,EXACT_CANONICAL_FOUND,Cirsium valdespinulosum,Cirsium valdespinulosum,Sennen,Unchecked,,,wfo-0000028713,ccfc7e3ca85c8b80aa96eb52d4e50e07e1811d28916b544280d8a4f1a043ba72,,EXACT_CANONICAL_FOUND,Cirsium valdespinulosum,Cirsium valdespinulosum (Sennen) Sennen,(Sennen) Sennen,,,,FUND. BIODIVERSIDAD:ANTHOS:33863,e6e19630a9415359fba90888864d17313873a984ac79a3677c1d62aac943f991,
626,CISTACEAE,Cistus albidus,NO_API_TAXON,False,KEEP_TAXONIC_RESPONSE,2026-08-19T17:29:43.535658+00:00,EXACT_CANONICAL_FOUND,Cistus albidus,Cistus albidus,L.,Accepted,,2723264,2723264,6ff1e084d7e1de5bce526a9952c96fbb0f13b4f2c615b0fc30c055f88bfb5483,,EXACT_CANONICAL_FOUND,Cistus albidus,Cistus albidus,L.,Accepted,,,wfo-0000607197,ccfc7e3ca85c8b80aa96eb52d4e50e07e1811d28916b544280d8a4f1a043ba72,,EXACT_CANONICAL_FOUND,Cistus albidus,Cistus albidus L.,L.,,,,FUND. BIODIVERSIDAD:ANTHOS:8878,e6e19630a9415359fba90888864d17313873a984ac79a3677c1d62aac943f991,
627,CISTACEAE,Cistus clusii,NO_API_TAXON,False,KEEP_TAXONIC_RESPONSE,2026-08-19T17:29:43.535669+00:00,EXACT_CANONICAL_FOUND,Cistus clusii,Cistus clusii,Dunal,Accepted,,2723324,2723324,6ff1e084d7e1de5bce526a9952c96fbb0f13b4f2c615b0fc30c055f88bfb5483,,EXACT_CANONICAL_FOUND,Cistus clusii,Cistus clusii,Dunal,Accepted,,,wfo-0000607261,ccfc7e3ca85c8b80aa96eb52d4e50e07e1811d28916b544280d8a4f1a043ba72,,EXACT_CANONICAL_FOUND,Cistus clusii,Cistus clusii Dunal in DC.,Dunal in DC.,,,,FUND. BIODIVERSIDAD:ANTHOS:56501,e6e19630a9415359fba90888864d17313873a984ac79a3677c1d62aac943f991,
629,CISTACEAE,Cistus populifolius,NO_API_TAXON,False,KEEP_TAXONIC_RESPONSE,2026-08-19T17:29:43.535680+00:00,EXACT_CANONICAL_FOUND,Cistus populifolius,Cistus populifolius,L.,Accepted,,2723588,2723588,6ff1e084d7e1de5bce526a9952c96fbb0f13b4f2c615b0fc30c055f88bfb5483,,EXACT_CANONICAL_FOUND,Cistus populifolius,Cistus populifolius,L.,Accepted,,,wfo-0000607532,ccfc7e3ca85c8b80aa96eb52d4e50e07e1811d28916b544280d8a4f1a043ba72,,EXACT_CANONICAL_FOUND,Cistus populifolius,Cistus populifolius L.,L.,,,,FUND. BIODIVERSIDAD:ANTHOS:60307,e6e19630a9415359fba90888864d17313873a984ac79a3677c1d62aac943f991,
630,CISTACEAE,Cistus salvifolius,NO_API_TAXON,False,NO_RESPONSE_ALL_THREE,2026-08-19T17:29:43.535688+00:00,EXACT_CANONICAL_NOT_FOUND,,,,,,,,6ff1e084d7e1de5bce526a9952c96fbb0f13b4f2c615b0fc30c055f88bfb5483,,EXACT_CANONICAL_NOT_FOUND,,,,,,,,ccfc7e3ca85c8b80aa96eb52d4e50e07e1811d28916b544280d8a4f1a043ba72,,EXACT_CANONICAL_NOT_FOUND,,,,,,,,e6e19630a9415359fba90888864d17313873a984ac79a3677c1d62aac943f991,
637,BRASSICACEAE,Clypeola jonthlaspi subsp. microcarpa,NO_EXACT_MATCH,False,KEEP_TAXONIC_RESPONSE,2026-08-19T17:29:43.535699+00:00,EXACT_CANONICAL_FOUND,Clypeola jonthlaspi subsp. microcarpa,Clypeola jonthlaspi subsp. microcarpa,(Moris) Arcang.,Synonym,,2728743,2728749,6ff1e084d7e1de5bce526a9952c96fbb0f13b4f2c615b0fc30c055f88bfb5483,,EXACT_CANONICAL_FOUND,Clypeola jonthlaspi subsp. microcarpa,Clypeola jonthlaspi subsp. microcarpa,(Moris) Arcang.,Synonym,,wfo-0000612598,wfo-0000612604,ccfc7e3ca85c8b80aa96eb52d4e50e07e1811d28916b544280d8a4f1a043ba72,,EXACT_CANONICAL_FOUND,Clypeola jonthlaspi subsp. microcarpa,Clypeola jonthlaspi subsp. microcarpa (Moris) Arcang.,(Moris) Arcang.,,,,FUND. BIODIVERSIDAD:ANTHOS:22904,e6e19630a9415359fba90888864d17313873a984ac79a3677c1d62aac943f991,
644,FABACEAE,Colutea atlantica,NO_API_TAXON,False,KEEP_TAXONIC_RESPONSE,2026-08-19T17:29:43.535709+00:00,EXACT_CANONICAL_FOUND,Colutea atlantica,Colutea atlantica,Browicz,Accepted,,2732080,2732080,6ff1e084d7e1de5bce526a9952c96fbb0f13b4f2c615b0fc30c055f88bfb5483,,EXACT_CANONICAL_FOUND,Colutea atlantica,Colutea atlantica,Browicz,Accepted,,,wfo-0000212589,ccfc7e3ca85c8b80aa96eb52d4e50e07e1811d28916b544280d8a4f1a043ba72,,EXACT_CANONICAL_NOT_FOUND,,,,,,,,e6e19630a9415359fba90888864d17313873a984ac79a3677c1d62aac943f991,
645,FABACEAE,Colutea brevialata,NO_API_TAXON,False,KEEP_TAXONIC_RESPONSE,2026-08-19T17:29:43.535724+00:00,EXACT_CANONICAL_FOUND,Colutea brevialata,Colutea brevialata,Lange,Accepted,,2732086,2732086,6ff1e084d7e1de5bce526a9952c96fbb0f13b4f2c615b0fc30c055f88bfb5483,,EXACT_CANONICAL_FOUND,Colutea brevialata,Colutea brevialata,Lange,Accepted,,,wfo-0000191045,ccfc7e3ca85c8b80aa96eb52d4e50e07e1811d28916b544280d8a4f1a043ba72,,EXACT_CANONICAL_FOUND,Colutea brevialata,Colutea brevialata Lange,Lange,,,,FUND. BIODIVERSIDAD:ANTHOS:182549,e6e19630a9415359fba90888864d17313873a984ac79a3677c1d62aac943f991,
647,APIACEAE,Conopodium arvense,NO_API_TAXON,False,KEEP_TAXONIC_RESPONSE,2026-08-19T17:29:43.535738+00:00,EXACT_CANONICAL_FOUND,Conopodium arvense,Conopodium arvense,(Coss.) Calest.,Accepted,,2735339,2735339,6ff1e084d7e1de5bce526a9952c96fbb0f13b4f2c615b0fc30c055f88bfb5483,,EXACT_CANONICAL_FOUND,Conopodium arvense,Conopodium arvense,(Coss.) Calest.,Accepted,,,wfo-0000619202,ccfc7e3ca85c8b80aa96eb52d4e50e07e1811d28916b544280d8a4f1a043ba72,,EXACT_CANONICAL_FOUND,Conopodium arvense,Conopodium arvense (Coss.) Calest.,(Coss.) Calest.,,,,FUND. BIODIVERSIDAD:ANTHOS:27901,e6e19630a9415359fba90888864d17313873a984ac79a3677c1d62aac943f991,
648,APIACEAE,Conopodium bourgaei,NO_API_TAXON,False,KEEP_TAXONIC_RESPONSE,2026-08-19T17:29:43.535752+00:00,EXACT_CANONICAL_FOUND,Conopodium bourgaei,Conopodium bourgaei,Coss.,Synonym,,2735398,2735344,6ff1e084d7e1de5bce526a9952c96fbb0f13b4f2c615b0fc30c055f88bfb5483,,EXACT_CANONICAL_FOUND,Conopodium bourgaei,Conopodium bourgaei,Coss.,Synonym,,wfo-0000619262,wfo-0000619207,ccfc7e3ca85c8b80aa96eb52d4e50e07e1811d28916b544280d8a4f1a043ba72,,EXACT_CANONICAL_NOT_FOUND,,,,,,,,e6e19630a9415359fba90888864d17313873a984ac79a3677c1d62aac943f991,
649,APIACEAE,Conopodium capillifolium,NO_API_TAXON,False,KEEP_TAXONIC_RESPONSE,2026-08-19T17:29:43.535772+00:00,EXACT_CANONICAL_FOUND,Conopodium capillifolium,Conopodium capillifolium,(Guss.) Boiss.,Synonym,,2822517,2735359,6ff1e084d7e1de5bce526a9952c96fbb0f13b4f2c615b0fc30c055f88bfb5483,,EXACT_CANONICAL_FOUND,Conopodium capillifolium,Conopodium capillifolium,(Guss.) Boiss.,Synonym,,wfo-0000699694,wfo-0000619222,ccfc7e3ca85c8b80aa96eb52d4e50e07e1811d28916b544280d8a4f1a043ba72,,EXACT_CANONICAL_NOT_FOUND,,,,,,,,e6e19630a9415359fba90888864d17313873a984ac79a3677c1d62aac943f991,
650,APIACEAE,Conopodium majus subsp. marizianum,NO_API_TAXON,False,KEEP_TAXONIC_RESPONSE,2026-08-19T17:29:43.535789+00:00,EXACT_CANONICAL_FOUND,Conopodium majus subsp. marizianum,Conopodium majus subsp. marizianum,(Samp.) López Udias & Mateo,Accepted,,2735381,2735381,6ff1e084d7e1de5bce526a9952c96fbb0f13b4f2c615b0fc30c055f88bfb5483,,EXACT_CANONICAL_FOUND,Conopodium majus subsp. marizianum,Conopodium majus subsp. marizianum,(Samp.) López Udias & Mateo,Accepted,,,wfo-0000619244,ccfc7e3ca85c8b80aa96eb52d4e50e07e1811d28916b544280d8a4f1a043ba72,,EXACT_CANONICAL_FOUND,Conopodium majus subsp. marizianum,Conopodium majus subsp. marizianum (Samp.) López Udias & Mateo,(Samp.) López Udias & Mateo,,,,FUND. BIODIVERSIDAD:ANTHOS:1124673,e6e19630a9415359fba90888864d17313873a984ac79a3677c1d62aac943f991,
651,APIACEAE,Conopodium pyrenaeum,NO_API_TAXON,False,KEEP_TAXONIC_RESPONSE,2026-08-19T17:29:43.535804+00:00,EXACT_CANONICAL_FOUND,Conopodium pyrenaeum,Conopodium pyrenaeum,(Loisel.) Miégev.,Accepted,,2735398,2735398,6ff1e084d7e1de5bce526a9952c96fbb0f13b4f2c615b0fc30c055f88bfb5483,,EXACT_CANONICAL_FOUND,Conopodium pyrenaeum,Conopodium pyrenaeum,Jeanb. & Timb.-Lagr.,Accepted,,,wfo-0000619262,ccfc7e3ca85c8b80aa96eb52d4e50e07e1811d28916b544280d8a4f1a043ba72,,EXACT_CANONICAL_FOUND,Conopodium pyrenaeum,Conopodium pyrenaeum (Loisel.) Miégev.,(Loisel.) Miégev.,,,,FUND. BIODIVERSIDAD:ANTHOS:27910,e6e19630a9415359fba90888864d17313873a984ac79a3677c1d62aac943f991,
652,APIACEAE,Conopodium ramosum,NO_API_TAXON,False,KEEP_TAXONIC_RESPONSE,2026-08-19T17:29:43.535817+00:00,EXACT_CANONICAL_FOUND,Conopodium ramosum,Conopodium ramosum,Costa,Synonym,,2735339,2735400,6ff1e084d7e1de5bce526a9952c96fbb0f13b4f2c615b0fc30c055f88bfb5483,,EXACT_CANONICAL_FOUND,Conopodium ramosum,Conopodium ramosum,Costa,Synonym,,wfo-0000619202,wfo-0000619266,ccfc7e3ca85c8b80aa96eb52d4e50e07e1811d28916b544280d8a4f1a043ba72,,EXACT_CANONICAL_NOT_FOUND,,,,,,,,e6e19630a9415359fba90888864d17313873a984ac79a3677c1d62aac943f991,
653,APIACEAE,Conopodium subcarneum,NO_API_TAXON,False,KEEP_TAXONIC_RESPONSE,2026-08-19T17:29:43.535831+00:00,EXACT_CANONICAL_FOUND,Conopodium subcarneum,Conopodium subcarneum,Bourg.,Illegitimate,,2735398,2735411,6ff1e084d7e1de5bce526a9952c96fbb0f13b4f2c615b0fc30c055f88bfb5483,,EXACT_CANONICAL_FOUND,Conopodium subcarneum,Conopodium subcarneum,Boiss. & Reut. ex Boiss.,Accepted,,,wfo-0000619277,ccfc7e3ca85c8b80aa96eb52d4e50e07e1811d28916b544280d8a4f1a043ba72,,EXACT_CANONICAL_FOUND,Conopodium subcarneum,Conopodium subcarneum (Boiss. & Reut.) Boiss. & Reut. in Boiss.,(Boiss. & Reut.) Boiss. & Reut. in Boiss.,,,,FUND. BIODIVERSIDAD:ANTHOS:67904,e6e19630a9415359fba90888864d17313873a984ac79a3677c1d62aac943f991,
655,RANUNCULACEAE,Consolida pubescens,NO_API_TAXON,False,KEEP_TAXONIC_RESPONSE,2026-08-19T17:29:43.535847+00:00,EXACT_CANONICAL_FOUND,Consolida pubescens,Consolida pubescens,(DC.) Soó,Synonym,,2760280,2735703,6ff1e084d7e1de5bce526a9952c96fbb0f13b4f2c615b0fc30c055f88bfb5483,,EXACT_CANONICAL_FOUND,Consolida pubescens,Consolida pubescens,Soó,Synonym,,wfo-0000640612,wfo-0000619569,ccfc7e3ca85c8b80aa96eb52d4e50e07e1811d28916b544280d8a4f1a043ba72,,EXACT_CANONICAL_FOUND,Consolida pubescens,Consolida pubescens (DC.) Soó,(DC.) Soó,,,,FUND. BIODIVERSIDAD:ANTHOS:21907,e6e19630a9415359fba90888864d17313873a984ac79a3677c1d62aac943f991,
659,CONVOLVULACEAE,Convolvulus lanuginosus,NO_API_TAXON,False,KEEP_TAXONIC_RESPONSE,2026-08-19T17:29:43.535863+00:00,EXACT_CANONICAL_FOUND,Convolvulus lanuginosus,Convolvulus lanuginosus,Aitch.,Misapplied,,483697,484413,6ff1e084d7e1de5bce526a9952c96fbb0f13b4f2c615b0fc30c055f88bfb5483,,EXACT_CANONICAL_FOUND,Convolvulus lanuginosus,Convolvulus lanuginosus,Desr.,Accepted,,,wfo-0001283488,ccfc7e3ca85c8b80aa96eb52d4e50e07e1811d28916b544280d8a4f1a043ba72,,EXACT_CANONICAL_FOUND,Convolvulus lanuginosus,Convolvulus lanuginosus Desr. in Lam.,Desr. in Lam.,,,,FUND. BIODIVERSIDAD:ANTHOS:182766,e6e19630a9415359fba90888864d17313873a984ac79a3677c1d62aac943f991,
662,PRIMULACEAE,Coris monspeliensis subsp. fontqueri,NO_EXACT_MATCH,False,KEEP_TAXONIC_RESPONSE,2026-08-19T17:29:43.535969+00:00,EXACT_CANONICAL_FOUND,Coris monspeliensis subsp. fontqueri,Coris monspeliensis subsp. fontqueri,Masclans,Synonym,,3263100,2737615,6ff1e084d7e1de5bce526a9952c96fbb0f13b4f2c615b0fc30c055f88bfb5483,,EXACT_CANONICAL_FOUND,Coris monspeliensis subsp. fontqueri,Coris monspeliensis subsp. fontqueri,Masclans,Synonym,,wfo-1200070328,wfo-0000621343,ccfc7e3ca85c8b80aa96eb52d4e50e07e1811d28916b544280d8a4f1a043ba72,,EXACT_CANONICAL_FOUND,Coris monspeliensis subsp. fontqueri,Coris monspeliensis subsp. fontqueri Masclans,Masclans,,,,FUND. BIODIVERSIDAD:ANTHOS:928246,e6e19630a9415359fba90888864d17313873a984ac79a3677c1d62aac943f991,
664,CORNACEAE,Cornus sanguinea subsp. sanguinea,NO_EXACT_MATCH,False,KEEP_TAXONIC_RESPONSE,2026-08-19T17:29:43.535987+00:00,EXACT_CANONICAL_FOUND,Cornus sanguinea subsp. sanguinea,Cornus sanguinea subsp. sanguinea,,Accepted,,47500,47500,6ff1e084d7e1de5bce526a9952c96fbb0f13b4f2c615b0fc30c055f88bfb5483,,EXACT_CANONICAL_FOUND,Cornus sanguinea subsp. sanguinea,Cornus sanguinea subsp. sanguinea,,Accepted,,,wfo-0000924834,ccfc7e3ca85c8b80aa96eb52d4e50e07e1811d28916b544280d8a4f1a043ba72,,EXACT_CANONICAL_FOUND,Cornus sanguinea subsp. sanguinea,Cornus sanguinea subsp. sanguinea L.,L.,,,,FUND. BIODIVERSIDAD:ANTHOS:27703,e6e19630a9415359fba90888864d17313873a984ac79a3677c1d62aac943f991,
665,FABACEAE,Coronilla glauca,NO_API_TAXON,False,KEEP_TAXONIC_RESPONSE,2026-08-19T17:29:43.536004+00:00,EXACT_CANONICAL_FOUND,Coronilla glauca,Coronilla glauca,L.,Synonym,,2738044,2737956,6ff1e084d7e1de5bce526a9952c96fbb0f13b4f2c615b0fc30c055f88bfb5483,,EXACT_CANONICAL_FOUND,Coronilla glauca,Coronilla glauca,L.,Synonym,,wfo-0000205303,wfo-0000205314,ccfc7e3ca85c8b80aa96eb52d4e50e07e1811d28916b544280d8a4f1a043ba72,,EXACT_CANONICAL_FOUND,Coronilla glauca,Coronilla glauca L.,L.,,,,FUND. BIODIVERSIDAD:ANTHOS:25726,e6e19630a9415359fba90888864d17313873a984ac79a3677c1d62aac943f991,
666,FABACEAE,Coronilla minima,NO_API_TAXON,False,KEEP_TAXONIC_RESPONSE,2026-08-19T17:29:43.536016+00:00,EXACT_CANONICAL_FOUND,Coronilla minima,Coronilla minima,L.,Accepted,,2737979,2737979,6ff1e084d7e1de5bce526a9952c96fbb0f13b4f2c615b0fc30c055f88bfb5483,,EXACT_CANONICAL_FOUND,Coronilla minima,Coronilla minima,L.,Accepted,,,wfo-0000205204,ccfc7e3ca85c8b80aa96eb52d4e50e07e1811d28916b544280d8a4f1a043ba72,,EXACT_CANONICAL_FOUND,Coronilla minima,Coronilla minima L.,L.,,,,FUND. BIODIVERSIDAD:ANTHOS:25735,e6e19630a9415359fba90888864d17313873a984ac79a3677c1d62aac943f991,
667,FABACEAE,Coronilla minima subsp. lotoides,NO_API_TAXON,False,KEEP_TAXONIC_RESPONSE,2026-08-19T17:29:43.536035+00:00,EXACT_CANONICAL_FOUND,Coronilla minima subsp. lotoides,Coronilla minima subsp. lotoides,(W.D.J.Koch) Nyman,Accepted,,2737980,2737980,6ff1e084d7e1de5bce526a9952c96fbb0f13b4f2c615b0fc30c055f88bfb5483,,EXACT_CANONICAL_FOUND,Coronilla minima subsp. lotoides,Coronilla minima subsp. lotoides,(W.D.J.Koch) Nyman,Accepted,,,wfo-0000191289,ccfc7e3ca85c8b80aa96eb52d4e50e07e1811d28916b544280d8a4f1a043ba72,,EXACT_CANONICAL_FOUND,Coronilla minima subsp. lotoides,Coronilla minima subsp. lotoides (W.D.J. Koch) Nyman,(W.D.J. Koch) Nyman,,,,FUND. BIODIVERSIDAD:ANTHOS:85536,e6e19630a9415359fba90888864d17313873a984ac79a3677c1d62aac943f991,
669,FABACEAE,Coronilla valentina subsp. glauca,NO_EXACT_MATCH,False,KEEP_TAXONIC_RESPONSE,2026-08-19T17:29:43.536049+00:00,EXACT_CANONICAL_FOUND,Coronilla valentina subsp. glauca,Coronilla valentina subsp. glauca,(L.) Batt.,Accepted,,2738044,2738044,6ff1e084d7e1de5bce526a9952c96fbb0f13b4f2c615b0fc30c055f88bfb5483,,EXACT_CANONICAL_FOUND,Coronilla valentina subsp. glauca,Coronilla valentina subsp. glauca,(L.) Batt.,Accepted,,,wfo-0000205303,ccfc7e3ca85c8b80aa96eb52d4e50e07e1811d28916b544280d8a4f1a043ba72,,EXACT_CANONICAL_NOT_FOUND,,,,,,,,e6e19630a9415359fba90888864d17313873a984ac79a3677c1d62aac943f991,
670,BRASSICACEAE,Coronopus didymus,NO_API_TAXON,False,KEEP_TAXONIC_RESPONSE,2026-08-19T17:29:43.536064+00:00,EXACT_CANONICAL_FOUND,Coronopus didymus,Coronopus didymus,(L.) Sm.,Synonym,,2337750,2738076,6ff1e084d7e1de5bce526a9952c96fbb0f13b4f2c615b0fc30c055f88bfb5483,,EXACT_CANONICAL_FOUND,Coronopus didymus,Coronopus didymus,(L.) Sm.,Synonym,,wfo-0000358253,wfo-0000621702,ccfc7e3ca85c8b80aa96eb52d4e50e07e1811d28916b544280d8a4f1a043ba72,,EXACT_CANONICAL_FOUND,Coronopus didymus,Coronopus didymus (L.) Sm.,(L.) Sm.,,,,FUND. BIODIVERSIDAD:ANTHOS:23207,e6e19630a9415359fba90888864d17313873a984ac79a3677c1d62aac943f991,
673,CARYOPHYLLACEAE,Corrigiola litoralis subsp. litoralis,NO_EXACT_MATCH,False,KEEP_TAXONIC_RESPONSE,2026-08-19T17:29:43.536079+00:00,EXACT_CANONICAL_FOUND,Corrigiola litoralis subsp. litoralis,Corrigiola litoralis subsp. litoralis,,Accepted,,3263116,3263116,6ff1e084d7e1de5bce526a9952c96fbb0f13b4f2c615b0fc30c055f88bfb5483,,EXACT_CANONICAL_FOUND,Corrigiola litoralis subsp. litoralis,Corrigiola litoralis subsp. litoralis,,Synonym,,wfo-0001291438,wfo-0001291676,ccfc7e3ca85c8b80aa96eb52d4e50e07e1811d28916b544280d8a4f1a043ba72,,EXACT_CANONICAL_FOUND,Corrigiola litoralis subsp. litoralis,Corrigiola litoralis subsp. litoralis L.,L.,,,,FUND. BIODIVERSIDAD:ANTHOS:58788,e6e19630a9415359fba90888864d17313873a984ac79a3677c1d62aac943f991,
676,PAPAVERACEAE,Corydalis cava subsp. cava,NO_EXACT_MATCH,False,KEEP_TAXONIC_RESPONSE,2026-08-19T17:29:43.536094+00:00,EXACT_CANONICAL_FOUND,Corydalis cava subsp. cava,Corydalis cava subsp. cava,,Accepted,,3263129,3263129,6ff1e084d7e1de5bce526a9952c96fbb0f13b4f2c615b0fc30c055f88bfb5483,,EXACT_CANONICAL_FOUND,Corydalis cava subsp. cava,Corydalis cava subsp. cava,,Unchecked,,,wfo-1200108143,ccfc7e3ca85c8b80aa96eb52d4e50e07e1811d28916b544280d8a4f1a043ba72,,EXACT_CANONICAL_FOUND,Corydalis cava subsp. cava,Corydalis cava subsp. cava (L.) Schweigg. & Körte,(L.) Schweigg. & Körte,,,,FUND. BIODIVERSIDAD:ANTHOS:110193,e6e19630a9415359fba90888864d17313873a984ac79a3677c1d62aac943f991,
677,PAPAVERACEAE,Corydalis intermedia,NO_API_TAXON,False,KEEP_TAXONIC_RESPONSE,2026-08-19T17:29:43.536109+00:00,EXACT_CANONICAL_FOUND,Corydalis intermedia,Corydalis intermedia,(L.) Mérat,Accepted,,2738863,2738863,6ff1e084d7e1de5bce526a9952c96fbb0f13b4f2c615b0fc30c055f88bfb5483,,EXACT_CANONICAL_FOUND,Corydalis intermedia,Corydalis intermedia,(L.) Mérat,Accepted,,,wfo-0000622474,ccfc7e3ca85c8b80aa96eb52d4e50e07e1811d28916b544280d8a4f1a043ba72,,EXACT_CANONICAL_FOUND,Corydalis intermedia,Corydalis intermedia (L.) Mérat,(L.) Mérat,,,,FUND. BIODIVERSIDAD:ANTHOS:65702,e6e19630a9415359fba90888864d17313873a984ac79a3677c1d62aac943f991,
679,POACEAE,Corynephorus canescens,NO_API_TAXON,False,KEEP_TAXONIC_RESPONSE,2026-08-19T17:29:43.536123+00:00,EXACT_CANONICAL_FOUND,Corynephorus canescens,Corynephorus canescens,(L.) P.Beauv.,Accepted,,405825,405825,6ff1e084d7e1de5bce526a9952c96fbb0f13b4f2c615b0fc30c055f88bfb5483,,EXACT_CANONICAL_FOUND,Corynephorus canescens,Corynephorus canescens,(L.) P.Beauv.,Accepted,,,wfo-0000860632,ccfc7e3ca85c8b80aa96eb52d4e50e07e1811d28916b544280d8a4f1a043ba72,,EXACT_CANONICAL_FOUND,Corynephorus canescens,Corynephorus canescens (L.) P. Beauv.,(L.) P. Beauv.,,,,FUND. BIODIVERSIDAD:ANTHOS:1125000,e6e19630a9415359fba90888864d17313873a984ac79a3677c1d62aac943f991,
682,ROSACEAE,Cotoneaster horizontalis,NO_API_TAXON,False,KEEP_TAXONIC_RESPONSE,2026-08-19T17:29:43.536138+00:00,EXACT_CANONICAL_FOUND,Cotoneaster horizontalis,Cotoneaster horizontalis,Decne.,Accepted,,2944156,2944156,6ff1e084d7e1de5bce526a9952c96fbb0f13b4f2c615b0fc30c055f88bfb5483,,EXACT_CANONICAL_FOUND,Cotoneaster horizontalis,Cotoneaster horizontalis,Decne.,Accepted,,,wfo-0000984749,ccfc7e3ca85c8b80aa96eb52d4e50e07e1811d28916b544280d8a4f1a043ba72,,EXACT_CANONICAL_NOT_FOUND,,,,,,,,e6e19630a9415359fba90888864d17313873a984ac79a3677c1d62aac943f991,
688,ASTERACEAE,Crepis albida,NO_API_TAXON,False,KEEP_TAXONIC_RESPONSE,2026-08-19T17:29:43.536152+00:00,EXACT_CANONICAL_FOUND,Crepis albida,Crepis albida,Vill.,Accepted,,3056614,3056614,6ff1e084d7e1de5bce526a9952c96fbb0f13b4f2c615b0fc30c055f88bfb5483,,EXACT_CANONICAL_FOUND,Crepis albida,Crepis albida,Bory & Chaub.,Synonym,,wfo-0000134396,wfo-0000022368,ccfc7e3ca85c8b80aa96eb52d4e50e07e1811d28916b544280d8a4f1a043ba72,,EXACT_CANONICAL_FOUND,Crepis albida,Crepis albida Vill.,Vill.,,,,FUND. BIODIVERSIDAD:ANTHOS:34566,e6e19630a9415359fba90888864d17313873a984ac79a3677c1d62aac943f991,
689,ASTERACEAE,Crepis albida subsp. albida,NO_API_TAXON,False,KEEP_TAXONIC_RESPONSE,2026-08-19T17:29:43.536166+00:00,EXACT_CANONICAL_FOUND,Crepis albida subsp. albida,Crepis albida subsp. albida,,Accepted,,3056627,3056627,6ff1e084d7e1de5bce526a9952c96fbb0f13b4f2c615b0fc30c055f88bfb5483,,EXACT_CANONICAL_FOUND,Crepis albida subsp. albida,Crepis albida subsp. albida,,Accepted,,,wfo-0000106455,ccfc7e3ca85c8b80aa96eb52d4e50e07e1811d28916b544280d8a4f1a043ba72,,EXACT_CANONICAL_FOUND,Crepis albida subsp. albida,Crepis albida subsp. albida Vill.,Vill.,,,,FUND. BIODIVERSIDAD:ANTHOS:92149,e6e19630a9415359fba90888864d17313873a984ac79a3677c1d62aac943f991,
690,ASTERACEAE,Crepis albida subsp. longicaulis,NO_API_TAXON,False,KEEP_TAXONIC_RESPONSE,2026-08-19T17:29:43.536181+00:00,EXACT_CANONICAL_FOUND,Crepis albida subsp. longicaulis,Crepis albida subsp. longicaulis,Babc.,Accepted,,3056632,3056632,6ff1e084d7e1de5bce526a9952c96fbb0f13b4f2c615b0fc30c055f88bfb5483,,EXACT_CANONICAL_FOUND,Crepis albida subsp. longicaulis,Crepis albida subsp. longicaulis,Babc.,Accepted,,,wfo-1200066775,ccfc7e3ca85c8b80aa96eb52d4e50e07e1811d28916b544280d8a4f1a043ba72,,EXACT_CANONICAL_FOUND,Crepis albida subsp. longicaulis,Crepis albida subsp. longicaulis Babc.,Babc.,,,,FUND. BIODIVERSIDAD:ANTHOS:55895,e6e19630a9415359fba90888864d17313873a984ac79a3677c1d62aac943f991,
693,ASTERACEAE,Crepis lampsanoides,NO_API_TAXON,False,KEEP_TAXONIC_RESPONSE,2026-08-19T17:29:43.536196+00:00,EXACT_CANONICAL_FOUND,Crepis lampsanoides,Crepis lampsanoides,(Gouan) Tausch,Accepted,,3057093,3057093,6ff1e084d7e1de5bce526a9952c96fbb0f13b4f2c615b0fc30c055f88bfb5483,,EXACT_CANONICAL_FOUND,Crepis lampsanoides,Crepis lampsanoides,(Gouan) Tausch,Accepted,,,wfo-0000033074,ccfc7e3ca85c8b80aa96eb52d4e50e07e1811d28916b544280d8a4f1a043ba72,,EXACT_CANONICAL_FOUND,Crepis lampsanoides,Crepis lampsanoides (Gouan) Tausch,(Gouan) Tausch,,,,FUND. BIODIVERSIDAD:ANTHOS:34543,e6e19630a9415359fba90888864d17313873a984ac79a3677c1d62aac943f991,
696,ASTERACEAE,Crepis taraxacifolia,NO_API_TAXON,False,KEEP_TAXONIC_RESPONSE,2026-08-19T17:29:43.536209+00:00,EXACT_CANONICAL_FOUND,Crepis taraxacifolia,Crepis taraxacifolia,Thuill.,Synonym,,3057708,3057694,6ff1e084d7e1de5bce526a9952c96fbb0f13b4f2c615b0fc30c055f88bfb5483,,EXACT_CANONICAL_FOUND,Crepis taraxacifolia,Crepis taraxacifolia,Willd.,Synonym,,wfo-0000043912,wfo-0000068583,ccfc7e3ca85c8b80aa96eb52d4e50e07e1811d28916b544280d8a4f1a043ba72,,EXACT_CANONICAL_NOT_FOUND,,,,,,,,e6e19630a9415359fba90888864d17313873a984ac79a3677c1d62aac943f991,
698,ASTERACEAE,Crepis vesicaria subsp. vesicaria,NO_EXACT_MATCH,False,KEEP_TAXONIC_RESPONSE,2026-08-19T17:29:43.536225+00:00,EXACT_CANONICAL_FOUND,Crepis vesicaria subsp. vesicaria,Crepis vesicaria subsp. vesicaria,,Accepted,,3057464,3057464,6ff1e084d7e1de5bce526a9952c96fbb0f13b4f2c615b0fc30c055f88bfb5483,,EXACT_CANONICAL_FOUND,Crepis vesicaria subsp. vesicaria,Crepis vesicaria subsp. vesicaria,,Accepted,,,wfo-0000108574,ccfc7e3ca85c8b80aa96eb52d4e50e07e1811d28916b544280d8a4f1a043ba72,,EXACT_CANONICAL_FOUND,Crepis vesicaria subsp. vesicaria,Crepis vesicaria subsp. vesicaria L.,L.,,,,FUND. BIODIVERSIDAD:ANTHOS:81386,e6e19630a9415359fba90888864d17313873a984ac79a3677c1d62aac943f991,
700,IRIDACEAE,Crocus nudiflorus,NO_API_TAXON,False,KEEP_TAXONIC_RESPONSE,2026-08-19T17:29:43.536239+00:00,EXACT_CANONICAL_FOUND,Crocus nudiflorus,Crocus nudiflorus,Schult.,Illegitimate,,327154,327380,6ff1e084d7e1de5bce526a9952c96fbb0f13b4f2c615b0fc30c055f88bfb5483,,EXACT_CANONICAL_FOUND,Crocus nudiflorus,Crocus nudiflorus,Hohen.,Synonym,,wfo-0000789139,wfo-0000788768,ccfc7e3ca85c8b80aa96eb52d4e50e07e1811d28916b544280d8a4f1a043ba72,,EXACT_CANONICAL_FOUND,Crocus nudiflorus,Crocus nudiflorus Sm.,Sm.,,,,FUND. BIODIVERSIDAD:ANTHOS:35641,e6e19630a9415359fba90888864d17313873a984ac79a3677c1d62aac943f991,
703,RUBIACEAE,Cruciata glabra subsp. hirticaulis,NO_EXACT_MATCH,False,KEEP_TAXONIC_RESPONSE,2026-08-19T17:29:43.536255+00:00,EXACT_CANONICAL_FOUND,Cruciata glabra subsp. hirticaulis,Cruciata glabra subsp. hirticaulis,(Beck) Natali & Jeanm.,Accepted,,51741,51741,6ff1e084d7e1de5bce526a9952c96fbb0f13b4f2c615b0fc30c055f88bfb5483,,EXACT_CANONICAL_FOUND,Cruciata glabra subsp. hirticaulis,Cruciata glabra subsp. hirticaulis,(Beck) Natali & Jeanm.,Accepted,,,wfo-0000932949,ccfc7e3ca85c8b80aa96eb52d4e50e07e1811d28916b544280d8a4f1a043ba72,,EXACT_CANONICAL_FOUND,Cruciata glabra subsp. hirticaulis,"Cruciata glabra subsp. hirticaulis (Beck) Natali & Jeanm. in Jeanm., Bocquet & Burdet (eds.)","(Beck) Natali & Jeanm. in Jeanm., Bocquet & Burdet (eds.)",,,,FUND. BIODIVERSIDAD:ANTHOS:865217,e6e19630a9415359fba90888864d17313873a984ac79a3677c1d62aac943f991,
708,POACEAE,Ctenopsis delicatula,NO_API_TAXON,False,KEEP_TAXONIC_RESPONSE,2026-08-19T17:29:43.536269+00:00,EXACT_CANONICAL_FOUND,Ctenopsis delicatula,Ctenopsis delicatula,(Lag.) Paunero,Synonym,,414923,406052,6ff1e084d7e1de5bce526a9952c96fbb0f13b4f2c615b0fc30c055f88bfb5483,,EXACT_CANONICAL_FOUND,Ctenopsis delicatula,Ctenopsis delicatula,(Lag.) Paunero,Synonym,,wfo-0000870247,wfo-0000860871,ccfc7e3ca85c8b80aa96eb52d4e50e07e1811d28916b544280d8a4f1a043ba72,,EXACT_CANONICAL_FOUND,Ctenopsis delicatula,Ctenopsis delicatula (Lag.) Paunero,(Lag.) Paunero,,,,FUND. BIODIVERSIDAD:ANTHOS:1124752,e6e19630a9415359fba90888864d17313873a984ac79a3677c1d62aac943f991,
709,CARYOPHYLLACEAE,Cucubalus baccifer,NO_API_TAXON,False,KEEP_TAXONIC_RESPONSE,2026-08-19T17:29:43.536283+00:00,EXACT_CANONICAL_FOUND,Cucubalus baccifer,Cucubalus baccifer,L.,Synonym,,2485868,2746728,6ff1e084d7e1de5bce526a9952c96fbb0f13b4f2c615b0fc30c055f88bfb5483,,EXACT_CANONICAL_FOUND,Cucubalus baccifer,Cucubalus baccifer,L.,Synonym,,wfo-1000089285,wfo-0000628632,ccfc7e3ca85c8b80aa96eb52d4e50e07e1811d28916b544280d8a4f1a043ba72,,EXACT_CANONICAL_FOUND,Cucubalus baccifer,Cucubalus baccifer L.,L.,,,,FUND. BIODIVERSIDAD:ANTHOS:21664,e6e19630a9415359fba90888864d17313873a984ac79a3677c1d62aac943f991,
715,CONVOLVULACEAE,Cuscuta nivea,NO_API_TAXON,False,KEEP_TAXONIC_RESPONSE,2026-08-19T17:29:43.536297+00:00,EXACT_CANONICAL_FOUND,Cuscuta nivea,Cuscuta nivea,M.A.García,Accepted,,485586,485586,6ff1e084d7e1de5bce526a9952c96fbb0f13b4f2c615b0fc30c055f88bfb5483,,EXACT_CANONICAL_FOUND,Cuscuta nivea,Cuscuta nivea,M.A.García,Accepted,,,wfo-0001273835,ccfc7e3ca85c8b80aa96eb52d4e50e07e1811d28916b544280d8a4f1a043ba72,,EXACT_CANONICAL_FOUND,Cuscuta nivea,Cuscuta nivea M.A. García,M.A. García,,,,FUND. BIODIVERSIDAD:ANTHOS:29631,e6e19630a9415359fba90888864d17313873a984ac79a3677c1d62aac943f991,
718,ASTERACEAE,Cynara cardunculus subsp. flavescens,NO_EXACT_MATCH,False,KEEP_TAXONIC_RESPONSE,2026-08-19T17:29:43.536311+00:00,EXACT_CANONICAL_FOUND,Cynara cardunculus subsp. flavescens,Cynara cardunculus subsp. flavescens,Wiklund,Accepted,,2916413,2916413,6ff1e084d7e1de5bce526a9952c96fbb0f13b4f2c615b0fc30c055f88bfb5483,,EXACT_CANONICAL_FOUND,Cynara cardunculus subsp. flavescens,Cynara cardunculus subsp. flavescens,Wiklund,Accepted,,,wfo-0000111974,ccfc7e3ca85c8b80aa96eb52d4e50e07e1811d28916b544280d8a4f1a043ba72,,EXACT_CANONICAL_NOT_FOUND,,,,,,,,e6e19630a9415359fba90888864d17313873a984ac79a3677c1d62aac943f991,
720,BORAGINACEAE,Cynoglossum cheirifolium,NO_API_TAXON,False,KEEP_TAXONIC_RESPONSE,2026-08-19T17:29:43.536321+00:00,EXACT_CANONICAL_FOUND,Cynoglossum cheirifolium,Cynoglossum cheirifolium,L.,Accepted,,2751903,2751903,6ff1e084d7e1de5bce526a9952c96fbb0f13b4f2c615b0fc30c055f88bfb5483,,EXACT_CANONICAL_FOUND,Cynoglossum cheirifolium,Cynoglossum cheirifolium,L.,Synonym,,wfo-0000397293,wfo-0000633953,ccfc7e3ca85c8b80aa96eb52d4e50e07e1811d28916b544280d8a4f1a043ba72,,EXACT_CANONICAL_FOUND,Cynoglossum cheirifolium,Cynoglossum cheirifolium L.,L.,,,,FUND. BIODIVERSIDAD:ANTHOS:29949,e6e19630a9415359fba90888864d17313873a984ac79a3677c1d62aac943f991,
722,BORAGINACEAE,Cynoglossum dioscoridis,NO_API_TAXON,False,KEEP_TAXONIC_RESPONSE,2026-08-19T17:29:43.536349+00:00,EXACT_CANONICAL_FOUND,Cynoglossum dioscoridis,Cynoglossum dioscoridis,Vill.,Accepted,,2751938,2751938,6ff1e084d7e1de5bce526a9952c96fbb0f13b4f2c615b0fc30c055f88bfb5483,,EXACT_CANONICAL_FOUND,Cynoglossum dioscoridis,Cynoglossum dioscoridis,Vill.,Accepted,,,wfo-0000633987,ccfc7e3ca85c8b80aa96eb52d4e50e07e1811d28916b544280d8a4f1a043ba72,,EXACT_CANONICAL_FOUND,Cynoglossum dioscoridis,Cynoglossum dioscoridis Vill.,Vill.,,,,FUND. BIODIVERSIDAD:ANTHOS:29938,e6e19630a9415359fba90888864d17313873a984ac79a3677c1d62aac943f991,
723,BORAGINACEAE,Cynoglossum germanicum subsp. pellucidum,NO_API_TAXON,False,KEEP_TAXONIC_RESPONSE,2026-08-19T17:29:43.536361+00:00,EXACT_CANONICAL_FOUND,Cynoglossum germanicum subsp. pellucidum,Cynoglossum germanicum subsp. pellucidum,(Lapeyr.) Sutorý,Synonym,,2751968,2751969,6ff1e084d7e1de5bce526a9952c96fbb0f13b4f2c615b0fc30c055f88bfb5483,,EXACT_CANONICAL_FOUND,Cynoglossum germanicum subsp. pellucidum,Cynoglossum germanicum subsp. pellucidum,(Lapeyr.) Sutorý,Synonym,,wfo-0000634020,wfo-0000634021,ccfc7e3ca85c8b80aa96eb52d4e50e07e1811d28916b544280d8a4f1a043ba72,,EXACT_CANONICAL_FOUND,Cynoglossum germanicum subsp. pellucidum,Cynoglossum germanicum subsp. pellucidum (Lapeyr.) Sutorý,(Lapeyr.) Sutorý,,,,FUND. BIODIVERSIDAD:ANTHOS:1474673,e6e19630a9415359fba90888864d17313873a984ac79a3677c1d62aac943f991,
733,CYSTOPTERIDACEAE,Cystopteris dickieana,NO_API_TAXON,False,KEEP_TAXONIC_RESPONSE,2026-08-19T17:29:43.536372+00:00,EXACT_CANONICAL_FOUND,Cystopteris dickieana,Cystopteris dickieana,R.Sim,Accepted,,3147366,3147366,6ff1e084d7e1de5bce526a9952c96fbb0f13b4f2c615b0fc30c055f88bfb5483,,EXACT_CANONICAL_FOUND,Cystopteris dickieana,Cystopteris dickieana,R.Sim,Accepted,,,wfo-0001110700,ccfc7e3ca85c8b80aa96eb52d4e50e07e1811d28916b544280d8a4f1a043ba72,,EXACT_CANONICAL_FOUND,Cystopteris dickieana,Cystopteris dickieana R. Sim,R. Sim,,,,FUND. BIODIVERSIDAD:ANTHOS:53617,e6e19630a9415359fba90888864d17313873a984ac79a3677c1d62aac943f991,
735,CYSTOPTERIDACEAE,Cystopteris fragilis subsp. fragilis,NO_EXACT_MATCH,False,KEEP_TAXONIC_RESPONSE,2026-08-19T17:29:43.536382+00:00,EXACT_CANONICAL_FOUND,Cystopteris fragilis subsp. fragilis,Cystopteris fragilis subsp. fragilis,,Accepted,,3147369,3147369,6ff1e084d7e1de5bce526a9952c96fbb0f13b4f2c615b0fc30c055f88bfb5483,,EXACT_CANONICAL_FOUND,Cystopteris fragilis subsp. fragilis,Cystopteris fragilis subsp. fragilis,,Accepted,,,wfo-0001111187,ccfc7e3ca85c8b80aa96eb52d4e50e07e1811d28916b544280d8a4f1a043ba72,,EXACT_CANONICAL_FOUND,Cystopteris fragilis subsp. fragilis,Cystopteris fragilis subsp. fragilis (L.) Bernh.,(L.) Bernh.,,,,FUND. BIODIVERSIDAD:ANTHOS:19584,e6e19630a9415359fba90888864d17313873a984ac79a3677c1d62aac943f991,
736,CYSTOPTERIDACEAE,Cystopteris fragilis subsp. huteri,NO_EXACT_MATCH,False,KEEP_TAXONIC_RESPONSE,2026-08-19T17:29:43.536396+00:00,EXACT_CANONICAL_FOUND,Cystopteris fragilis subsp. huteri,Cystopteris fragilis subsp. huteri,(Hausm. ex Milde) Grinţ.,Accepted,,3248853,3248853,6ff1e084d7e1de5bce526a9952c96fbb0f13b4f2c615b0fc30c055f88bfb5483,,EXACT_CANONICAL_FOUND,Cystopteris fragilis subsp. huteri,Cystopteris fragilis subsp. huteri,(Hausm. ex Milde) Prada & Salvo,Synonym,,wfo-1200105048,wfo-0001359169,ccfc7e3ca85c8b80aa96eb52d4e50e07e1811d28916b544280d8a4f1a043ba72,,EXACT_CANONICAL_FOUND,Cystopteris fragilis subsp. huteri,Cystopteris fragilis subsp. huteri (Hausm. ex Milde) Prada & Salvo,(Hausm. ex Milde) Prada & Salvo,,,,FUND. BIODIVERSIDAD:ANTHOS:86219,e6e19630a9415359fba90888864d17313873a984ac79a3677c1d62aac943f991,
738,CYTINACEAE,Cytinus hypocistis subsp. macranthus,NO_EXACT_MATCH,False,KEEP_TAXONIC_RESPONSE,2026-08-19T17:29:43.536407+00:00,EXACT_CANONICAL_FOUND,Cytinus hypocistis subsp. macranthus,Cytinus hypocistis subsp. macranthus,Wettst.,Accepted,,2754468,2754468,6ff1e084d7e1de5bce526a9952c96fbb0f13b4f2c615b0fc30c055f88bfb5483,,EXACT_CANONICAL_FOUND,Cytinus hypocistis subsp. macranthus,Cytinus hypocistis subsp. macranthus,Wettst.,Unchecked,,,wfo-1200011104,ccfc7e3ca85c8b80aa96eb52d4e50e07e1811d28916b544280d8a4f1a043ba72,,EXACT_CANONICAL_FOUND,Cytinus hypocistis subsp. macranthus,Cytinus hypocistis subsp. macranthus Wettst.,Wettst.,,,,FUND. BIODIVERSIDAD:ANTHOS:1124637,e6e19630a9415359fba90888864d17313873a984ac79a3677c1d62aac943f991,
746,POACEAE,Dactylis hispanica,NO_API_TAXON,False,KEEP_TAXONIC_RESPONSE,2026-08-19T17:29:43.536421+00:00,EXACT_CANONICAL_FOUND,Dactylis hispanica,Dactylis hispanica,Noë ex Steud.,Invalid,,477174,406745,6ff1e084d7e1de5bce526a9952c96fbb0f13b4f2c615b0fc30c055f88bfb5483,,EXACT_CANONICAL_FOUND,Dactylis hispanica,Dactylis hispanica,Roth,Synonym,,wfo-0000861523,wfo-0000861601,ccfc7e3ca85c8b80aa96eb52d4e50e07e1811d28916b544280d8a4f1a043ba72,,EXACT_CANONICAL_NOT_FOUND,,,,,,,,e6e19630a9415359fba90888864d17313873a984ac79a3677c1d62aac943f991,
748,ORCHIDACEAE,Dactylorhiza ericetorum,NO_API_TAXON,False,KEEP_TAXONIC_RESPONSE,2026-08-19T17:29:43.536431+00:00,EXACT_CANONICAL_FOUND,Dactylorhiza ericetorum,Dactylorhiza ericetorum,(E.F.Linton) Aver.,Synonym,,55428,55277,6ff1e084d7e1de5bce526a9952c96fbb0f13b4f2c615b0fc30c055f88bfb5483,,EXACT_CANONICAL_FOUND,Dactylorhiza ericetorum,Dactylorhiza ericetorum,(E.F.Linton) Aver.,Synonym,,wfo-0000936730,wfo-0000936577,ccfc7e3ca85c8b80aa96eb52d4e50e07e1811d28916b544280d8a4f1a043ba72,,EXACT_CANONICAL_NOT_FOUND,,,,,,,,e6e19630a9415359fba90888864d17313873a984ac79a3677c1d62aac943f991,
751,ORCHIDACEAE,Dactylorhiza markusii,NO_API_TAXON,False,KEEP_TAXONIC_RESPONSE,2026-08-19T17:29:43.536441+00:00,EXACT_CANONICAL_FOUND,Dactylorhiza markusii,Dactylorhiza markusii,(Tineo) H.Baumann & Künkele,Synonym,,342554,55497,6ff1e084d7e1de5bce526a9952c96fbb0f13b4f2c615b0fc30c055f88bfb5483,,EXACT_CANONICAL_FOUND,Dactylorhiza markusii,Dactylorhiza markusii,(Tineo) H.Baumann & Künkele,Synonym,,wfo-0000804212,wfo-0000936800,ccfc7e3ca85c8b80aa96eb52d4e50e07e1811d28916b544280d8a4f1a043ba72,,EXACT_CANONICAL_NOT_FOUND,,,,,,,,e6e19630a9415359fba90888864d17313873a984ac79a3677c1d62aac943f991,
760,RANUNCULACEAE,Delphinium halteratum subsp. verdunense,NO_API_TAXON,False,KEEP_TAXONIC_RESPONSE,2026-08-19T17:29:43.536451+00:00,EXACT_CANONICAL_FOUND,Delphinium halteratum subsp. verdunense,Delphinium halteratum subsp. verdunense,(Balb.) Graebn. & P.Graebn.,Synonym,,2760547,2759859,6ff1e084d7e1de5bce526a9952c96fbb0f13b4f2c615b0fc30c055f88bfb5483,,EXACT_CANONICAL_FOUND,Delphinium halteratum subsp. verdunense,Delphinium halteratum subsp. verdunense,(Balb.) Graebn. & P.Graebn.,Synonym,,wfo-0000640893,wfo-0000640166,ccfc7e3ca85c8b80aa96eb52d4e50e07e1811d28916b544280d8a4f1a043ba72,,EXACT_CANONICAL_FOUND,Delphinium halteratum subsp. verdunense,Delphinium halteratum subsp. verdunense (Balb.) Graebn. & P. Graebn. in Asch. & Graebn.,(Balb.) Graebn. & P. Graebn. in Asch. & Graebn.,,,,FUND. BIODIVERSIDAD:ANTHOS:21903,e6e19630a9415359fba90888864d17313873a984ac79a3677c1d62aac943f991,
761,POACEAE,Deschampsia cespitosa subsp. media,NO_EXACT_MATCH,False,KEEP_TAXONIC_RESPONSE,2026-08-19T17:29:43.536464+00:00,EXACT_CANONICAL_FOUND,Deschampsia cespitosa subsp. media,Deschampsia cespitosa subsp. media,(Gouan) K.Richt.,Synonym,,407766,544093,6ff1e084d7e1de5bce526a9952c96fbb0f13b4f2c615b0fc30c055f88bfb5483,,EXACT_CANONICAL_FOUND,Deschampsia cespitosa subsp. media,Deschampsia cespitosa subsp. media,(Gouan) Husn.,Synonym,,wfo-0000862662,wfo-0000862495,ccfc7e3ca85c8b80aa96eb52d4e50e07e1811d28916b544280d8a4f1a043ba72,,EXACT_CANONICAL_FOUND,Deschampsia cespitosa subsp. media,Deschampsia cespitosa subsp. media (Gouan) Husn.,(Gouan) Husn.,,,,FUND. BIODIVERSIDAD:ANTHOS:37127,e6e19630a9415359fba90888864d17313873a984ac79a3677c1d62aac943f991,
762,POACEAE,Deschampsia cespitosa subsp. subtriflora,NO_EXACT_MATCH,False,KEEP_TAXONIC_RESPONSE,2026-08-19T17:29:43.536476+00:00,EXACT_CANONICAL_FOUND,Deschampsia cespitosa subsp. subtriflora,Deschampsia cespitosa subsp. subtriflora,(Lag.) Ehr.Bayer & G.López,Synonym,,407766,407617,6ff1e084d7e1de5bce526a9952c96fbb0f13b4f2c615b0fc30c055f88bfb5483,,EXACT_CANONICAL_FOUND,Deschampsia cespitosa subsp. subtriflora,Deschampsia cespitosa subsp. subtriflora,(Lag.) Ehr.Bayer & G.López,Synonym,,wfo-0000862662,wfo-0000862506,ccfc7e3ca85c8b80aa96eb52d4e50e07e1811d28916b544280d8a4f1a043ba72,,EXACT_CANONICAL_FOUND,Deschampsia cespitosa subsp. subtriflora,Deschampsia cespitosa subsp. subtriflora (Lag.) Ehr. Bayer & G. López,(Lag.) Ehr. Bayer & G. López,,,,FUND. BIODIVERSIDAD:ANTHOS:56063,e6e19630a9415359fba90888864d17313873a984ac79a3677c1d62aac943f991,
763,POACEAE,Deschampsia flexuosa,NO_API_TAXON,False,KEEP_TAXONIC_RESPONSE,2026-08-19T17:29:43.536486+00:00,EXACT_CANONICAL_FOUND,Deschampsia flexuosa,Deschampsia flexuosa,(L.) Trin.,Synonym,,398171,407693,6ff1e084d7e1de5bce526a9952c96fbb0f13b4f2c615b0fc30c055f88bfb5483,,EXACT_CANONICAL_FOUND,Deschampsia flexuosa,Deschampsia flexuosa,(L.) Trin.,Synonym,,wfo-0000852552,wfo-0000862584,ccfc7e3ca85c8b80aa96eb52d4e50e07e1811d28916b544280d8a4f1a043ba72,,EXACT_CANONICAL_FOUND,Deschampsia flexuosa,Deschampsia flexuosa (L.) Trin.,(L.) Trin.,,,,FUND. BIODIVERSIDAD:ANTHOS:37133,e6e19630a9415359fba90888864d17313873a984ac79a3677c1d62aac943f991,
764,POACEAE,Deschampsia hispanica,NO_API_TAXON,False,KEEP_TAXONIC_RESPONSE,2026-08-19T17:29:43.536496+00:00,EXACT_CANONICAL_FOUND,Deschampsia hispanica,Deschampsia hispanica,(Vivant) Cervi & Romo,Synonym,,477182,407726,6ff1e084d7e1de5bce526a9952c96fbb0f13b4f2c615b0fc30c055f88bfb5483,,EXACT_CANONICAL_FOUND,Deschampsia hispanica,Deschampsia hispanica,(Vivant) Cervi & Romo,Synonym,,wfo-0001096088,wfo-0000862618,ccfc7e3ca85c8b80aa96eb52d4e50e07e1811d28916b544280d8a4f1a043ba72,,EXACT_CANONICAL_NOT_FOUND,,,,,,,,e6e19630a9415359fba90888864d17313873a984ac79a3677c1d62aac943f991,
766,APIACEAE,Dethawia splendens subsp. cantabrica,NO_API_TAXON,False,KEEP_TAXONIC_RESPONSE,2026-08-19T17:29:43.536508+00:00,EXACT_CANONICAL_FOUND,Dethawia splendens subsp. cantabrica,Dethawia splendens subsp. cantabrica,(A.Bolòs) Kerguélen,Accepted,,2763155,2763155,6ff1e084d7e1de5bce526a9952c96fbb0f13b4f2c615b0fc30c055f88bfb5483,,EXACT_CANONICAL_FOUND,Dethawia splendens subsp. cantabrica,Dethawia splendens subsp. cantabrica,(A.Bolòs) Kerguélen,Accepted,,,wfo-0000642477,ccfc7e3ca85c8b80aa96eb52d4e50e07e1811d28916b544280d8a4f1a043ba72,,EXACT_CANONICAL_FOUND,Dethawia splendens subsp. cantabrica,Dethawia splendens subsp. cantabrica (A. Bolòs) Kerguélen,(A. Bolòs) Kerguélen,,,,FUND. BIODIVERSIDAD:ANTHOS:1438261,e6e19630a9415359fba90888864d17313873a984ac79a3677c1d62aac943f991,
768,CARYOPHYLLACEAE,Dianthus armeria subsp. armeria,NO_EXACT_MATCH,False,KEEP_TAXONIC_RESPONSE,2026-08-19T17:29:43.536518+00:00,EXACT_CANONICAL_NOT_FOUND,,,,,,,,6ff1e084d7e1de5bce526a9952c96fbb0f13b4f2c615b0fc30c055f88bfb5483,,EXACT_CANONICAL_FOUND,Dianthus armeria subsp. armeria,Dianthus armeria subsp. armeria,,Synonym,,wfo-0000643086,wfo-0001291719,ccfc7e3ca85c8b80aa96eb52d4e50e07e1811d28916b544280d8a4f1a043ba72,,EXACT_CANONICAL_FOUND,Dianthus armeria subsp. armeria,Dianthus armeria subsp. armeria L.,L.,,,,FUND. BIODIVERSIDAD:ANTHOS:48244,e6e19630a9415359fba90888864d17313873a984ac79a3677c1d62aac943f991,
769,CARYOPHYLLACEAE,Dianthus broteri,NO_API_TAXON,False,KEEP_TAXONIC_RESPONSE,2026-08-19T17:29:43.536528+00:00,EXACT_CANONICAL_FOUND,Dianthus broteri,Dianthus broteri,Boiss. & Reut.,Accepted,,2763927,2763927,6ff1e084d7e1de5bce526a9952c96fbb0f13b4f2c615b0fc30c055f88bfb5483,,EXACT_CANONICAL_FOUND,Dianthus broteri,Dianthus broteri,Boiss. & Reut.,Accepted,,,wfo-0000643198,ccfc7e3ca85c8b80aa96eb52d4e50e07e1811d28916b544280d8a4f1a043ba72,,EXACT_CANONICAL_FOUND,Dianthus broteri,Dianthus broteri Boiss. & Reut.,Boiss. & Reut.,,,,FUND. BIODIVERSIDAD:ANTHOS:182502,e6e19630a9415359fba90888864d17313873a984ac79a3677c1d62aac943f991,
770,CARYOPHYLLACEAE,Dianthus carthusianorum,NO_API_TAXON,False,KEEP_TAXONIC_RESPONSE,2026-08-19T17:29:43.536540+00:00,EXACT_CANONICAL_FOUND,Dianthus carthusianorum,Dianthus carthusianorum,L.,Accepted,,2763976,2763976,6ff1e084d7e1de5bce526a9952c96fbb0f13b4f2c615b0fc30c055f88bfb5483,,EXACT_CANONICAL_FOUND,Dianthus carthusianorum,Dianthus carthusianorum,L.,Accepted,,,wfo-0000643249,ccfc7e3ca85c8b80aa96eb52d4e50e07e1811d28916b544280d8a4f1a043ba72,,EXACT_CANONICAL_FOUND,Dianthus carthusianorum,Dianthus carthusianorum L.,L.,,,,FUND. BIODIVERSIDAD:ANTHOS:21762,e6e19630a9415359fba90888864d17313873a984ac79a3677c1d62aac943f991,
772,CARYOPHYLLACEAE,Dianthus hyssopifolius,NO_API_TAXON,False,KEEP_TAXONIC_RESPONSE,2026-08-19T17:29:43.536550+00:00,EXACT_CANONICAL_FOUND,Dianthus hyssopifolius,Dianthus hyssopifolius,L.,Accepted,,2764376,2764376,6ff1e084d7e1de5bce526a9952c96fbb0f13b4f2c615b0fc30c055f88bfb5483,,EXACT_CANONICAL_FOUND,Dianthus hyssopifolius,Dianthus hyssopifolius,L.,Accepted,,,wfo-0000643675,ccfc7e3ca85c8b80aa96eb52d4e50e07e1811d28916b544280d8a4f1a043ba72,,EXACT_CANONICAL_FOUND,Dianthus hyssopifolius,Dianthus hyssopifolius L.,L.,,,,FUND. BIODIVERSIDAD:ANTHOS:938822,e6e19630a9415359fba90888864d17313873a984ac79a3677c1d62aac943f991,
774,CARYOPHYLLACEAE,Dianthus lusitanus,NO_API_TAXON,False,KEEP_TAXONIC_RESPONSE,2026-08-19T17:29:43.536562+00:00,EXACT_CANONICAL_FOUND,Dianthus lusitanus,Dianthus lusitanus,Brot.,Accepted,,2764505,2764505,6ff1e084d7e1de5bce526a9952c96fbb0f13b4f2c615b0fc30c055f88bfb5483,,EXACT_CANONICAL_FOUND,Dianthus lusitanus,Dianthus lusitanus,Brot.,Accepted,,,wfo-0000643814,ccfc7e3ca85c8b80aa96eb52d4e50e07e1811d28916b544280d8a4f1a043ba72,,EXACT_CANONICAL_FOUND,Dianthus lusitanus,Dianthus lusitanus Brot.,Brot.,,,,FUND. BIODIVERSIDAD:ANTHOS:1125185,e6e19630a9415359fba90888864d17313873a984ac79a3677c1d62aac943f991,
775,CARYOPHYLLACEAE,Dianthus pungens subsp. brachyanthus,NO_API_TAXON,False,KEEP_TAXONIC_RESPONSE,2026-08-19T17:29:43.536573+00:00,EXACT_CANONICAL_FOUND,Dianthus pungens subsp. brachyanthus,Dianthus pungens subsp. brachyanthus,"(Boiss.) B.Fern.Casas, G.López & M.Laínz",Accepted,,2764779,2764779,6ff1e084d7e1de5bce526a9952c96fbb0f13b4f2c615b0fc30c055f88bfb5483,,EXACT_CANONICAL_FOUND,Dianthus pungens subsp. brachyanthus,Dianthus pungens subsp. brachyanthus,"(Boiss.) B.Fern.Casas, G.López & M.Laínz",Accepted,,,wfo-0000644101,ccfc7e3ca85c8b80aa96eb52d4e50e07e1811d28916b544280d8a4f1a043ba72,,EXACT_CANONICAL_FOUND,Dianthus pungens subsp. brachyanthus,"Dianthus pungens subsp. brachyanthus (Boiss.) M. Bernal, Fern. Casas, G. López, M. Laínz & Muñoz Garm.","(Boiss.) M. Bernal, Fern. Casas, G. López, M. Laínz & Muñoz Garm.",,,,FUND. BIODIVERSIDAD:ANTHOS:21728,e6e19630a9415359fba90888864d17313873a984ac79a3677c1d62aac943f991,
776,CARYOPHYLLACEAE,Dianthus pungens subsp. hispanicus,NO_API_TAXON,False,KEEP_TAXONIC_RESPONSE,2026-08-19T17:29:43.536585+00:00,EXACT_CANONICAL_FOUND,Dianthus pungens subsp. hispanicus,Dianthus pungens subsp. hispanicus,(Asso) O.Bolòs & Vigo,Accepted,,2764782,2764782,6ff1e084d7e1de5bce526a9952c96fbb0f13b4f2c615b0fc30c055f88bfb5483,,EXACT_CANONICAL_FOUND,Dianthus pungens subsp. hispanicus,Dianthus pungens subsp. hispanicus,(Asso) O.Bolòs & Vigo,Accepted,,,wfo-0000644105,ccfc7e3ca85c8b80aa96eb52d4e50e07e1811d28916b544280d8a4f1a043ba72,,EXACT_CANONICAL_FOUND,Dianthus pungens subsp. hispanicus,Dianthus pungens subsp. hispanicus (Asso) O. Bolòs & Vigo,(Asso) O. Bolòs & Vigo,,,,FUND. BIODIVERSIDAD:ANTHOS:9776,e6e19630a9415359fba90888864d17313873a984ac79a3677c1d62aac943f991,
777,APIACEAE,Dichoropetalum carvifolia,NO_API_TAXON,False,KEEP_TAXONIC_RESPONSE,2026-08-19T17:29:43.536594+00:00,EXACT_CANONICAL_FOUND,Dichoropetalum carvifolia,Dichoropetalum carvifolia,(Vill.) Pimenov & Kljuykov,Accepted,,2606956,2606956,6ff1e084d7e1de5bce526a9952c96fbb0f13b4f2c615b0fc30c055f88bfb5483,,EXACT_CANONICAL_FOUND,Dichoropetalum carvifolia,Dichoropetalum carvifolia,(Vill.) Pimenov & Kljuykov,Accepted,,,wfo-0000509049,ccfc7e3ca85c8b80aa96eb52d4e50e07e1811d28916b544280d8a4f1a043ba72,,EXACT_CANONICAL_NOT_FOUND,,,,,,,,e6e19630a9415359fba90888864d17313873a984ac79a3677c1d62aac943f991,
778,PLANTAGINACEAE,Digitalis obscura,NO_API_TAXON,False,KEEP_TAXONIC_RESPONSE,2026-08-19T17:29:43.536605+00:00,EXACT_CANONICAL_FOUND,Digitalis obscura,Digitalis obscura,L.,Accepted,,2768070,2768070,6ff1e084d7e1de5bce526a9952c96fbb0f13b4f2c615b0fc30c055f88bfb5483,,EXACT_CANONICAL_FOUND,Digitalis obscura,Digitalis obscura,L.,Accepted,,,wfo-0000647376,ccfc7e3ca85c8b80aa96eb52d4e50e07e1811d28916b544280d8a4f1a043ba72,,EXACT_CANONICAL_FOUND,Digitalis obscura,Digitalis obscura L.,L.,,,,FUND. BIODIVERSIDAD:ANTHOS:85551,e6e19630a9415359fba90888864d17313873a984ac79a3677c1d62aac943f991,
779,PLANTAGINACEAE,Digitalis parviflora,NO_API_TAXON,False,KEEP_TAXONIC_RESPONSE,2026-08-19T17:29:43.536616+00:00,EXACT_CANONICAL_FOUND,Digitalis parviflora,Digitalis parviflora,Jacq.,Accepted,,2768080,2768080,6ff1e084d7e1de5bce526a9952c96fbb0f13b4f2c615b0fc30c055f88bfb5483,,EXACT_CANONICAL_FOUND,Digitalis parviflora,Digitalis parviflora,Jacq.,Accepted,,,wfo-0000647387,ccfc7e3ca85c8b80aa96eb52d4e50e07e1811d28916b544280d8a4f1a043ba72,,EXACT_CANONICAL_FOUND,Digitalis parviflora,Digitalis parviflora Jacq.,Jacq.,,,,FUND. BIODIVERSIDAD:ANTHOS:31174,e6e19630a9415359fba90888864d17313873a984ac79a3677c1d62aac943f991,
781,PLANTAGINACEAE,Digitalis purpurea subsp. purpurea,NO_EXACT_MATCH,False,KEEP_TAXONIC_RESPONSE,2026-08-19T17:29:43.536627+00:00,EXACT_CANONICAL_NOT_FOUND,,,,,,,,6ff1e084d7e1de5bce526a9952c96fbb0f13b4f2c615b0fc30c055f88bfb5483,,EXACT_CANONICAL_FOUND,Digitalis purpurea subsp. purpurea,Digitalis purpurea subsp. purpurea,,Unchecked,,,wfo-1200108662,ccfc7e3ca85c8b80aa96eb52d4e50e07e1811d28916b544280d8a4f1a043ba72,,EXACT_CANONICAL_FOUND,Digitalis purpurea subsp. purpurea,Digitalis purpurea subsp. purpurea L.,L.,,,,FUND. BIODIVERSIDAD:ANTHOS:31159,e6e19630a9415359fba90888864d17313873a984ac79a3677c1d62aac943f991,
785,BRASSICACEAE,Diplotaxis erucoides subsp. erucoides,NO_EXACT_MATCH,False,KEEP_TAXONIC_RESPONSE,2026-08-19T17:29:43.536637+00:00,EXACT_CANONICAL_NOT_FOUND,,,,,,,,6ff1e084d7e1de5bce526a9952c96fbb0f13b4f2c615b0fc30c055f88bfb5483,,EXACT_CANONICAL_FOUND,Diplotaxis erucoides subsp. erucoides,Diplotaxis erucoides subsp. erucoides,,Synonym,,wfo-0000650432,wfo-0001038586,ccfc7e3ca85c8b80aa96eb52d4e50e07e1811d28916b544280d8a4f1a043ba72,,EXACT_CANONICAL_FOUND,Diplotaxis erucoides subsp. erucoides,Diplotaxis erucoides subsp. erucoides (L.) DC.,(L.) DC.,,,,FUND. BIODIVERSIDAD:ANTHOS:113840,e6e19630a9415359fba90888864d17313873a984ac79a3677c1d62aac943f991,
789,BRASSICACEAE,Diplotaxis virgata subsp. virgata,NO_EXACT_MATCH,False,KEEP_TAXONIC_RESPONSE,2026-08-19T17:29:43.536649+00:00,EXACT_CANONICAL_FOUND,Diplotaxis virgata subsp. virgata,Diplotaxis virgata subsp. virgata,,Accepted,,3263661,3263661,6ff1e084d7e1de5bce526a9952c96fbb0f13b4f2c615b0fc30c055f88bfb5483,,EXACT_CANONICAL_FOUND,Diplotaxis virgata subsp. virgata,Diplotaxis virgata subsp. virgata,DC.,Synonym,,wfo-0000650546,wfo-0001038412,ccfc7e3ca85c8b80aa96eb52d4e50e07e1811d28916b544280d8a4f1a043ba72,,EXACT_CANONICAL_FOUND,Diplotaxis virgata subsp. virgata,Diplotaxis virgata subsp. virgata (Cav.) DC.,(Cav.) DC.,,,,FUND. BIODIVERSIDAD:ANTHOS:850043,e6e19630a9415359fba90888864d17313873a984ac79a3677c1d62aac943f991,
791,CAPRIFOLIACEAE,Dipsacus sativus,NO_API_TAXON,False,KEEP_TAXONIC_RESPONSE,2026-08-19T17:29:43.536659+00:00,EXACT_CANONICAL_FOUND,Dipsacus sativus,Dipsacus sativus,(L.) Honck.,Accepted,,2771888,2771888,6ff1e084d7e1de5bce526a9952c96fbb0f13b4f2c615b0fc30c055f88bfb5483,,EXACT_CANONICAL_FOUND,Dipsacus sativus,Dipsacus sativus,(L.) Honck.,Accepted,,,wfo-0000651056,ccfc7e3ca85c8b80aa96eb52d4e50e07e1811d28916b544280d8a4f1a043ba72,,EXACT_CANONICAL_FOUND,Dipsacus sativus,Dipsacus sativus (L.) Honck.,(L.) Honck.,,,,FUND. BIODIVERSIDAD:ANTHOS:32253,e6e19630a9415359fba90888864d17313873a984ac79a3677c1d62aac943f991,
794,ASTERACEAE,Doronicum carpetanum subsp. diazii,NO_EXACT_MATCH,False,KEEP_TAXONIC_RESPONSE,2026-08-19T17:29:43.536671+00:00,EXACT_CANONICAL_FOUND,Doronicum carpetanum subsp. diazii,Doronicum carpetanum subsp. diazii,(Pérez Morales & Penas) Alv.Fern.,Accepted,,3076492,3076492,6ff1e084d7e1de5bce526a9952c96fbb0f13b4f2c615b0fc30c055f88bfb5483,,EXACT_CANONICAL_FOUND,Doronicum carpetanum subsp. diazii,Doronicum carpetanum subsp. diazii,(Pérez Morales & Penas) Alv.Fern.,Accepted,,,wfo-0000098645,ccfc7e3ca85c8b80aa96eb52d4e50e07e1811d28916b544280d8a4f1a043ba72,,EXACT_CANONICAL_FOUND,Doronicum carpetanum subsp. diazii,Doronicum carpetanum subsp. diazii (Perez Morales & Penas) Alv. Fern.,(Perez Morales & Penas) Alv. Fern.,,,,FUND. BIODIVERSIDAD:ANTHOS:1360447,e6e19630a9415359fba90888864d17313873a984ac79a3677c1d62aac943f991,
795,ASTERACEAE,Doronicum diazii,NO_API_TAXON,False,KEEP_TAXONIC_RESPONSE,2026-08-19T17:29:43.536681+00:00,EXACT_CANONICAL_FOUND,Doronicum diazii,Doronicum diazii,Pérez Morales & Penas,Synonym,,3076492,3076491,6ff1e084d7e1de5bce526a9952c96fbb0f13b4f2c615b0fc30c055f88bfb5483,,EXACT_CANONICAL_FOUND,Doronicum diazii,Doronicum diazii,Pérez Morales & Penas,Synonym,,wfo-0000098645,wfo-0000075068,ccfc7e3ca85c8b80aa96eb52d4e50e07e1811d28916b544280d8a4f1a043ba72,,EXACT_CANONICAL_NOT_FOUND,,,,,,,,e6e19630a9415359fba90888864d17313873a984ac79a3677c1d62aac943f991,
796,ASTERACEAE,Doronicum pardalianches,NO_API_TAXON,False,KEEP_TAXONIC_RESPONSE,2026-08-19T17:29:43.536691+00:00,EXACT_CANONICAL_FOUND,Doronicum pardalianches,Doronicum pardalianches,Lag. ex Willk. & Lange,Invalid,,3076539,3076537,6ff1e084d7e1de5bce526a9952c96fbb0f13b4f2c615b0fc30c055f88bfb5483,,EXACT_CANONICAL_FOUND,Doronicum pardalianches,Doronicum pardalianches,Lag. ex Willk. & Lange,Synonym,,wfo-0000120976,wfo-0000019770,ccfc7e3ca85c8b80aa96eb52d4e50e07e1811d28916b544280d8a4f1a043ba72,,EXACT_CANONICAL_FOUND,Doronicum pardalianches,Doronicum pardalianches L.,L.,,,,FUND. BIODIVERSIDAD:ANTHOS:33412,e6e19630a9415359fba90888864d17313873a984ac79a3677c1d62aac943f991,
798,FABACEAE,Dorycnium gracile,NO_API_TAXON,False,KEEP_TAXONIC_RESPONSE,2026-08-19T17:29:43.536701+00:00,EXACT_CANONICAL_FOUND,Dorycnium gracile,Dorycnium gracile,Jord.,Synonym,,2904616,2775991,6ff1e084d7e1de5bce526a9952c96fbb0f13b4f2c615b0fc30c055f88bfb5483,,EXACT_CANONICAL_FOUND,Dorycnium gracile,Dorycnium gracile,Jord.,Synonym,,wfo-0001361850,wfo-0000163646,ccfc7e3ca85c8b80aa96eb52d4e50e07e1811d28916b544280d8a4f1a043ba72,,EXACT_CANONICAL_FOUND,Dorycnium gracile,Dorycnium gracile Jord.,Jord.,,,,FUND. BIODIVERSIDAD:ANTHOS:847715,e6e19630a9415359fba90888864d17313873a984ac79a3677c1d62aac943f991,
799,FABACEAE,Dorycnium hirsutum,NO_API_TAXON,False,KEEP_TAXONIC_RESPONSE,2026-08-19T17:29:43.536711+00:00,EXACT_CANONICAL_FOUND,Dorycnium hirsutum,Dorycnium hirsutum,(L.) Ser.,Synonym,,2346186,2775998,6ff1e084d7e1de5bce526a9952c96fbb0f13b4f2c615b0fc30c055f88bfb5483,,EXACT_CANONICAL_FOUND,Dorycnium hirsutum,Dorycnium hirsutum,(L.) Ser.,Synonym,,wfo-0000212135,wfo-0000212134,ccfc7e3ca85c8b80aa96eb52d4e50e07e1811d28916b544280d8a4f1a043ba72,,EXACT_CANONICAL_FOUND,Dorycnium hirsutum,Dorycnium hirsutum (L.) Ser. in DC.,(L.) Ser. in DC.,,,,FUND. BIODIVERSIDAD:ANTHOS:25560,e6e19630a9415359fba90888864d17313873a984ac79a3677c1d62aac943f991,
800,FABACEAE,Dorycnium pentaphyllum,NO_API_TAXON,False,KEEP_TAXONIC_RESPONSE,2026-08-19T17:29:43.536721+00:00,EXACT_CANONICAL_FOUND,Dorycnium pentaphyllum,Dorycnium pentaphyllum,Scop.,Synonym,,2345470,2776023,6ff1e084d7e1de5bce526a9952c96fbb0f13b4f2c615b0fc30c055f88bfb5483,,EXACT_CANONICAL_FOUND,Dorycnium pentaphyllum,Dorycnium pentaphyllum,Scop.,Synonym,,wfo-0000209346,wfo-0000212137,ccfc7e3ca85c8b80aa96eb52d4e50e07e1811d28916b544280d8a4f1a043ba72,,EXACT_CANONICAL_FOUND,Dorycnium pentaphyllum,Dorycnium pentaphyllum Scop.,Scop.,,,,FUND. BIODIVERSIDAD:ANTHOS:25585,e6e19630a9415359fba90888864d17313873a984ac79a3677c1d62aac943f991,
801,FABACEAE,Dorycnium rectum,NO_API_TAXON,False,KEEP_TAXONIC_RESPONSE,2026-08-19T17:29:43.536730+00:00,EXACT_CANONICAL_FOUND,Dorycnium rectum,Dorycnium rectum,(L.) Ser.,Synonym,,2345240,2776037,6ff1e084d7e1de5bce526a9952c96fbb0f13b4f2c615b0fc30c055f88bfb5483,,EXACT_CANONICAL_FOUND,Dorycnium rectum,Dorycnium rectum,(L.) Ser.,Synonym,,wfo-0000212142,wfo-0000212141,ccfc7e3ca85c8b80aa96eb52d4e50e07e1811d28916b544280d8a4f1a043ba72,,EXACT_CANONICAL_FOUND,Dorycnium rectum,Dorycnium rectum (L.) Ser. in DC.,(L.) Ser. in DC.,,,,FUND. BIODIVERSIDAD:ANTHOS:25568,e6e19630a9415359fba90888864d17313873a984ac79a3677c1d62aac943f991,
802,BRASSICACEAE,Draba aizoides,NO_API_TAXON,False,KEEP_TAXONIC_RESPONSE,2026-08-19T17:29:43.536741+00:00,EXACT_CANONICAL_FOUND,Draba aizoides,Draba aizoides,Cav.,Illegitimate,,3263755,2776163,6ff1e084d7e1de5bce526a9952c96fbb0f13b4f2c615b0fc30c055f88bfb5483,,EXACT_CANONICAL_FOUND,Draba aizoides,Draba aizoides,L.,Accepted,,,wfo-0000654847,ccfc7e3ca85c8b80aa96eb52d4e50e07e1811d28916b544280d8a4f1a043ba72,,EXACT_CANONICAL_FOUND,Draba aizoides,Draba aizoides L.,L.,,,,FUND. BIODIVERSIDAD:ANTHOS:22929,e6e19630a9415359fba90888864d17313873a984ac79a3677c1d62aac943f991,
803,BRASSICACEAE,Draba aizoides subsp. aizoides,NO_API_TAXON,False,KEEP_TAXONIC_RESPONSE,2026-08-19T17:29:43.536750+00:00,EXACT_CANONICAL_FOUND,Draba aizoides subsp. aizoides,Draba aizoides subsp. aizoides,,Accepted,,3263747,3263747,6ff1e084d7e1de5bce526a9952c96fbb0f13b4f2c615b0fc30c055f88bfb5483,,EXACT_CANONICAL_FOUND,Draba aizoides subsp. aizoides,Draba aizoides subsp. aizoides,L.,Accepted,,,wfo-0001218284,ccfc7e3ca85c8b80aa96eb52d4e50e07e1811d28916b544280d8a4f1a043ba72,,EXACT_CANONICAL_FOUND,Draba aizoides subsp. aizoides,Draba aizoides subsp. aizoides L.,L.,,,,FUND. BIODIVERSIDAD:ANTHOS:87625,e6e19630a9415359fba90888864d17313873a984ac79a3677c1d62aac943f991,
804,BRASSICACEAE,Draba dedeana,NO_API_TAXON,False,KEEP_TAXONIC_RESPONSE,2026-08-19T17:29:43.536761+00:00,EXACT_CANONICAL_FOUND,Draba dedeana,Draba dedeana,Boiss. & Reut.,Accepted,,2776540,2776540,6ff1e084d7e1de5bce526a9952c96fbb0f13b4f2c615b0fc30c055f88bfb5483,,EXACT_CANONICAL_FOUND,Draba dedeana,Draba dedeana,Boiss. & Reut. ex Boiss.,Accepted,,,wfo-0000655251,ccfc7e3ca85c8b80aa96eb52d4e50e07e1811d28916b544280d8a4f1a043ba72,,EXACT_CANONICAL_FOUND,Draba dedeana,Draba dedeana Boiss. & Reut. in Boiss.,Boiss. & Reut. in Boiss.,,,,FUND. BIODIVERSIDAD:ANTHOS:22912,e6e19630a9415359fba90888864d17313873a984ac79a3677c1d62aac943f991,
808,DRYOPTERIDACEAE,Dryopteris affinis subsp. affinis,NO_EXACT_MATCH,False,KEEP_TAXONIC_RESPONSE,2026-08-19T17:29:43.536772+00:00,EXACT_CANONICAL_FOUND,Dryopteris affinis subsp. affinis,Dryopteris affinis subsp. affinis,,Accepted,,3287962,3287962,6ff1e084d7e1de5bce526a9952c96fbb0f13b4f2c615b0fc30c055f88bfb5483,,EXACT_CANONICAL_FOUND,Dryopteris affinis subsp. affinis,Dryopteris affinis subsp. affinis,,Accepted,,,wfo-0001407500,ccfc7e3ca85c8b80aa96eb52d4e50e07e1811d28916b544280d8a4f1a043ba72,,EXACT_CANONICAL_FOUND,Dryopteris affinis subsp. affinis,Dryopteris affinis subsp. affinis (Lowe) Fraser-Jenk.,(Lowe) Fraser-Jenk.,,,,FUND. BIODIVERSIDAD:ANTHOS:19663,e6e19630a9415359fba90888864d17313873a984ac79a3677c1d62aac943f991,
809,DRYOPTERIDACEAE,Dryopteris affinis var. borreri,NO_EXACT_MATCH,False,NO_RESPONSE_ALL_THREE,2026-08-19T17:29:43.536783+00:00,EXACT_CANONICAL_NOT_FOUND,,,,,,,,6ff1e084d7e1de5bce526a9952c96fbb0f13b4f2c615b0fc30c055f88bfb5483,,EXACT_CANONICAL_NOT_FOUND,,,,,,,,ccfc7e3ca85c8b80aa96eb52d4e50e07e1811d28916b544280d8a4f1a043ba72,,EXACT_CANONICAL_NOT_FOUND,,,,,,,,e6e19630a9415359fba90888864d17313873a984ac79a3677c1d62aac943f991,
810,DRYOPTERIDACEAE,Dryopteris affinis var. robusta,NO_EXACT_MATCH,False,KEEP_TAXONIC_RESPONSE,2026-08-19T17:29:43.536794+00:00,EXACT_CANONICAL_FOUND,Dryopteris affinis var. robusta,Dryopteris affinis var. robusta,(Oberh. & Tavel ex Fraser-Jenk.) Fraser-Jenk. & Salvo,Synonym,,3325091,3176493,6ff1e084d7e1de5bce526a9952c96fbb0f13b4f2c615b0fc30c055f88bfb5483,,EXACT_CANONICAL_FOUND,Dryopteris affinis var. robusta,Dryopteris affinis var. robusta,(Oberh. & Tavel ex Fraser-Jenk.) Fraser-Jenk. & Salvo,Synonym,,wfo-1200102778,wfo-0001375193,ccfc7e3ca85c8b80aa96eb52d4e50e07e1811d28916b544280d8a4f1a043ba72,,EXACT_CANONICAL_NOT_FOUND,,,,,,,,e6e19630a9415359fba90888864d17313873a984ac79a3677c1d62aac943f991,
819,DRYOPTERIDACEAE,Dryopteris submontana,NO_API_TAXON,False,KEEP_TAXONIC_RESPONSE,2026-08-19T17:29:43.536805+00:00,EXACT_CANONICAL_FOUND,Dryopteris submontana,Dryopteris submontana,(Fraser-Jenk. & Jermy) Fraser-Jenk.,Synonym,,3150784,3177138,6ff1e084d7e1de5bce526a9952c96fbb0f13b4f2c615b0fc30c055f88bfb5483,,EXACT_CANONICAL_FOUND,Dryopteris submontana,Dryopteris submontana,(Fraser-Jenk. & Jermy) Fraser-Jenk.,Synonym,,wfo-0001115777,wfo-0001107310,ccfc7e3ca85c8b80aa96eb52d4e50e07e1811d28916b544280d8a4f1a043ba72,,EXACT_CANONICAL_FOUND,Dryopteris submontana,Dryopteris submontana (Fraser-Jenk. & Jermy) Fraser-Jenk.,(Fraser-Jenk. & Jermy) Fraser-Jenk.,,,,FUND. BIODIVERSIDAD:ANTHOS:19715,e6e19630a9415359fba90888864d17313873a984ac79a3677c1d62aac943f991,
820,DRYOPTERIDACEAE,Dryopteris x ambroseae,UNPARSABLE_NAME,False,NO_RESPONSE_ALL_THREE,2026-08-19T17:29:43.536812+00:00,EXACT_CANONICAL_NOT_FOUND,,,,,,,,6ff1e084d7e1de5bce526a9952c96fbb0f13b4f2c615b0fc30c055f88bfb5483,,EXACT_CANONICAL_NOT_FOUND,,,,,,,,ccfc7e3ca85c8b80aa96eb52d4e50e07e1811d28916b544280d8a4f1a043ba72,,EXACT_CANONICAL_NOT_FOUND,,,,,,,,e6e19630a9415359fba90888864d17313873a984ac79a3677c1d62aac943f991,
821,DRYOPTERIDACEAE,Dryopteris x mantoniae,UNPARSABLE_NAME,False,NO_RESPONSE_ALL_THREE,2026-08-19T17:29:43.536822+00:00,EXACT_CANONICAL_NOT_FOUND,,,,,,,,6ff1e084d7e1de5bce526a9952c96fbb0f13b4f2c615b0fc30c055f88bfb5483,,EXACT_CANONICAL_NOT_FOUND,,,,,,,,ccfc7e3ca85c8b80aa96eb52d4e50e07e1811d28916b544280d8a4f1a043ba72,,EXACT_CANONICAL_NOT_FOUND,,,,,,,,e6e19630a9415359fba90888864d17313873a984ac79a3677c1d62aac943f991,
827,BORAGINACEAE,Echium asperrimum,NO_API_TAXON,False,KEEP_TAXONIC_RESPONSE,2026-08-19T17:29:43.536832+00:00,EXACT_CANONICAL_FOUND,Echium asperrimum,Echium asperrimum,Lam.,Accepted,,2784002,2784002,6ff1e084d7e1de5bce526a9952c96fbb0f13b4f2c615b0fc30c055f88bfb5483,,EXACT_CANONICAL_FOUND,Echium asperrimum,Echium asperrimum,Lam.,Accepted,,,wfo-0000662689,ccfc7e3ca85c8b80aa96eb52d4e50e07e1811d28916b544280d8a4f1a043ba72,,EXACT_CANONICAL_FOUND,Echium asperrimum,Echium asperrimum Lam.,Lam.,,,,FUND. BIODIVERSIDAD:ANTHOS:29776,e6e19630a9415359fba90888864d17313873a984ac79a3677c1d62aac943f991,
828,BORAGINACEAE,Echium asperrinum,NO_API_TAXON,False,KEEP_TAXONIC_RESPONSE,2026-08-19T17:29:43.536842+00:00,EXACT_CANONICAL_NOT_FOUND,,,,,,,,6ff1e084d7e1de5bce526a9952c96fbb0f13b4f2c615b0fc30c055f88bfb5483,,EXACT_CANONICAL_FOUND,Echium asperrinum,Echium asperrinum,Lam.,Unchecked,,,wfo-0001215436,ccfc7e3ca85c8b80aa96eb52d4e50e07e1811d28916b544280d8a4f1a043ba72,,EXACT_CANONICAL_NOT_FOUND,,,,,,,,e6e19630a9415359fba90888864d17313873a984ac79a3677c1d62aac943f991,
831,BORAGINACEAE,Echium vulgare subsp. pustulatum,NO_EXACT_MATCH,False,KEEP_TAXONIC_RESPONSE,2026-08-19T17:29:43.536854+00:00,EXACT_CANONICAL_FOUND,Echium vulgare subsp. pustulatum,Echium vulgare subsp. pustulatum,(Sm.) Bonnier & Layens,Accepted,,2784431,2784431,6ff1e084d7e1de5bce526a9952c96fbb0f13b4f2c615b0fc30c055f88bfb5483,,EXACT_CANONICAL_FOUND,Echium vulgare subsp. pustulatum,Echium vulgare subsp. pustulatum,(Sm.) Em.Schmid & Gams,Accepted,,,wfo-0000663154,ccfc7e3ca85c8b80aa96eb52d4e50e07e1811d28916b544280d8a4f1a043ba72,,EXACT_CANONICAL_FOUND,Echium vulgare subsp. pustulatum,Echium vulgare subsp. pustulatum (Sm.) Rouy ex Em. Schmid & Gams in Hegi,(Sm.) Rouy ex Em. Schmid & Gams in Hegi,,,,FUND. BIODIVERSIDAD:ANTHOS:49868,e6e19630a9415359fba90888864d17313873a984ac79a3677c1d62aac943f991,
834,CYPERACEAE,Eleocharis palustris subsp. walterssii,NO_EXACT_MATCH,False,NO_RESPONSE_ALL_THREE,2026-08-19T17:29:43.536865+00:00,EXACT_CANONICAL_NOT_FOUND,,,,,,,,6ff1e084d7e1de5bce526a9952c96fbb0f13b4f2c615b0fc30c055f88bfb5483,,EXACT_CANONICAL_NOT_FOUND,,,,,,,,ccfc7e3ca85c8b80aa96eb52d4e50e07e1811d28916b544280d8a4f1a043ba72,,EXACT_CANONICAL_NOT_FOUND,,,,,,,,e6e19630a9415359fba90888864d17313873a984ac79a3677c1d62aac943f991,
839,POACEAE,Elymus pungens,NO_API_TAXON,False,KEEP_TAXONIC_RESPONSE,2026-08-19T17:29:43.536875+00:00,EXACT_CANONICAL_FOUND,Elymus pungens,Elymus pungens,(Pers.) Melderis,Accepted,,411486,411486,6ff1e084d7e1de5bce526a9952c96fbb0f13b4f2c615b0fc30c055f88bfb5483,,EXACT_CANONICAL_FOUND,Elymus pungens,Elymus pungens,(Pers.) Melderis,Accepted,,,wfo-0000866622,ccfc7e3ca85c8b80aa96eb52d4e50e07e1811d28916b544280d8a4f1a043ba72,,EXACT_CANONICAL_FOUND,Elymus pungens,Elymus pungens (Pers.) Melderis,(Pers.) Melderis,,,,FUND. BIODIVERSIDAD:ANTHOS:51249,e6e19630a9415359fba90888864d17313873a984ac79a3677c1d62aac943f991,
840,POACEAE,Elymus repens subsp. repens,NO_API_TAXON,False,KEEP_TAXONIC_RESPONSE,2026-08-19T17:29:43.536885+00:00,EXACT_CANONICAL_FOUND,Elymus repens subsp. repens,Elymus repens subsp. repens,,Accepted,,477355,477355,6ff1e084d7e1de5bce526a9952c96fbb0f13b4f2c615b0fc30c055f88bfb5483,,EXACT_CANONICAL_FOUND,Elymus repens subsp. repens,Elymus repens subsp. repens,,Accepted,,,wfo-0001097753,ccfc7e3ca85c8b80aa96eb52d4e50e07e1811d28916b544280d8a4f1a043ba72,,EXACT_CANONICAL_NOT_FOUND,,,,,,,,e6e19630a9415359fba90888864d17313873a984ac79a3677c1d62aac943f991,
842,POACEAE,Elytrigia curvifolia,NO_API_TAXON,False,KEEP_TAXONIC_RESPONSE,2026-08-19T17:29:43.536912+00:00,EXACT_CANONICAL_FOUND,Elytrigia curvifolia,Elytrigia curvifolia,(Lange) Holub,Synonym,,446491,411813,6ff1e084d7e1de5bce526a9952c96fbb0f13b4f2c615b0fc30c055f88bfb5483,,EXACT_CANONICAL_FOUND,Elytrigia curvifolia,Elytrigia curvifolia,(Lange) Holub,Synonym,,wfo-0000903614,wfo-0000866947,ccfc7e3ca85c8b80aa96eb52d4e50e07e1811d28916b544280d8a4f1a043ba72,,EXACT_CANONICAL_NOT_FOUND,,,,,,,,e6e19630a9415359fba90888864d17313873a984ac79a3677c1d62aac943f991,
843,POACEAE,Elytrigia intermedia subsp. intermedia,NO_EXACT_MATCH,False,KEEP_TAXONIC_RESPONSE,2026-08-19T17:29:43.536926+00:00,EXACT_CANONICAL_NOT_FOUND,,,,,,,,6ff1e084d7e1de5bce526a9952c96fbb0f13b4f2c615b0fc30c055f88bfb5483,,EXACT_CANONICAL_FOUND,Elytrigia intermedia subsp. intermedia,Elytrigia intermedia subsp. intermedia,,Unchecked,,,wfo-0001096298,ccfc7e3ca85c8b80aa96eb52d4e50e07e1811d28916b544280d8a4f1a043ba72,,EXACT_CANONICAL_NOT_FOUND,,,,,,,,e6e19630a9415359fba90888864d17313873a984ac79a3677c1d62aac943f991,
844,POACEAE,Elytrigia pungens subsp. pungens,NO_API_TAXON,False,KEEP_TAXONIC_RESPONSE,2026-08-19T17:29:43.536936+00:00,EXACT_CANONICAL_NOT_FOUND,,,,,,,,6ff1e084d7e1de5bce526a9952c96fbb0f13b4f2c615b0fc30c055f88bfb5483,,EXACT_CANONICAL_FOUND,Elytrigia pungens subsp. pungens,Elytrigia pungens subsp. pungens,,Unchecked,,,wfo-1200107914,ccfc7e3ca85c8b80aa96eb52d4e50e07e1811d28916b544280d8a4f1a043ba72,,EXACT_CANONICAL_NOT_FOUND,,,,,,,,e6e19630a9415359fba90888864d17313873a984ac79a3677c1d62aac943f991,
845,POACEAE,Elytrigia repens subsp. repens,NO_EXACT_MATCH,False,KEEP_TAXONIC_RESPONSE,2026-08-19T17:29:43.536947+00:00,EXACT_CANONICAL_NOT_FOUND,,,,,,,,6ff1e084d7e1de5bce526a9952c96fbb0f13b4f2c615b0fc30c055f88bfb5483,,EXACT_CANONICAL_FOUND,Elytrigia repens subsp. repens,Elytrigia repens subsp. repens,,Unchecked,,,wfo-0001096094,ccfc7e3ca85c8b80aa96eb52d4e50e07e1811d28916b544280d8a4f1a043ba72,,EXACT_CANONICAL_NOT_FOUND,,,,,,,,e6e19630a9415359fba90888864d17313873a984ac79a3677c1d62aac943f991,
846,APIACEAE,Endressia castellana,NO_API_TAXON,False,KEEP_TAXONIC_RESPONSE,2026-08-19T17:29:43.536956+00:00,EXACT_CANONICAL_FOUND,Endressia castellana,Endressia castellana,Coincy,Accepted,,2789131,2789131,6ff1e084d7e1de5bce526a9952c96fbb0f13b4f2c615b0fc30c055f88bfb5483,,EXACT_CANONICAL_FOUND,Endressia castellana,Endressia castellana,Coincy,Accepted,,,wfo-0000667894,ccfc7e3ca85c8b80aa96eb52d4e50e07e1811d28916b544280d8a4f1a043ba72,,EXACT_CANONICAL_FOUND,Endressia castellana,Endressia castellana Coincy,Coincy,,,,FUND. BIODIVERSIDAD:ANTHOS:28277,e6e19630a9415359fba90888864d17313873a984ac79a3677c1d62aac943f991,
849,EPHEDRACEAE,Ephedra fragilis subsp. fragilis,NO_EXACT_MATCH,False,KEEP_TAXONIC_RESPONSE,2026-08-19T17:29:43.536968+00:00,EXACT_CANONICAL_FOUND,Ephedra fragilis subsp. fragilis,Ephedra fragilis subsp. fragilis,,Accepted,,340448,340448,6ff1e084d7e1de5bce526a9952c96fbb0f13b4f2c615b0fc30c055f88bfb5483,,EXACT_CANONICAL_FOUND,Ephedra fragilis subsp. fragilis,Ephedra fragilis subsp. fragilis,,Accepted,,,wfo-0000802053,ccfc7e3ca85c8b80aa96eb52d4e50e07e1811d28916b544280d8a4f1a043ba72,,EXACT_CANONICAL_FOUND,Ephedra fragilis subsp. fragilis,Ephedra fragilis subsp. fragilis Desf.,Desf.,,,,FUND. BIODIVERSIDAD:ANTHOS:1000673,e6e19630a9415359fba90888864d17313873a984ac79a3677c1d62aac943f991,
850,EPHEDRACEAE,Ephedra major,NO_API_TAXON,False,KEEP_TAXONIC_RESPONSE,2026-08-19T17:29:43.536979+00:00,EXACT_CANONICAL_FOUND,Ephedra major,Ephedra major,Host,Synonym,,332925,332970,6ff1e084d7e1de5bce526a9952c96fbb0f13b4f2c615b0fc30c055f88bfb5483,,EXACT_CANONICAL_FOUND,Ephedra major,Ephedra major,Host,Synonym,,wfo-0000794361,wfo-0000794407,ccfc7e3ca85c8b80aa96eb52d4e50e07e1811d28916b544280d8a4f1a043ba72,,EXACT_CANONICAL_FOUND,Ephedra major,Ephedra major Host,Host,,,,FUND. BIODIVERSIDAD:ANTHOS:19917,e6e19630a9415359fba90888864d17313873a984ac79a3677c1d62aac943f991,
854,ONAGRACEAE,Epilobium duriaei,NO_API_TAXON,False,KEEP_TAXONIC_RESPONSE,2026-08-19T17:29:43.536989+00:00,EXACT_CANONICAL_FOUND,Epilobium duriaei,Epilobium duriaei,J.Gay ex Godr.,Accepted,,2790378,2790378,6ff1e084d7e1de5bce526a9952c96fbb0f13b4f2c615b0fc30c055f88bfb5483,,EXACT_CANONICAL_FOUND,Epilobium duriaei,Epilobium duriaei,J.Gay ex Godr.,Accepted,,,wfo-0000669038,ccfc7e3ca85c8b80aa96eb52d4e50e07e1811d28916b544280d8a4f1a043ba72,,EXACT_CANONICAL_FOUND,Epilobium duriaei,Epilobium duriaei J. Gay ex Godr. in Gren. & Godr.,J. Gay ex Godr. in Gren. & Godr.,,,,FUND. BIODIVERSIDAD:ANTHOS:27637,e6e19630a9415359fba90888864d17313873a984ac79a3677c1d62aac943f991,
862,ONAGRACEAE,Epilobium tetragonum subsp. tournefortii,NO_EXACT_MATCH,False,KEEP_TAXONIC_RESPONSE,2026-08-19T17:29:43.537001+00:00,EXACT_CANONICAL_FOUND,Epilobium tetragonum subsp. tournefortii,Epilobium tetragonum subsp. tournefortii,(Michalet) H.Lév.,Accepted,,2791132,2791132,6ff1e084d7e1de5bce526a9952c96fbb0f13b4f2c615b0fc30c055f88bfb5483,,EXACT_CANONICAL_FOUND,Epilobium tetragonum subsp. tournefortii,Epilobium tetragonum subsp. tournefortii,(Michalet) H.Lév.,Accepted,,,wfo-0000669862,ccfc7e3ca85c8b80aa96eb52d4e50e07e1811d28916b544280d8a4f1a043ba72,,EXACT_CANONICAL_FOUND,Epilobium tetragonum subsp. tournefortii,Epilobium tetragonum subsp. tournefortii (Michalet) Rouy & E.G. Camus,(Michalet) Rouy & E.G. Camus,,,,FUND. BIODIVERSIDAD:ANTHOS:27687,e6e19630a9415359fba90888864d17313873a984ac79a3677c1d62aac943f991,
864,ORCHIDACEAE,Epipactis bugacensis,NO_API_TAXON,False,KEEP_TAXONIC_RESPONSE,2026-08-19T17:29:43.537010+00:00,EXACT_CANONICAL_FOUND,Epipactis bugacensis,Epipactis bugacensis,Robatsch,Accepted,,70106,70106,6ff1e084d7e1de5bce526a9952c96fbb0f13b4f2c615b0fc30c055f88bfb5483,,EXACT_CANONICAL_FOUND,Epipactis bugacensis,Epipactis bugacensis,Robatsch,Accepted,,,wfo-0000951974,ccfc7e3ca85c8b80aa96eb52d4e50e07e1811d28916b544280d8a4f1a043ba72,,EXACT_CANONICAL_NOT_FOUND,,,,,,,,e6e19630a9415359fba90888864d17313873a984ac79a3677c1d62aac943f991,
866,ORCHIDACEAE,Epipactis hispanica,NO_API_TAXON,False,KEEP_TAXONIC_RESPONSE,2026-08-19T17:29:43.537020+00:00,EXACT_CANONICAL_FOUND,Epipactis hispanica,Epipactis hispanica,Benito & C.E.Hermos.,Synonym,,70106,70225,6ff1e084d7e1de5bce526a9952c96fbb0f13b4f2c615b0fc30c055f88bfb5483,,EXACT_CANONICAL_FOUND,Epipactis hispanica,Epipactis hispanica,Benito & C.E.Hermos.,Synonym,,wfo-0000951974,wfo-0000952105,ccfc7e3ca85c8b80aa96eb52d4e50e07e1811d28916b544280d8a4f1a043ba72,,EXACT_CANONICAL_NOT_FOUND,,,,,,,,e6e19630a9415359fba90888864d17313873a984ac79a3677c1d62aac943f991,
870,ORCHIDACEAE,Epipactis parviflora,NO_API_TAXON,False,KEEP_TAXONIC_RESPONSE,2026-08-19T17:29:43.537029+00:00,EXACT_CANONICAL_FOUND,Epipactis parviflora,Epipactis parviflora,(Lindl. ex D.Dietr.) A.A.Eaton,Synonym,,91895,70313,6ff1e084d7e1de5bce526a9952c96fbb0f13b4f2c615b0fc30c055f88bfb5483,,EXACT_CANONICAL_FOUND,Epipactis parviflora,Epipactis parviflora,(Blume) A.A.Eaton,Synonym,,wfo-0000974747,wfo-0000952199,ccfc7e3ca85c8b80aa96eb52d4e50e07e1811d28916b544280d8a4f1a043ba72,,EXACT_CANONICAL_NOT_FOUND,,,,,,,,e6e19630a9415359fba90888864d17313873a984ac79a3677c1d62aac943f991,
871,ORCHIDACEAE,Epipactis phyllantes,NO_API_TAXON,False,NO_RESPONSE_ALL_THREE,2026-08-19T17:29:43.537038+00:00,EXACT_CANONICAL_NOT_FOUND,,,,,,,,6ff1e084d7e1de5bce526a9952c96fbb0f13b4f2c615b0fc30c055f88bfb5483,,EXACT_CANONICAL_NOT_FOUND,,,,,,,,ccfc7e3ca85c8b80aa96eb52d4e50e07e1811d28916b544280d8a4f1a043ba72,,EXACT_CANONICAL_NOT_FOUND,,,,,,,,e6e19630a9415359fba90888864d17313873a984ac79a3677c1d62aac943f991,
873,ORCHIDACEAE,Epipactis tremolsii,NO_API_TAXON,False,KEEP_TAXONIC_RESPONSE,2026-08-19T17:29:43.537047+00:00,EXACT_CANONICAL_FOUND,Epipactis tremolsii,Epipactis tremolsii,Pau,Synonym,,70216,70395,6ff1e084d7e1de5bce526a9952c96fbb0f13b4f2c615b0fc30c055f88bfb5483,,EXACT_CANONICAL_FOUND,Epipactis tremolsii,Epipactis tremolsii,Pau,Synonym,,wfo-0000952095,wfo-0000952286,ccfc7e3ca85c8b80aa96eb52d4e50e07e1811d28916b544280d8a4f1a043ba72,,EXACT_CANONICAL_FOUND,Epipactis tremolsii,Epipactis tremolsii Pau,Pau,,,,FUND. BIODIVERSIDAD:ANTHOS:916121,e6e19630a9415359fba90888864d17313873a984ac79a3677c1d62aac943f991,
881,EQUISETACEAE,Equisetum x litorale,UNPARSABLE_NAME,False,NO_RESPONSE_ALL_THREE,2026-08-19T17:29:43.537056+00:00,EXACT_CANONICAL_NOT_FOUND,,,,,,,,6ff1e084d7e1de5bce526a9952c96fbb0f13b4f2c615b0fc30c055f88bfb5483,,EXACT_CANONICAL_NOT_FOUND,,,,,,,,ccfc7e3ca85c8b80aa96eb52d4e50e07e1811d28916b544280d8a4f1a043ba72,,EXACT_CANONICAL_NOT_FOUND,,,,,,,,e6e19630a9415359fba90888864d17313873a984ac79a3677c1d62aac943f991,
882,EQUISETACEAE,Equisetum x moorei,UNPARSABLE_NAME,False,NO_RESPONSE_ALL_THREE,2026-08-19T17:29:43.537065+00:00,EXACT_CANONICAL_NOT_FOUND,,,,,,,,6ff1e084d7e1de5bce526a9952c96fbb0f13b4f2c615b0fc30c055f88bfb5483,,EXACT_CANONICAL_NOT_FOUND,,,,,,,,ccfc7e3ca85c8b80aa96eb52d4e50e07e1811d28916b544280d8a4f1a043ba72,,EXACT_CANONICAL_NOT_FOUND,,,,,,,,e6e19630a9415359fba90888864d17313873a984ac79a3677c1d62aac943f991,
889,ERICACEAE,Erica scoparia subsp. scoparia,NO_EXACT_MATCH,False,KEEP_TAXONIC_RESPONSE,2026-08-19T17:29:43.537079+00:00,EXACT_CANONICAL_NOT_FOUND,,,,,,,,6ff1e084d7e1de5bce526a9952c96fbb0f13b4f2c615b0fc30c055f88bfb5483,,EXACT_CANONICAL_FOUND,Erica scoparia subsp. scoparia,Erica scoparia subsp. scoparia,,Synonym,,wfo-0000673209,wfo-1200041049,ccfc7e3ca85c8b80aa96eb52d4e50e07e1811d28916b544280d8a4f1a043ba72,,EXACT_CANONICAL_FOUND,Erica scoparia subsp. scoparia,Erica scoparia subsp. scoparia L.,L.,,,,FUND. BIODIVERSIDAD:ANTHOS:28686,e6e19630a9415359fba90888864d17313873a984ac79a3677c1d62aac943f991,
892,ASTERACEAE,Erigeron acer subsp. acer,NO_API_TAXON,False,KEEP_TAXONIC_RESPONSE,2026-08-19T17:29:43.537086+00:00,EXACT_CANONICAL_NOT_FOUND,,,,,,,,6ff1e084d7e1de5bce526a9952c96fbb0f13b4f2c615b0fc30c055f88bfb5483,,EXACT_CANONICAL_FOUND,Erigeron acer subsp. acer,Erigeron acer subsp. acer,,Unchecked,,,wfo-1200112423,ccfc7e3ca85c8b80aa96eb52d4e50e07e1811d28916b544280d8a4f1a043ba72,,EXACT_CANONICAL_NOT_FOUND,,,,,,,,e6e19630a9415359fba90888864d17313873a984ac79a3677c1d62aac943f991,
897,FABACEAE,Erinacea anthyllis,NO_API_TAXON,False,KEEP_TAXONIC_RESPONSE,2026-08-19T17:29:43.537097+00:00,EXACT_CANONICAL_FOUND,Erinacea anthyllis,Erinacea anthyllis,Link,Accepted,,2795349,2795349,6ff1e084d7e1de5bce526a9952c96fbb0f13b4f2c615b0fc30c055f88bfb5483,,EXACT_CANONICAL_FOUND,Erinacea anthyllis,Erinacea anthyllis,Link,Accepted,,,wfo-0000213305,ccfc7e3ca85c8b80aa96eb52d4e50e07e1811d28916b544280d8a4f1a043ba72,,EXACT_CANONICAL_FOUND,Erinacea anthyllis,Erinacea anthyllis Link,Link,,,,FUND. BIODIVERSIDAD:ANTHOS:84964,e6e19630a9415359fba90888864d17313873a984ac79a3677c1d62aac943f991,
898,PLANTAGINACEAE,Erinus alpinus,NO_API_TAXON,False,KEEP_TAXONIC_RESPONSE,2026-08-19T17:29:43.537106+00:00,EXACT_CANONICAL_FOUND,Erinus alpinus,Erinus alpinus,L.,Accepted,,2795362,2795362,6ff1e084d7e1de5bce526a9952c96fbb0f13b4f2c615b0fc30c055f88bfb5483,,EXACT_CANONICAL_FOUND,Erinus alpinus,Erinus alpinus,L.,Accepted,,,wfo-0000674223,ccfc7e3ca85c8b80aa96eb52d4e50e07e1811d28916b544280d8a4f1a043ba72,,EXACT_CANONICAL_FOUND,Erinus alpinus,Erinus alpinus L.,L.,,,,FUND. BIODIVERSIDAD:ANTHOS:31183,e6e19630a9415359fba90888864d17313873a984ac79a3677c1d62aac943f991,
901,GERANIACEAE,Erodium carvifolium,NO_API_TAXON,False,KEEP_TAXONIC_RESPONSE,2026-08-19T17:29:43.537117+00:00,EXACT_CANONICAL_FOUND,Erodium carvifolium,Erodium carvifolium,Boiss. & Reut.,Accepted,,2798159,2798159,6ff1e084d7e1de5bce526a9952c96fbb0f13b4f2c615b0fc30c055f88bfb5483,,EXACT_CANONICAL_FOUND,Erodium carvifolium,Erodium carvifolium,Boiss. & Reut.,Accepted,,,wfo-0000676772,ccfc7e3ca85c8b80aa96eb52d4e50e07e1811d28916b544280d8a4f1a043ba72,,EXACT_CANONICAL_FOUND,Erodium carvifolium,Erodium carvifolium Boiss. & Reut.,Boiss. & Reut.,,,,FUND. BIODIVERSIDAD:ANTHOS:67903,e6e19630a9415359fba90888864d17313873a984ac79a3677c1d62aac943f991,
902,GERANIACEAE,Erodium castellanum,NO_API_TAXON,False,KEEP_TAXONIC_RESPONSE,2026-08-19T17:29:43.537127+00:00,EXACT_CANONICAL_FOUND,Erodium castellanum,Erodium castellanum,(Pau) Guitt.,Synonym,,2798159,2798160,6ff1e084d7e1de5bce526a9952c96fbb0f13b4f2c615b0fc30c055f88bfb5483,,EXACT_CANONICAL_FOUND,Erodium castellanum,Erodium castellanum,(Pau) Guitt.,Synonym,,wfo-0000676772,wfo-0000676774,ccfc7e3ca85c8b80aa96eb52d4e50e07e1811d28916b544280d8a4f1a043ba72,,EXACT_CANONICAL_NOT_FOUND,,,,,,,,e6e19630a9415359fba90888864d17313873a984ac79a3677c1d62aac943f991,
905,GERANIACEAE,Erodium daucoides,NO_API_TAXON,False,KEEP_TAXONIC_RESPONSE,2026-08-19T17:29:43.537137+00:00,EXACT_CANONICAL_FOUND,Erodium daucoides,Erodium daucoides,Boiss.,Accepted,,2798213,2798213,6ff1e084d7e1de5bce526a9952c96fbb0f13b4f2c615b0fc30c055f88bfb5483,,EXACT_CANONICAL_FOUND,Erodium daucoides,Erodium daucoides,Boiss.,Accepted,,,wfo-0000676833,ccfc7e3ca85c8b80aa96eb52d4e50e07e1811d28916b544280d8a4f1a043ba72,,EXACT_CANONICAL_FOUND,Erodium daucoides,Erodium daucoides Boiss.,Boiss.,,,,FUND. BIODIVERSIDAD:ANTHOS:26083,e6e19630a9415359fba90888864d17313873a984ac79a3677c1d62aac943f991,
906,GERANIACEAE,Erodium glandulosum,NO_API_TAXON,False,KEEP_TAXONIC_RESPONSE,2026-08-19T17:29:43.537147+00:00,EXACT_CANONICAL_FOUND,Erodium glandulosum,Erodium glandulosum,Dumort.,Illegitimate,,3264311,2798246,6ff1e084d7e1de5bce526a9952c96fbb0f13b4f2c615b0fc30c055f88bfb5483,,EXACT_CANONICAL_FOUND,Erodium glandulosum,Erodium glandulosum,(Cav.) Willd.,Accepted,,,wfo-0000676868,ccfc7e3ca85c8b80aa96eb52d4e50e07e1811d28916b544280d8a4f1a043ba72,,EXACT_CANONICAL_FOUND,Erodium glandulosum,Erodium glandulosum (Cav.) Willd.,(Cav.) Willd.,,,,FUND. BIODIVERSIDAD:ANTHOS:26050,e6e19630a9415359fba90888864d17313873a984ac79a3677c1d62aac943f991,
909,BRASSICACEAE,Erophila verna,NO_API_TAXON,False,KEEP_TAXONIC_RESPONSE,2026-08-19T17:29:43.537201+00:00,EXACT_CANONICAL_FOUND,Erophila verna,Erophila verna,(L.) DC.,Synonym,,2777499,2798608,6ff1e084d7e1de5bce526a9952c96fbb0f13b4f2c615b0fc30c055f88bfb5483,,EXACT_CANONICAL_FOUND,Erophila verna,Erophila verna,(L.) DC.,Synonym,,wfo-0000656282,wfo-0000677261,ccfc7e3ca85c8b80aa96eb52d4e50e07e1811d28916b544280d8a4f1a043ba72,,EXACT_CANONICAL_FOUND,Erophila verna,Erophila verna (L.) Chevall.,(L.) Chevall.,,,,FUND. BIODIVERSIDAD:ANTHOS:22937,e6e19630a9415359fba90888864d17313873a984ac79a3677c1d62aac943f991,
911,BRASSICACEAE,Erucastrum nasturtiifolium,NO_API_TAXON,False,KEEP_TAXONIC_RESPONSE,2026-08-19T17:29:43.537217+00:00,EXACT_CANONICAL_FOUND,Erucastrum nasturtiifolium,Erucastrum nasturtiifolium,(Poir.) O.E.Schulz,Accepted,,2798870,2798870,6ff1e084d7e1de5bce526a9952c96fbb0f13b4f2c615b0fc30c055f88bfb5483,,EXACT_CANONICAL_FOUND,Erucastrum nasturtiifolium,Erucastrum nasturtiifolium,(Poir.) O.E.Schulz,Accepted,,,wfo-0000677532,ccfc7e3ca85c8b80aa96eb52d4e50e07e1811d28916b544280d8a4f1a043ba72,,EXACT_CANONICAL_FOUND,Erucastrum nasturtiifolium,Erucastrum nasturtiifolium (Poir.) O.E. Schulz,(Poir.) O.E. Schulz,,,,FUND. BIODIVERSIDAD:ANTHOS:23301,e6e19630a9415359fba90888864d17313873a984ac79a3677c1d62aac943f991,
912,BRASSICACEAE,Erucastrum nasturtiifolium subsp. sudrei,NO_API_TAXON,False,KEEP_TAXONIC_RESPONSE,2026-08-19T17:29:43.537233+00:00,EXACT_CANONICAL_FOUND,Erucastrum nasturtiifolium subsp. sudrei,Erucastrum nasturtiifolium subsp. sudrei,Vivant,Accepted,,2798872,2798872,6ff1e084d7e1de5bce526a9952c96fbb0f13b4f2c615b0fc30c055f88bfb5483,,EXACT_CANONICAL_FOUND,Erucastrum nasturtiifolium subsp. sudrei,Erucastrum nasturtiifolium subsp. sudrei,Vivant,Accepted,,,wfo-0001364341,ccfc7e3ca85c8b80aa96eb52d4e50e07e1811d28916b544280d8a4f1a043ba72,,EXACT_CANONICAL_FOUND,Erucastrum nasturtiifolium subsp. sudrei,Erucastrum nasturtiifolium subsp. sudrei Vivant,Vivant,,,,FUND. BIODIVERSIDAD:ANTHOS:1333400,e6e19630a9415359fba90888864d17313873a984ac79a3677c1d62aac943f991,
916,BRASSICACEAE,Erysimum gorbeanum,NO_API_TAXON,False,KEEP_TAXONIC_RESPONSE,2026-08-19T17:29:43.537247+00:00,EXACT_CANONICAL_FOUND,Erysimum gorbeanum,Erysimum gorbeanum,Polatschek,Synonym,,2799994,2800067,6ff1e084d7e1de5bce526a9952c96fbb0f13b4f2c615b0fc30c055f88bfb5483,,EXACT_CANONICAL_FOUND,Erysimum gorbeanum,Erysimum gorbeanum,Polatschek,Accepted,,,wfo-0000678764,ccfc7e3ca85c8b80aa96eb52d4e50e07e1811d28916b544280d8a4f1a043ba72,,EXACT_CANONICAL_FOUND,Erysimum gorbeanum,Erysimum gorbeanum Polatschek,Polatschek,,,,FUND. BIODIVERSIDAD:ANTHOS:66632,e6e19630a9415359fba90888864d17313873a984ac79a3677c1d62aac943f991,
917,BRASSICACEAE,Erysimum incanum subsp. mairei,NO_API_TAXON,False,KEEP_TAXONIC_RESPONSE,2026-08-19T17:29:43.537261+00:00,EXACT_CANONICAL_FOUND,Erysimum incanum subsp. mairei,Erysimum incanum subsp. mairei,(Sennen & Mauricio ex Maire) Nieto Fel.,Synonym,,3264341,2800138,6ff1e084d7e1de5bce526a9952c96fbb0f13b4f2c615b0fc30c055f88bfb5483,,EXACT_CANONICAL_FOUND,Erysimum incanum subsp. mairei,Erysimum incanum subsp. mairei,(Sennen & Mauricio ex Maire) Nieto Fel.,Synonym,,wfo-0000678837,wfo-0000678840,ccfc7e3ca85c8b80aa96eb52d4e50e07e1811d28916b544280d8a4f1a043ba72,,EXACT_CANONICAL_FOUND,Erysimum incanum subsp. mairei,Erysimum incanum subsp. mairei (Sennen & Mauricio) Nieto Fel.,(Sennen & Mauricio) Nieto Fel.,,,,FUND. BIODIVERSIDAD:ANTHOS:113864,e6e19630a9415359fba90888864d17313873a984ac79a3677c1d62aac943f991,
918,BRASSICACEAE,Erysimum incanum subsp. matritense,NO_API_TAXON,False,KEEP_TAXONIC_RESPONSE,2026-08-19T17:29:43.537275+00:00,EXACT_CANONICAL_FOUND,Erysimum incanum subsp. matritense,Erysimum incanum subsp. matritense,(Pau) G.López,Synonym,,3264341,2800139,6ff1e084d7e1de5bce526a9952c96fbb0f13b4f2c615b0fc30c055f88bfb5483,,EXACT_CANONICAL_FOUND,Erysimum incanum subsp. matritense,Erysimum incanum subsp. matritense,(Pau) G.López,Synonym,,wfo-0000678837,wfo-0000678841,ccfc7e3ca85c8b80aa96eb52d4e50e07e1811d28916b544280d8a4f1a043ba72,,EXACT_CANONICAL_NOT_FOUND,,,,,,,,e6e19630a9415359fba90888864d17313873a984ac79a3677c1d62aac943f991,
919,BRASSICACEAE,Erysimum mediohispanicum,NO_API_TAXON,False,KEEP_TAXONIC_RESPONSE,2026-08-19T17:29:43.537290+00:00,EXACT_CANONICAL_FOUND,Erysimum mediohispanicum,Erysimum mediohispanicum,Polatschek,Synonym,,2800294,2800245,6ff1e084d7e1de5bce526a9952c96fbb0f13b4f2c615b0fc30c055f88bfb5483,,EXACT_CANONICAL_FOUND,Erysimum mediohispanicum,Erysimum mediohispanicum,Polatschek,Accepted,,,wfo-0000678958,ccfc7e3ca85c8b80aa96eb52d4e50e07e1811d28916b544280d8a4f1a043ba72,,EXACT_CANONICAL_FOUND,Erysimum mediohispanicum,Erysimum mediohispanicum Polatschek,Polatschek,,,,FUND. BIODIVERSIDAD:ANTHOS:55122,e6e19630a9415359fba90888864d17313873a984ac79a3677c1d62aac943f991,
925,EUPHORBIACEAE,Euphorbia angulata,NO_API_TAXON,False,KEEP_TAXONIC_RESPONSE,2026-08-19T17:29:43.537305+00:00,EXACT_CANONICAL_FOUND,Euphorbia angulata,Euphorbia angulata,Jacq.,Accepted,,78351,78351,6ff1e084d7e1de5bce526a9952c96fbb0f13b4f2c615b0fc30c055f88bfb5483,,EXACT_CANONICAL_FOUND,Euphorbia angulata,Euphorbia angulata,Jacq.,Accepted,,,wfo-0000960696,ccfc7e3ca85c8b80aa96eb52d4e50e07e1811d28916b544280d8a4f1a043ba72,,EXACT_CANONICAL_FOUND,Euphorbia angulata,Euphorbia angulata Jacq.,Jacq.,,,,FUND. BIODIVERSIDAD:ANTHOS:1124758,e6e19630a9415359fba90888864d17313873a984ac79a3677c1d62aac943f991,
927,EUPHORBIACEAE,Euphorbia dulcis,NO_API_TAXON,False,KEEP_TAXONIC_RESPONSE,2026-08-19T17:29:43.537318+00:00,EXACT_CANONICAL_FOUND,Euphorbia dulcis,Euphorbia dulcis,L.,Accepted,,79427,79427,6ff1e084d7e1de5bce526a9952c96fbb0f13b4f2c615b0fc30c055f88bfb5483,,EXACT_CANONICAL_FOUND,Euphorbia dulcis,Euphorbia dulcis,L.,Accepted,,,wfo-0000961826,ccfc7e3ca85c8b80aa96eb52d4e50e07e1811d28916b544280d8a4f1a043ba72,,EXACT_CANONICAL_FOUND,Euphorbia dulcis,Euphorbia dulcis L.,L.,,,,FUND. BIODIVERSIDAD:ANTHOS:26298,e6e19630a9415359fba90888864d17313873a984ac79a3677c1d62aac943f991,
931,EUPHORBIACEAE,Euphorbia falcata subsp. falcata,NO_EXACT_MATCH,False,KEEP_TAXONIC_RESPONSE,2026-08-19T17:29:43.537334+00:00,EXACT_CANONICAL_FOUND,Euphorbia falcata subsp. falcata,Euphorbia falcata subsp. falcata,,Synonym,,79628,79630,6ff1e084d7e1de5bce526a9952c96fbb0f13b4f2c615b0fc30c055f88bfb5483,,EXACT_CANONICAL_FOUND,Euphorbia falcata subsp. falcata,Euphorbia falcata subsp. falcata,,Synonym,,wfo-0000962039,wfo-0000962042,ccfc7e3ca85c8b80aa96eb52d4e50e07e1811d28916b544280d8a4f1a043ba72,,EXACT_CANONICAL_FOUND,Euphorbia falcata subsp. falcata,Euphorbia falcata subsp. falcata L.,L.,,,,FUND. BIODIVERSIDAD:ANTHOS:56474,e6e19630a9415359fba90888864d17313873a984ac79a3677c1d62aac943f991,
932,EUPHORBIACEAE,Euphorbia flavicoma subsp. occidentalis,NO_API_TAXON,False,KEEP_TAXONIC_RESPONSE,2026-08-19T17:29:43.537349+00:00,EXACT_CANONICAL_FOUND,Euphorbia flavicoma subsp. occidentalis,Euphorbia flavicoma subsp. occidentalis,M.Laínz,Accepted,,79702,79702,6ff1e084d7e1de5bce526a9952c96fbb0f13b4f2c615b0fc30c055f88bfb5483,,EXACT_CANONICAL_FOUND,Euphorbia flavicoma subsp. occidentalis,Euphorbia flavicoma subsp. occidentalis,M.Laínz,Accepted,,,wfo-0001364434,ccfc7e3ca85c8b80aa96eb52d4e50e07e1811d28916b544280d8a4f1a043ba72,,EXACT_CANONICAL_FOUND,Euphorbia flavicoma subsp. occidentalis,Euphorbia flavicoma subsp. occidentalis M. Laínz,M. Laínz,,,,FUND. BIODIVERSIDAD:ANTHOS:26280,e6e19630a9415359fba90888864d17313873a984ac79a3677c1d62aac943f991,
934,EUPHORBIACEAE,Euphorbia helioscopin subsp. helioscopioides,NO_API_TAXON,False,NO_RESPONSE_ALL_THREE,2026-08-19T17:29:43.537364+00:00,EXACT_CANONICAL_NOT_FOUND,,,,,,,,6ff1e084d7e1de5bce526a9952c96fbb0f13b4f2c615b0fc30c055f88bfb5483,,EXACT_CANONICAL_NOT_FOUND,,,,,,,,ccfc7e3ca85c8b80aa96eb52d4e50e07e1811d28916b544280d8a4f1a043ba72,,EXACT_CANONICAL_NOT_FOUND,,,,,,,,e6e19630a9415359fba90888864d17313873a984ac79a3677c1d62aac943f991,
936,EUPHORBIACEAE,Euphorbia hyberna,NO_API_TAXON,False,KEEP_TAXONIC_RESPONSE,2026-08-19T17:29:43.537378+00:00,EXACT_CANONICAL_FOUND,Euphorbia hyberna,Euphorbia hyberna,L.,Accepted,,80209,80209,6ff1e084d7e1de5bce526a9952c96fbb0f13b4f2c615b0fc30c055f88bfb5483,,EXACT_CANONICAL_FOUND,Euphorbia hyberna,Euphorbia hyberna,L.,Accepted,,,wfo-0000962639,ccfc7e3ca85c8b80aa96eb52d4e50e07e1811d28916b544280d8a4f1a043ba72,,EXACT_CANONICAL_FOUND,Euphorbia hyberna,Euphorbia hyberna L.,L.,,,,FUND. BIODIVERSIDAD:ANTHOS:60225,e6e19630a9415359fba90888864d17313873a984ac79a3677c1d62aac943f991,
937,EUPHORBIACEAE,Euphorbia minuta,NO_API_TAXON,False,KEEP_TAXONIC_RESPONSE,2026-08-19T17:29:43.537391+00:00,EXACT_CANONICAL_FOUND,Euphorbia minuta,Euphorbia minuta,Phil.,Illegitimate,,78284,80908,6ff1e084d7e1de5bce526a9952c96fbb0f13b4f2c615b0fc30c055f88bfb5483,,EXACT_CANONICAL_FOUND,Euphorbia minuta,Euphorbia minuta,Loscos & J.Pardo,Accepted,,,wfo-0000963376,ccfc7e3ca85c8b80aa96eb52d4e50e07e1811d28916b544280d8a4f1a043ba72,,EXACT_CANONICAL_FOUND,Euphorbia minuta,Euphorbia minuta Loscos & J. Pardo in Willk. (ed.),Loscos & J. Pardo in Willk. (ed.),,,,FUND. BIODIVERSIDAD:ANTHOS:26431,e6e19630a9415359fba90888864d17313873a984ac79a3677c1d62aac943f991,
938,EUPHORBIACEAE,Euphorbia nevadensis subsp. aragonensis,NO_EXACT_MATCH,False,KEEP_TAXONIC_RESPONSE,2026-08-19T17:29:43.537406+00:00,EXACT_CANONICAL_FOUND,Euphorbia nevadensis subsp. aragonensis,Euphorbia nevadensis subsp. aragonensis,(Loscos & J.Pardo) O.Bolòs & Vigo,Accepted,,81088,81088,6ff1e084d7e1de5bce526a9952c96fbb0f13b4f2c615b0fc30c055f88bfb5483,,EXACT_CANONICAL_FOUND,Euphorbia nevadensis subsp. aragonensis,Euphorbia nevadensis subsp. aragonensis,(Loscos & J.Pardo) O.Bolòs & Vigo,Accepted,,,wfo-0000963564,ccfc7e3ca85c8b80aa96eb52d4e50e07e1811d28916b544280d8a4f1a043ba72,,EXACT_CANONICAL_FOUND,Euphorbia nevadensis subsp. aragonensis,Euphorbia nevadensis subsp. aragonensis (Loscos & J. Pardo) O. Bolòs & Vigo,(Loscos & J. Pardo) O. Bolòs & Vigo,,,,FUND. BIODIVERSIDAD:ANTHOS:930850,e6e19630a9415359fba90888864d17313873a984ac79a3677c1d62aac943f991,
939,EUPHORBIACEAE,Euphorbia nevadensis subsp. bolosii,NO_EXACT_MATCH,False,KEEP_TAXONIC_RESPONSE,2026-08-19T17:29:43.537422+00:00,EXACT_CANONICAL_FOUND,Euphorbia nevadensis subsp. bolosii,Euphorbia nevadensis subsp. bolosii,Molero & Rovira,Accepted,,81089,81089,6ff1e084d7e1de5bce526a9952c96fbb0f13b4f2c615b0fc30c055f88bfb5483,,EXACT_CANONICAL_FOUND,Euphorbia nevadensis subsp. bolosii,Euphorbia nevadensis subsp. bolosii,Molero & Rovira,Accepted,,,wfo-0000963565,ccfc7e3ca85c8b80aa96eb52d4e50e07e1811d28916b544280d8a4f1a043ba72,,EXACT_CANONICAL_FOUND,Euphorbia nevadensis subsp. bolosii,Euphorbia nevadensis subsp. bolosii Molero & Rovira,Molero & Rovira,,,,FUND. BIODIVERSIDAD:ANTHOS:934060,e6e19630a9415359fba90888864d17313873a984ac79a3677c1d62aac943f991,
940,EUPHORBIACEAE,Euphorbia nicaeensis,NO_API_TAXON,False,KEEP_TAXONIC_RESPONSE,2026-08-19T17:29:43.537435+00:00,EXACT_CANONICAL_FOUND,Euphorbia nicaeensis,Euphorbia nicaeensis,All.,Accepted,,81093,81093,6ff1e084d7e1de5bce526a9952c96fbb0f13b4f2c615b0fc30c055f88bfb5483,,EXACT_CANONICAL_FOUND,Euphorbia nicaeensis,Euphorbia nicaeensis,All.,Accepted,,,wfo-0000963568,ccfc7e3ca85c8b80aa96eb52d4e50e07e1811d28916b544280d8a4f1a043ba72,,EXACT_CANONICAL_FOUND,Euphorbia nicaeensis,Euphorbia nicaeensis All.,All.,,,,FUND. BIODIVERSIDAD:ANTHOS:78247,e6e19630a9415359fba90888864d17313873a984ac79a3677c1d62aac943f991,
944,EUPHORBIACEAE,Euphorbia serrata,NO_API_TAXON,False,KEEP_TAXONIC_RESPONSE,2026-08-19T17:29:43.537449+00:00,EXACT_CANONICAL_FOUND,Euphorbia serrata,Euphorbia serrata,L.,Accepted,,82170,82170,6ff1e084d7e1de5bce526a9952c96fbb0f13b4f2c615b0fc30c055f88bfb5483,,EXACT_CANONICAL_FOUND,Euphorbia serrata,Euphorbia serrata,L.,Accepted,,,wfo-0000964719,ccfc7e3ca85c8b80aa96eb52d4e50e07e1811d28916b544280d8a4f1a043ba72,,EXACT_CANONICAL_FOUND,Euphorbia serrata,Euphorbia serrata L.,L.,,,,FUND. BIODIVERSIDAD:ANTHOS:26249,e6e19630a9415359fba90888864d17313873a984ac79a3677c1d62aac943f991,
945,EUPHORBIACEAE,Euphorbia sulcata,NO_API_TAXON,False,KEEP_TAXONIC_RESPONSE,2026-08-19T17:29:43.537462+00:00,EXACT_CANONICAL_FOUND,Euphorbia sulcata,Euphorbia sulcata,Lem. ex Boiss.,Invalid,,81432,82396,6ff1e084d7e1de5bce526a9952c96fbb0f13b4f2c615b0fc30c055f88bfb5483,,EXACT_CANONICAL_FOUND,Euphorbia sulcata,Euphorbia sulcata,De Lens ex Loizel.,Accepted,,,wfo-0000964960,ccfc7e3ca85c8b80aa96eb52d4e50e07e1811d28916b544280d8a4f1a043ba72,,EXACT_CANONICAL_FOUND,Euphorbia sulcata,Euphorbia sulcata Lens ex Loisel.,Lens ex Loisel.,,,,FUND. BIODIVERSIDAD:ANTHOS:26398,e6e19630a9415359fba90888864d17313873a984ac79a3677c1d62aac943f991,
946,OROBANCHACEAE,Euphrasia hirtella,NO_API_TAXON,False,KEEP_TAXONIC_RESPONSE,2026-08-19T17:29:43.537477+00:00,EXACT_CANONICAL_FOUND,Euphrasia hirtella,Euphrasia hirtella,Jord. ex Reut.,Accepted,,2804113,2804113,6ff1e084d7e1de5bce526a9952c96fbb0f13b4f2c615b0fc30c055f88bfb5483,,EXACT_CANONICAL_FOUND,Euphrasia hirtella,Euphrasia hirtella,Jord. ex Reut.,Accepted,,,wfo-0001137330,ccfc7e3ca85c8b80aa96eb52d4e50e07e1811d28916b544280d8a4f1a043ba72,,EXACT_CANONICAL_FOUND,Euphrasia hirtella,Euphrasia hirtella Jord. ex Reut.,Jord. ex Reut.,,,,FUND. BIODIVERSIDAD:ANTHOS:31459,e6e19630a9415359fba90888864d17313873a984ac79a3677c1d62aac943f991,
948,OROBANCHACEAE,Euphrasia officinalis subsp. rostkovina,NO_EXACT_MATCH,False,NO_RESPONSE_ALL_THREE,2026-08-19T17:29:43.537489+00:00,EXACT_CANONICAL_NOT_FOUND,,,,,,,,6ff1e084d7e1de5bce526a9952c96fbb0f13b4f2c615b0fc30c055f88bfb5483,,EXACT_CANONICAL_NOT_FOUND,,,,,,,,ccfc7e3ca85c8b80aa96eb52d4e50e07e1811d28916b544280d8a4f1a043ba72,,EXACT_CANONICAL_NOT_FOUND,,,,,,,,e6e19630a9415359fba90888864d17313873a984ac79a3677c1d62aac943f991,
949,OROBANCHACEAE,Euphrasia pectinata,NO_API_TAXON,False,KEEP_TAXONIC_RESPONSE,2026-08-19T17:29:43.537503+00:00,EXACT_CANONICAL_FOUND,Euphrasia pectinata,Euphrasia pectinata,Ten.,Accepted,,2804312,2804312,6ff1e084d7e1de5bce526a9952c96fbb0f13b4f2c615b0fc30c055f88bfb5483,,EXACT_CANONICAL_FOUND,Euphrasia pectinata,Euphrasia pectinata,Ten.,Accepted,,,wfo-0001138653,ccfc7e3ca85c8b80aa96eb52d4e50e07e1811d28916b544280d8a4f1a043ba72,,EXACT_CANONICAL_FOUND,Euphrasia pectinata,Euphrasia pectinata Ten.,Ten.,,,,FUND. BIODIVERSIDAD:ANTHOS:31478,e6e19630a9415359fba90888864d17313873a984ac79a3677c1d62aac943f991,
958,APIACEAE,Ferula communis subsp. catalaunica,NO_EXACT_MATCH,False,KEEP_TAXONIC_RESPONSE,2026-08-19T17:29:43.537518+00:00,EXACT_CANONICAL_FOUND,Ferula communis subsp. catalaunica,Ferula communis subsp. catalaunica,(Pau) Sánchez-Cux. & M.Bernal,Accepted,,2808374,2808374,6ff1e084d7e1de5bce526a9952c96fbb0f13b4f2c615b0fc30c055f88bfb5483,,EXACT_CANONICAL_FOUND,Ferula communis subsp. catalaunica,Ferula communis subsp. catalaunica,(Pau) Sánchez-Cux. & M.Bernal,Accepted,,,wfo-0000686509,ccfc7e3ca85c8b80aa96eb52d4e50e07e1811d28916b544280d8a4f1a043ba72,,EXACT_CANONICAL_FOUND,Ferula communis subsp. catalaunica,Ferula communis subsp. catalaunica (Pau ex C. Vicioso) Sánchez Cuxart & M. Bernal,(Pau ex C. Vicioso) Sánchez Cuxart & M. Bernal,,,,FUND. BIODIVERSIDAD:ANTHOS:858310,e6e19630a9415359fba90888864d17313873a984ac79a3677c1d62aac943f991,
959,POACEAE,Festuca altissima,NO_API_TAXON,False,KEEP_TAXONIC_RESPONSE,2026-08-19T17:29:43.537530+00:00,EXACT_CANONICAL_FOUND,Festuca altissima,Festuca altissima,All.,Accepted,,414433,414433,6ff1e084d7e1de5bce526a9952c96fbb0f13b4f2c615b0fc30c055f88bfb5483,,EXACT_CANONICAL_FOUND,Festuca altissima,Festuca altissima,All.,Accepted,,,wfo-0000869733,ccfc7e3ca85c8b80aa96eb52d4e50e07e1811d28916b544280d8a4f1a043ba72,,EXACT_CANONICAL_FOUND,Festuca altissima,Festuca altissima All.,All.,,,,FUND. BIODIVERSIDAD:ANTHOS:1124355,e6e19630a9415359fba90888864d17313873a984ac79a3677c1d62aac943f991,
961,POACEAE,Festuca arundinacea,NO_API_TAXON,False,KEEP_TAXONIC_RESPONSE,2026-08-19T17:29:43.537545+00:00,EXACT_CANONICAL_FOUND,Festuca arundinacea,Festuca arundinacea,Vill.,Illegitimate,,416502,414516,6ff1e084d7e1de5bce526a9952c96fbb0f13b4f2c615b0fc30c055f88bfb5483,,EXACT_CANONICAL_FOUND,Festuca arundinacea,Festuca arundinacea,Vill.,Synonym,,wfo-0000871854,wfo-0000869818,ccfc7e3ca85c8b80aa96eb52d4e50e07e1811d28916b544280d8a4f1a043ba72,,EXACT_CANONICAL_FOUND,Festuca arundinacea,Festuca arundinacea Schreb.,Schreb.,,,,FUND. BIODIVERSIDAD:ANTHOS:35967,e6e19630a9415359fba90888864d17313873a984ac79a3677c1d62aac943f991,
962,POACEAE,Festuca arundinacea subsp. fenas,NO_API_TAXON,False,KEEP_TAXONIC_RESPONSE,2026-08-19T17:29:43.537555+00:00,EXACT_CANONICAL_FOUND,Festuca arundinacea subsp. fenas,Festuca arundinacea subsp. fenas,(Lag.) Arcang.,Synonym,,525693,414526,6ff1e084d7e1de5bce526a9952c96fbb0f13b4f2c615b0fc30c055f88bfb5483,,EXACT_CANONICAL_FOUND,Festuca arundinacea subsp. fenas,Festuca arundinacea subsp. fenas,(Lag.) Arcang.,Synonym,,wfo-0001427118,wfo-0000869829,ccfc7e3ca85c8b80aa96eb52d4e50e07e1811d28916b544280d8a4f1a043ba72,,EXACT_CANONICAL_NOT_FOUND,,,,,,,,e6e19630a9415359fba90888864d17313873a984ac79a3677c1d62aac943f991,
963,POACEAE,Festuca carpetana,NO_API_TAXON,False,NO_RESPONSE_ALL_THREE,2026-08-19T17:29:43.537565+00:00,EXACT_CANONICAL_NOT_FOUND,,,,,,,,6ff1e084d7e1de5bce526a9952c96fbb0f13b4f2c615b0fc30c055f88bfb5483,,EXACT_CANONICAL_NOT_FOUND,,,,,,,,ccfc7e3ca85c8b80aa96eb52d4e50e07e1811d28916b544280d8a4f1a043ba72,,EXACT_CANONICAL_NOT_FOUND,,,,,,,,e6e19630a9415359fba90888864d17313873a984ac79a3677c1d62aac943f991,
964,POACEAE,Festuca durandoi subsp. livida,NO_EXACT_MATCH,False,KEEP_TAXONIC_RESPONSE,2026-08-19T17:29:43.537574+00:00,EXACT_CANONICAL_FOUND,Festuca durandoi subsp. livida,Festuca durandoi subsp. livida,(Hack.) Rivas Ponce & Cebolla,Synonym,,3331366,415021,6ff1e084d7e1de5bce526a9952c96fbb0f13b4f2c615b0fc30c055f88bfb5483,,EXACT_CANONICAL_FOUND,Festuca durandoi subsp. livida,Festuca durandoi subsp. livida,(Hack.) Rivas Ponce & Cebolla,Synonym,,wfo-0000918620,wfo-0000870345,ccfc7e3ca85c8b80aa96eb52d4e50e07e1811d28916b544280d8a4f1a043ba72,,EXACT_CANONICAL_NOT_FOUND,,,,,,,,e6e19630a9415359fba90888864d17313873a984ac79a3677c1d62aac943f991,
965,POACEAE,Festuca gautieri,NO_API_TAXON,False,KEEP_TAXONIC_RESPONSE,2026-08-19T17:29:43.537584+00:00,EXACT_CANONICAL_FOUND,Festuca gautieri,Festuca gautieri,(Hack.) K.Richt.,Accepted,,415222,415222,6ff1e084d7e1de5bce526a9952c96fbb0f13b4f2c615b0fc30c055f88bfb5483,,EXACT_CANONICAL_FOUND,Festuca gautieri,Festuca gautieri,(Hack.) K.Richt.,Accepted,,,wfo-0000870544,ccfc7e3ca85c8b80aa96eb52d4e50e07e1811d28916b544280d8a4f1a043ba72,,EXACT_CANONICAL_FOUND,Festuca gautieri,Festuca gautieri (Hack.) K. Richt.,(Hack.) K. Richt.,,,,FUND. BIODIVERSIDAD:ANTHOS:35984,e6e19630a9415359fba90888864d17313873a984ac79a3677c1d62aac943f991,
966,POACEAE,Festuca gigantea,NO_API_TAXON,False,KEEP_TAXONIC_RESPONSE,2026-08-19T17:29:43.537593+00:00,EXACT_CANONICAL_FOUND,Festuca gigantea,Festuca gigantea,Krock.,Illegitimate,,3331370,415238,6ff1e084d7e1de5bce526a9952c96fbb0f13b4f2c615b0fc30c055f88bfb5483,,EXACT_CANONICAL_FOUND,Festuca gigantea,Festuca gigantea,(L.) Vill.,Synonym,,wfo-0000878391,wfo-0000870560,ccfc7e3ca85c8b80aa96eb52d4e50e07e1811d28916b544280d8a4f1a043ba72,,EXACT_CANONICAL_FOUND,Festuca gigantea,Festuca gigantea (L.) Vill.,(L.) Vill.,,,,FUND. BIODIVERSIDAD:ANTHOS:35954,e6e19630a9415359fba90888864d17313873a984ac79a3677c1d62aac943f991,
967,POACEAE,Festuca gracilior,NO_API_TAXON,False,KEEP_TAXONIC_RESPONSE,2026-08-19T17:29:43.537604+00:00,EXACT_CANONICAL_FOUND,Festuca gracilior,Festuca gracilior,(Hack.) Markgr.-Dann.,Accepted,,415290,415290,6ff1e084d7e1de5bce526a9952c96fbb0f13b4f2c615b0fc30c055f88bfb5483,,EXACT_CANONICAL_FOUND,Festuca gracilior,Festuca gracilior,(Hack.) Markgr.-Dann.,Accepted,,,wfo-0000870618,ccfc7e3ca85c8b80aa96eb52d4e50e07e1811d28916b544280d8a4f1a043ba72,,EXACT_CANONICAL_FOUND,Festuca gracilior,Festuca gracilior (Hack.) Markgr.-Dann.,(Hack.) Markgr.-Dann.,,,,FUND. BIODIVERSIDAD:ANTHOS:495082,e6e19630a9415359fba90888864d17313873a984ac79a3677c1d62aac943f991,
968,POACEAE,Festuca heterophylla subsp. braun-blanquetii,NO_EXACT_MATCH,False,KEEP_TAXONIC_RESPONSE,2026-08-19T17:29:43.537615+00:00,EXACT_CANONICAL_FOUND,Festuca heterophylla subsp. braun-blanquetii,Festuca heterophylla subsp. braun-blanquetii,"Fuente, Ortúñez & Ferrero Lom.",Synonym,,415363,415366,6ff1e084d7e1de5bce526a9952c96fbb0f13b4f2c615b0fc30c055f88bfb5483,,EXACT_CANONICAL_FOUND,Festuca heterophylla subsp. braun-blanquetii,Festuca heterophylla subsp. braun-blanquetii,"Fuente, Ortúñez & Ferrero Lom.",Synonym,,wfo-0000870696,wfo-0000870699,ccfc7e3ca85c8b80aa96eb52d4e50e07e1811d28916b544280d8a4f1a043ba72,,EXACT_CANONICAL_FOUND,Festuca heterophylla subsp. braun-blanquetii,"Festuca heterophylla subsp. braun-blanquetii Fuente, Ortúñez & Ferrero","Fuente, Ortúñez & Ferrero",,,,FUND. BIODIVERSIDAD:ANTHOS:2068055,e6e19630a9415359fba90888864d17313873a984ac79a3677c1d62aac943f991,
971,POACEAE,Festuca marginata subsp. andres-molinae,NO_API_TAXON,False,KEEP_TAXONIC_RESPONSE,2026-08-19T17:29:43.537627+00:00,EXACT_CANONICAL_NOT_FOUND,,,,,,,,6ff1e084d7e1de5bce526a9952c96fbb0f13b4f2c615b0fc30c055f88bfb5483,,EXACT_CANONICAL_NOT_FOUND,,,,,,,,ccfc7e3ca85c8b80aa96eb52d4e50e07e1811d28916b544280d8a4f1a043ba72,,EXACT_CANONICAL_FOUND,Festuca marginata subsp. andres-molinae,Festuca marginata subsp. andres-molinae Fuente & Ortúñez,Fuente & Ortúñez,,,,FUND. BIODIVERSIDAD:ANTHOS:1129077,e6e19630a9415359fba90888864d17313873a984ac79a3677c1d62aac943f991,
972,POACEAE,Festuca marginata subsp. gallica,NO_API_TAXON,False,KEEP_TAXONIC_RESPONSE,2026-08-19T17:29:43.537638+00:00,EXACT_CANONICAL_FOUND,Festuca marginata subsp. gallica,Festuca marginata subsp. gallica,(Hack. ex Charrel) Breistr.,Synonym,,477722,415645,6ff1e084d7e1de5bce526a9952c96fbb0f13b4f2c615b0fc30c055f88bfb5483,,EXACT_CANONICAL_FOUND,Festuca marginata subsp. gallica,Festuca marginata subsp. gallica,(Hack.) Breistr. ex Ardenghi & Foggi,Accepted,,,wfo-0000871000,ccfc7e3ca85c8b80aa96eb52d4e50e07e1811d28916b544280d8a4f1a043ba72,,EXACT_CANONICAL_FOUND,Festuca marginata subsp. gallica,Festuca marginata subsp. gallica (Hack. ex Charrel) Breistr.,(Hack. ex Charrel) Breistr.,,,,FUND. BIODIVERSIDAD:ANTHOS:70242,e6e19630a9415359fba90888864d17313873a984ac79a3677c1d62aac943f991,
973,POACEAE,Festuca ovina var. glauca,NO_EXACT_MATCH,False,KEEP_TAXONIC_RESPONSE,2026-08-19T17:29:43.537649+00:00,EXACT_CANONICAL_FOUND,Festuca ovina var. glauca,Festuca ovina var. glauca,(P.Beauv.) G.Mey.,Illegitimate,,414543,415967,6ff1e084d7e1de5bce526a9952c96fbb0f13b4f2c615b0fc30c055f88bfb5483,,EXACT_CANONICAL_FOUND,Festuca ovina var. glauca,Festuca ovina var. glauca,(P.Beauv.) G.Mey.,Synonym,,wfo-0000869848,wfo-0000871373,ccfc7e3ca85c8b80aa96eb52d4e50e07e1811d28916b544280d8a4f1a043ba72,,EXACT_CANONICAL_NOT_FOUND,,,,,,,,e6e19630a9415359fba90888864d17313873a984ac79a3677c1d62aac943f991,
974,POACEAE,Festuca paniculata subsp. longiglumis,NO_API_TAXON,False,KEEP_TAXONIC_RESPONSE,2026-08-19T17:29:43.537659+00:00,EXACT_CANONICAL_FOUND,Festuca paniculata subsp. longiglumis,Festuca paniculata subsp. longiglumis,(Litard.) Kerguélen,Synonym,,3331370,416199,6ff1e084d7e1de5bce526a9952c96fbb0f13b4f2c615b0fc30c055f88bfb5483,,EXACT_CANONICAL_FOUND,Festuca paniculata subsp. longiglumis,Festuca paniculata subsp. longiglumis,(Litard.) Kerguélen,Synonym,,wfo-0001427253,wfo-0000871528,ccfc7e3ca85c8b80aa96eb52d4e50e07e1811d28916b544280d8a4f1a043ba72,,EXACT_CANONICAL_FOUND,Festuca paniculata subsp. longiglumis,Festuca paniculata subsp. longiglumis (Litard.) Kerguélen,(Litard.) Kerguélen,,,,FUND. BIODIVERSIDAD:ANTHOS:35943,e6e19630a9415359fba90888864d17313873a984ac79a3677c1d62aac943f991,
975,POACEAE,Festuca paniculata subsp. spadicea,NO_API_TAXON,False,KEEP_TAXONIC_RESPONSE,2026-08-19T17:29:43.537670+00:00,EXACT_CANONICAL_FOUND,Festuca paniculata subsp. spadicea,Festuca paniculata subsp. spadicea,(L.) Litard.,Synonym,,3331372,416204,6ff1e084d7e1de5bce526a9952c96fbb0f13b4f2c615b0fc30c055f88bfb5483,,EXACT_CANONICAL_FOUND,Festuca paniculata subsp. spadicea,Festuca paniculata subsp. spadicea,(L.) Litard.,Synonym,,wfo-0001362245,wfo-0000871535,ccfc7e3ca85c8b80aa96eb52d4e50e07e1811d28916b544280d8a4f1a043ba72,,EXACT_CANONICAL_FOUND,Festuca paniculata subsp. spadicea,Festuca paniculata subsp. spadicea (L.) Litard.,(L.) Litard.,,,,FUND. BIODIVERSIDAD:ANTHOS:41480,e6e19630a9415359fba90888864d17313873a984ac79a3677c1d62aac943f991,
976,POACEAE,Festuca pratensis,NO_API_TAXON,False,KEEP_TAXONIC_RESPONSE,2026-08-19T17:29:43.537680+00:00,EXACT_CANONICAL_FOUND,Festuca pratensis,Festuca pratensis,Honck.,Illegitimate,,415853,416333,6ff1e084d7e1de5bce526a9952c96fbb0f13b4f2c615b0fc30c055f88bfb5483,,EXACT_CANONICAL_FOUND,Festuca pratensis,Festuca pratensis,Huds.,Synonym,,wfo-0000878460,wfo-0000871673,ccfc7e3ca85c8b80aa96eb52d4e50e07e1811d28916b544280d8a4f1a043ba72,,EXACT_CANONICAL_FOUND,Festuca pratensis,Festuca pratensis Huds.,Huds.,,,,FUND. BIODIVERSIDAD:ANTHOS:1124405,e6e19630a9415359fba90888864d17313873a984ac79a3677c1d62aac943f991,
978,POACEAE,Festuca rivas-martinezii subsp. rectifolia,NO_EXACT_MATCH,False,KEEP_TAXONIC_RESPONSE,2026-08-19T17:29:43.537692+00:00,EXACT_CANONICAL_FOUND,Festuca rivas-martinezii subsp. rectifolia,Festuca rivas-martinezii subsp. rectifolia,"Fuente, Ortúñez & Ferrero Lom.",Synonym,,477722,416484,6ff1e084d7e1de5bce526a9952c96fbb0f13b4f2c615b0fc30c055f88bfb5483,,EXACT_CANONICAL_FOUND,Festuca rivas-martinezii subsp. rectifolia,Festuca rivas-martinezii subsp. rectifolia,"Fuente, Ortúñez & Ferrero Lom.",Synonym,,wfo-0000870882,wfo-0000871834,ccfc7e3ca85c8b80aa96eb52d4e50e07e1811d28916b544280d8a4f1a043ba72,,EXACT_CANONICAL_FOUND,Festuca rivas-martinezii subsp. rectifolia,"Festuca rivas-martinezii subsp. rectifolia Fuente, Ortúñez & Ferrero Lom.","Fuente, Ortúñez & Ferrero Lom.",,,,FUND. BIODIVERSIDAD:ANTHOS:114516,e6e19630a9415359fba90888864d17313873a984ac79a3677c1d62aac943f991,
980,POACEAE,Festuca rubra subsp. rubra,NO_EXACT_MATCH,False,KEEP_TAXONIC_RESPONSE,2026-08-19T17:29:43.537702+00:00,EXACT_CANONICAL_NOT_FOUND,,,,,,,,6ff1e084d7e1de5bce526a9952c96fbb0f13b4f2c615b0fc30c055f88bfb5483,,EXACT_CANONICAL_FOUND,Festuca rubra subsp. rubra,Festuca rubra subsp. rubra,,Synonym,,wfo-0000871854,wfo-0001096006,ccfc7e3ca85c8b80aa96eb52d4e50e07e1811d28916b544280d8a4f1a043ba72,,EXACT_CANONICAL_FOUND,Festuca rubra subsp. rubra,Festuca rubra subsp. rubra L.,L.,,,,FUND. BIODIVERSIDAD:ANTHOS:36003,e6e19630a9415359fba90888864d17313873a984ac79a3677c1d62aac943f991,
981,POACEAE,Festuca sp.,UNPARSABLE_NAME,False,NO_RESPONSE_ALL_THREE,2026-08-19T17:29:43.537710+00:00,EXACT_CANONICAL_NOT_FOUND,,,,,,,,6ff1e084d7e1de5bce526a9952c96fbb0f13b4f2c615b0fc30c055f88bfb5483,,EXACT_CANONICAL_NOT_FOUND,,,,,,,,ccfc7e3ca85c8b80aa96eb52d4e50e07e1811d28916b544280d8a4f1a043ba72,,EXACT_CANONICAL_NOT_FOUND,,,,,,,,e6e19630a9415359fba90888864d17313873a984ac79a3677c1d62aac943f991,
983,ASTERACEAE,Filaginella uliginosa,NO_API_TAXON,False,KEEP_TAXONIC_RESPONSE,2026-08-19T17:29:43.537720+00:00,EXACT_CANONICAL_FOUND,Filaginella uliginosa,Filaginella uliginosa,(L.) Opiz,Synonym,,2926779,2926780,6ff1e084d7e1de5bce526a9952c96fbb0f13b4f2c615b0fc30c055f88bfb5483,,EXACT_CANONICAL_FOUND,Filaginella uliginosa,Filaginella uliginosa,(L.) Opiz,Synonym,,wfo-0000075561,wfo-0000136486,ccfc7e3ca85c8b80aa96eb52d4e50e07e1811d28916b544280d8a4f1a043ba72,,EXACT_CANONICAL_NOT_FOUND,,,,,,,,e6e19630a9415359fba90888864d17313873a984ac79a3677c1d62aac943f991,
984,ASTERACEAE,Filago carpetana,NO_API_TAXON,False,KEEP_TAXONIC_RESPONSE,2026-08-19T17:29:43.537730+00:00,EXACT_CANONICAL_FOUND,Filago carpetana,Filago carpetana,(Lange) Chrtek & Holub,Accepted,,3093298,3093298,6ff1e084d7e1de5bce526a9952c96fbb0f13b4f2c615b0fc30c055f88bfb5483,,EXACT_CANONICAL_FOUND,Filago carpetana,Filago carpetana,(Lange) Chrtek & Holub,Accepted,,,wfo-0000033771,ccfc7e3ca85c8b80aa96eb52d4e50e07e1811d28916b544280d8a4f1a043ba72,,EXACT_CANONICAL_FOUND,Filago carpetana,Filago carpetana (Lange) Chrtek & Holub,(Lange) Chrtek & Holub,,,,FUND. BIODIVERSIDAD:ANTHOS:1124643,e6e19630a9415359fba90888864d17313873a984ac79a3677c1d62aac943f991,
985,ASTERACEAE,Filago congesta,NO_API_TAXON,False,KEEP_TAXONIC_RESPONSE,2026-08-19T17:29:43.537740+00:00,EXACT_CANONICAL_FOUND,Filago congesta,Filago congesta,Guss. ex DC.,Accepted,,3093485,3093485,6ff1e084d7e1de5bce526a9952c96fbb0f13b4f2c615b0fc30c055f88bfb5483,,EXACT_CANONICAL_FOUND,Filago congesta,Filago congesta,Guss. ex DC.,Accepted,,,wfo-0000066175,ccfc7e3ca85c8b80aa96eb52d4e50e07e1811d28916b544280d8a4f1a043ba72,,EXACT_CANONICAL_FOUND,Filago congesta,Filago congesta DC.,DC.,,,,FUND. BIODIVERSIDAD:ANTHOS:241693,e6e19630a9415359fba90888864d17313873a984ac79a3677c1d62aac943f991,
986,ASTERACEAE,Filago lutescens,NO_API_TAXON,False,KEEP_TAXONIC_RESPONSE,2026-08-19T17:29:43.537750+00:00,EXACT_CANONICAL_FOUND,Filago lutescens,Filago lutescens,Jord.,Accepted,,3093603,3093603,6ff1e084d7e1de5bce526a9952c96fbb0f13b4f2c615b0fc30c055f88bfb5483,,EXACT_CANONICAL_FOUND,Filago lutescens,Filago lutescens,Jord.,Accepted,,,wfo-0000114324,ccfc7e3ca85c8b80aa96eb52d4e50e07e1811d28916b544280d8a4f1a043ba72,,EXACT_CANONICAL_FOUND,Filago lutescens,Filago lutescens Jord.,Jord.,,,,FUND. BIODIVERSIDAD:ANTHOS:48877,e6e19630a9415359fba90888864d17313873a984ac79a3677c1d62aac943f991,
999,LILIACEAE,Fritillaria nervosa subsp. nervosa,NO_API_TAXON,False,NO_RESPONSE_ALL_THREE,2026-08-19T17:29:43.537760+00:00,EXACT_CANONICAL_NOT_FOUND,,,,,,,,6ff1e084d7e1de5bce526a9952c96fbb0f13b4f2c615b0fc30c055f88bfb5483,,EXACT_CANONICAL_NOT_FOUND,,,,,,,,ccfc7e3ca85c8b80aa96eb52d4e50e07e1811d28916b544280d8a4f1a043ba72,,EXACT_CANONICAL_NOT_FOUND,,,,,,,,e6e19630a9415359fba90888864d17313873a984ac79a3677c1d62aac943f991,
1001,CISTACEAE,Fumana ericifolia,NO_API_TAXON,False,KEEP_TAXONIC_RESPONSE,2026-08-19T17:29:43.537772+00:00,EXACT_CANONICAL_FOUND,Fumana ericifolia,Fumana ericifolia,Wallr.,Synonym,,2815182,2815180,6ff1e084d7e1de5bce526a9952c96fbb0f13b4f2c615b0fc30c055f88bfb5483,,EXACT_CANONICAL_FOUND,Fumana ericifolia,Fumana ericifolia,Wallr.,Synonym,,wfo-0001257899,wfo-0000693017,ccfc7e3ca85c8b80aa96eb52d4e50e07e1811d28916b544280d8a4f1a043ba72,,EXACT_CANONICAL_FOUND,Fumana ericifolia,Fumana ericifolia Wallr.,Wallr.,,,,FUND. BIODIVERSIDAD:ANTHOS:66362,e6e19630a9415359fba90888864d17313873a984ac79a3677c1d62aac943f991,
1002,CISTACEAE,Fumana ericoides,NO_API_TAXON,False,KEEP_TAXONIC_RESPONSE,2026-08-19T17:29:43.537782+00:00,EXACT_CANONICAL_FOUND,Fumana ericoides,Fumana ericoides,(Cav.) Gand.,Accepted,,2815181,2815181,6ff1e084d7e1de5bce526a9952c96fbb0f13b4f2c615b0fc30c055f88bfb5483,,EXACT_CANONICAL_FOUND,Fumana ericoides,Fumana ericoides,(Cav.) Gand.,Accepted,,,wfo-0000693018,ccfc7e3ca85c8b80aa96eb52d4e50e07e1811d28916b544280d8a4f1a043ba72,,EXACT_CANONICAL_FOUND,Fumana ericoides,Fumana ericoides (Cav.) Gand. in Magnier,(Cav.) Gand. in Magnier,,,,FUND. BIODIVERSIDAD:ANTHOS:39640,e6e19630a9415359fba90888864d17313873a984ac79a3677c1d62aac943f991,
1005,PAPAVERACEAE,Fumaria agraria,NO_API_TAXON,False,KEEP_TAXONIC_RESPONSE,2026-08-19T17:29:43.537793+00:00,EXACT_CANONICAL_FOUND,Fumaria agraria,Fumaria agraria,Lag.,Accepted,,2815253,2815253,6ff1e084d7e1de5bce526a9952c96fbb0f13b4f2c615b0fc30c055f88bfb5483,,EXACT_CANONICAL_FOUND,Fumaria agraria,Fumaria agraria,Lag.,Accepted,,,wfo-0000693091,ccfc7e3ca85c8b80aa96eb52d4e50e07e1811d28916b544280d8a4f1a043ba72,,EXACT_CANONICAL_FOUND,Fumaria agraria,Fumaria agraria Lag.,Lag.,,,,FUND. BIODIVERSIDAD:ANTHOS:53657,e6e19630a9415359fba90888864d17313873a984ac79a3677c1d62aac943f991,
1008,PAPAVERACEAE,Fumaria muralis,NO_API_TAXON,False,KEEP_TAXONIC_RESPONSE,2026-08-19T17:29:43.537803+00:00,EXACT_CANONICAL_FOUND,Fumaria muralis,Fumaria muralis,Gren. & Godr.,Illegitimate,,2815297,2815469,6ff1e084d7e1de5bce526a9952c96fbb0f13b4f2c615b0fc30c055f88bfb5483,,EXACT_CANONICAL_FOUND,Fumaria muralis,Fumaria muralis,Sond. ex W.D.J.Koch,Accepted,,,wfo-0000693322,ccfc7e3ca85c8b80aa96eb52d4e50e07e1811d28916b544280d8a4f1a043ba72,,EXACT_CANONICAL_FOUND,Fumaria muralis,Fumaria muralis Sond. ex W.D.J. Koch,Sond. ex W.D.J. Koch,,,,FUND. BIODIVERSIDAD:ANTHOS:22457,e6e19630a9415359fba90888864d17313873a984ac79a3677c1d62aac943f991,
1010,PAPAVERACEAE,Fumaria officinalis subsp. wirtgenii,NO_EXACT_MATCH,False,KEEP_TAXONIC_RESPONSE,2026-08-19T17:29:43.537815+00:00,EXACT_CANONICAL_FOUND,Fumaria officinalis subsp. wirtgenii,Fumaria officinalis subsp. wirtgenii,(W.D.J.Koch) Arcang.,Synonym,,2815627,2815512,6ff1e084d7e1de5bce526a9952c96fbb0f13b4f2c615b0fc30c055f88bfb5483,,EXACT_CANONICAL_FOUND,Fumaria officinalis subsp. wirtgenii,Fumaria officinalis subsp. wirtgenii,(W.D.J.Koch) Arcang.,Accepted,,,wfo-0000693371,ccfc7e3ca85c8b80aa96eb52d4e50e07e1811d28916b544280d8a4f1a043ba72,,EXACT_CANONICAL_FOUND,Fumaria officinalis subsp. wirtgenii,Fumaria officinalis subsp. wirtgenii (W.D.J. Koch) Arcang.,(W.D.J. Koch) Arcang.,,,,FUND. BIODIVERSIDAD:ANTHOS:55107,e6e19630a9415359fba90888864d17313873a984ac79a3677c1d62aac943f991,
1012,PAPAVERACEAE,Fumaria petteri subsp. calcarata,NO_EXACT_MATCH,False,KEEP_TAXONIC_RESPONSE,2026-08-19T17:29:43.537827+00:00,EXACT_CANONICAL_FOUND,Fumaria petteri subsp. calcarata,Fumaria petteri subsp. calcarata,(Cadevall) Lidén & Soler,Accepted,,2815538,2815538,6ff1e084d7e1de5bce526a9952c96fbb0f13b4f2c615b0fc30c055f88bfb5483,,EXACT_CANONICAL_FOUND,Fumaria petteri subsp. calcarata,Fumaria petteri subsp. calcarata,(Cadevall) Lidén & Soler,Accepted,,,wfo-0000693395,ccfc7e3ca85c8b80aa96eb52d4e50e07e1811d28916b544280d8a4f1a043ba72,,EXACT_CANONICAL_FOUND,Fumaria petteri subsp. calcarata,Fumaria petteri subsp. calcarata (Cadevall) Lidén & A. Soler,(Cadevall) Lidén & A. Soler,,,,FUND. BIODIVERSIDAD:ANTHOS:55110,e6e19630a9415359fba90888864d17313873a984ac79a3677c1d62aac943f991,
1013,PAPAVERACEAE,Fumaria reuteri,NO_API_TAXON,False,KEEP_TAXONIC_RESPONSE,2026-08-19T17:29:43.537836+00:00,EXACT_CANONICAL_FOUND,Fumaria reuteri,Fumaria reuteri,Boiss.,Accepted,,2815558,2815558,6ff1e084d7e1de5bce526a9952c96fbb0f13b4f2c615b0fc30c055f88bfb5483,,EXACT_CANONICAL_FOUND,Fumaria reuteri,Fumaria reuteri,Boiss.,Accepted,,,wfo-0000693416,ccfc7e3ca85c8b80aa96eb52d4e50e07e1811d28916b544280d8a4f1a043ba72,,EXACT_CANONICAL_FOUND,Fumaria reuteri,Fumaria reuteri Boiss.,Boiss.,,,,FUND. BIODIVERSIDAD:ANTHOS:22450,e6e19630a9415359fba90888864d17313873a984ac79a3677c1d62aac943f991,
1015,LILIACEAE,Gagea arvensis,NO_API_TAXON,False,KEEP_TAXONIC_RESPONSE,2026-08-19T17:29:43.537849+00:00,EXACT_CANONICAL_FOUND,Gagea arvensis,Gagea arvensis,(Pers.) Dumort.,Synonym,,307324,307142,6ff1e084d7e1de5bce526a9952c96fbb0f13b4f2c615b0fc30c055f88bfb5483,,EXACT_CANONICAL_FOUND,Gagea arvensis,Gagea arvensis,(Pers.) Dumort.,Synonym,,wfo-0000768557,wfo-0000768358,ccfc7e3ca85c8b80aa96eb52d4e50e07e1811d28916b544280d8a4f1a043ba72,,EXACT_CANONICAL_NOT_FOUND,,,,,,,,e6e19630a9415359fba90888864d17313873a984ac79a3677c1d62aac943f991,
1020,LILIACEAE,Gagea liotardii,NO_API_TAXON,False,KEEP_TAXONIC_RESPONSE,2026-08-19T17:29:43.537857+00:00,EXACT_CANONICAL_FOUND,Gagea liotardii,Gagea liotardii,Schult. & Schult.f.,Illegitimate,,307244,307300,6ff1e084d7e1de5bce526a9952c96fbb0f13b4f2c615b0fc30c055f88bfb5483,,EXACT_CANONICAL_FOUND,Gagea liotardii,Gagea liotardii,Schult. & Schult.f.,Synonym,,wfo-0000768469,wfo-0000768531,ccfc7e3ca85c8b80aa96eb52d4e50e07e1811d28916b544280d8a4f1a043ba72,,EXACT_CANONICAL_FOUND,Gagea liotardii,Gagea liotardii (Sternb.) Schult. & Schult. fil. in Roem. & Schult.,(Sternb.) Schult. & Schult. fil. in Roem. & Schult.,,,,FUND. BIODIVERSIDAD:ANTHOS:41119,e6e19630a9415359fba90888864d17313873a984ac79a3677c1d62aac943f991,
1027,ASTERACEAE,Galactites tomentosa,NO_API_TAXON,False,KEEP_TAXONIC_RESPONSE,2026-08-19T17:29:43.537868+00:00,EXACT_CANONICAL_NOT_FOUND,,,,,,,,6ff1e084d7e1de5bce526a9952c96fbb0f13b4f2c615b0fc30c055f88bfb5483,,EXACT_CANONICAL_FOUND,Galactites tomentosa,Galactites tomentosa,Moench,Accepted,,,wfo-1000040320,ccfc7e3ca85c8b80aa96eb52d4e50e07e1811d28916b544280d8a4f1a043ba72,,EXACT_CANONICAL_NOT_FOUND,,,,,,,,e6e19630a9415359fba90888864d17313873a984ac79a3677c1d62aac943f991,
1029,ASTERACEAE,Galatella aragonensis,NO_API_TAXON,False,KEEP_TAXONIC_RESPONSE,2026-08-19T17:29:43.537876+00:00,EXACT_CANONICAL_FOUND,Galatella aragonensis,Galatella aragonensis,Nees,Accepted,,3100148,3100148,6ff1e084d7e1de5bce526a9952c96fbb0f13b4f2c615b0fc30c055f88bfb5483,,EXACT_CANONICAL_FOUND,Galatella aragonensis,Galatella aragonensis,Nees,Accepted,,,wfo-0000034606,ccfc7e3ca85c8b80aa96eb52d4e50e07e1811d28916b544280d8a4f1a043ba72,,EXACT_CANONICAL_NOT_FOUND,,,,,,,,e6e19630a9415359fba90888864d17313873a984ac79a3677c1d62aac943f991,
1031,ASTERACEAE,Galatella sedifolia,NO_API_TAXON,False,KEEP_TAXONIC_RESPONSE,2026-08-19T17:29:43.537888+00:00,EXACT_CANONICAL_FOUND,Galatella sedifolia,Galatella sedifolia,(L.) Greuter,Accepted,,3100591,3100591,6ff1e084d7e1de5bce526a9952c96fbb0f13b4f2c615b0fc30c055f88bfb5483,,EXACT_CANONICAL_FOUND,Galatella sedifolia,Galatella sedifolia,(L.) Greuter,Accepted,,,wfo-0000027814,ccfc7e3ca85c8b80aa96eb52d4e50e07e1811d28916b544280d8a4f1a043ba72,,EXACT_CANONICAL_NOT_FOUND,,,,,,,,e6e19630a9415359fba90888864d17313873a984ac79a3677c1d62aac943f991,
1033,LAMIACEAE,Galeopsis angustifolia,NO_API_TAXON,False,KEEP_TAXONIC_RESPONSE,2026-08-19T17:29:43.537905+00:00,EXACT_CANONICAL_FOUND,Galeopsis angustifolia,Galeopsis angustifolia,Ehrh. ex Hoffm.,Accepted,,85331,85331,6ff1e084d7e1de5bce526a9952c96fbb0f13b4f2c615b0fc30c055f88bfb5483,,EXACT_CANONICAL_FOUND,Galeopsis angustifolia,Galeopsis angustifolia,Ehrh. ex Hoffm.,Accepted,,,wfo-0000967942,ccfc7e3ca85c8b80aa96eb52d4e50e07e1811d28916b544280d8a4f1a043ba72,,EXACT_CANONICAL_NOT_FOUND,,,,,,,,e6e19630a9415359fba90888864d17313873a984ac79a3677c1d62aac943f991,
1034,LAMIACEAE,Galeopsis angustifolia subsp. carpetana,NO_API_TAXON,False,KEEP_TAXONIC_RESPONSE,2026-08-19T17:29:43.537916+00:00,EXACT_CANONICAL_FOUND,Galeopsis angustifolia subsp. carpetana,Galeopsis angustifolia subsp. carpetana,(Willk.) Laínz,Synonym,,85386,85333,6ff1e084d7e1de5bce526a9952c96fbb0f13b4f2c615b0fc30c055f88bfb5483,,EXACT_CANONICAL_FOUND,Galeopsis angustifolia subsp. carpetana,Galeopsis angustifolia subsp. carpetana,(Willk.) Laínz,Synonym,,wfo-0000967998,wfo-0000967943,ccfc7e3ca85c8b80aa96eb52d4e50e07e1811d28916b544280d8a4f1a043ba72,,EXACT_CANONICAL_NOT_FOUND,,,,,,,,e6e19630a9415359fba90888864d17313873a984ac79a3677c1d62aac943f991,
1036,LAMIACEAE,Galeopsis ladanum subsp. angustifolia,NO_EXACT_MATCH,False,KEEP_TAXONIC_RESPONSE,2026-08-19T17:29:43.537927+00:00,EXACT_CANONICAL_FOUND,Galeopsis ladanum subsp. angustifolia,Galeopsis ladanum subsp. angustifolia,(Ehrh. ex Hoffm.) Gaudin,Illegitimate,,85331,340413,6ff1e084d7e1de5bce526a9952c96fbb0f13b4f2c615b0fc30c055f88bfb5483,,EXACT_CANONICAL_FOUND,Galeopsis ladanum subsp. angustifolia,Galeopsis ladanum subsp. angustifolia,(Ehrh. ex Hoffm.) Gaudin,Synonym,,wfo-0000967942,wfo-0000802016,ccfc7e3ca85c8b80aa96eb52d4e50e07e1811d28916b544280d8a4f1a043ba72,,EXACT_CANONICAL_FOUND,Galeopsis ladanum subsp. angustifolia,Galeopsis ladanum subsp. angustifolia (Ehrh. ex Hoffm.) Celak.,(Ehrh. ex Hoffm.) Celak.,,,,FUND. BIODIVERSIDAD:ANTHOS:30204,e6e19630a9415359fba90888864d17313873a984ac79a3677c1d62aac943f991,
1037,LAMIACEAE,Galeopsis ladanum subsp. carpetana,NO_EXACT_MATCH,False,KEEP_TAXONIC_RESPONSE,2026-08-19T17:29:43.537938+00:00,EXACT_CANONICAL_FOUND,Galeopsis ladanum subsp. carpetana,Galeopsis ladanum subsp. carpetana,(Willk.) O.Bolòs & Vigo,Accepted,,85386,85386,6ff1e084d7e1de5bce526a9952c96fbb0f13b4f2c615b0fc30c055f88bfb5483,,EXACT_CANONICAL_FOUND,Galeopsis ladanum subsp. carpetana,Galeopsis ladanum subsp. carpetana,(Willk.) O.Bolòs & Vigo,Accepted,,,wfo-0000967998,ccfc7e3ca85c8b80aa96eb52d4e50e07e1811d28916b544280d8a4f1a043ba72,,EXACT_CANONICAL_FOUND,Galeopsis ladanum subsp. carpetana,Galeopsis ladanum subsp. carpetana (Willk.) O. Bolòs & Vigo,(Willk.) O. Bolòs & Vigo,,,,FUND. BIODIVERSIDAD:ANTHOS:69513,e6e19630a9415359fba90888864d17313873a984ac79a3677c1d62aac943f991,
1039,RUBIACEAE,Galium album subsp. album,NO_EXACT_MATCH,False,KEEP_TAXONIC_RESPONSE,2026-08-19T17:29:43.537948+00:00,EXACT_CANONICAL_FOUND,Galium album subsp. album,Galium album subsp. album,,Accepted,,85610,85610,6ff1e084d7e1de5bce526a9952c96fbb0f13b4f2c615b0fc30c055f88bfb5483,,EXACT_CANONICAL_FOUND,Galium album subsp. album,Galium album subsp. album,,Accepted,,,wfo-0000968236,ccfc7e3ca85c8b80aa96eb52d4e50e07e1811d28916b544280d8a4f1a043ba72,,EXACT_CANONICAL_NOT_FOUND,,,,,,,,e6e19630a9415359fba90888864d17313873a984ac79a3677c1d62aac943f991,
1041,RUBIACEAE,Galium aparine subsp. spurium,NO_EXACT_MATCH,False,KEEP_TAXONIC_RESPONSE,2026-08-19T17:29:43.537959+00:00,EXACT_CANONICAL_FOUND,Galium aparine subsp. spurium,Galium aparine subsp. spurium,(L.) Hartm.,Synonym,,87547,85692,6ff1e084d7e1de5bce526a9952c96fbb0f13b4f2c615b0fc30c055f88bfb5483,,EXACT_CANONICAL_FOUND,Galium aparine subsp. spurium,Galium aparine subsp. spurium,Dusén,Synonym,,wfo-0000970236,wfo-0000968313,ccfc7e3ca85c8b80aa96eb52d4e50e07e1811d28916b544280d8a4f1a043ba72,,EXACT_CANONICAL_FOUND,Galium aparine subsp. spurium,Galium aparine subsp. spurium (L.) Hartm.,(L.) Hartm.,,,,FUND. BIODIVERSIDAD:ANTHOS:1124682,e6e19630a9415359fba90888864d17313873a984ac79a3677c1d62aac943f991,
1043,RUBIACEAE,Galium corrudifolium,NO_API_TAXON,False,KEEP_TAXONIC_RESPONSE,2026-08-19T17:29:43.537969+00:00,EXACT_CANONICAL_FOUND,Galium corrudifolium,Galium corrudifolium,K.Koch,Illegitimate,,86314,86125,6ff1e084d7e1de5bce526a9952c96fbb0f13b4f2c615b0fc30c055f88bfb5483,,EXACT_CANONICAL_FOUND,Galium corrudifolium,Galium corrudifolium,K.Koch,Synonym,,wfo-0000968949,wfo-0000968747,ccfc7e3ca85c8b80aa96eb52d4e50e07e1811d28916b544280d8a4f1a043ba72,,EXACT_CANONICAL_NOT_FOUND,,,,,,,,e6e19630a9415359fba90888864d17313873a984ac79a3677c1d62aac943f991,
1046,RUBIACEAE,Galium estebanii,NO_API_TAXON,False,KEEP_TAXONIC_RESPONSE,2026-08-19T17:29:43.537979+00:00,EXACT_CANONICAL_FOUND,Galium estebanii,Galium estebanii,Sennen,Accepted,,86291,86291,6ff1e084d7e1de5bce526a9952c96fbb0f13b4f2c615b0fc30c055f88bfb5483,,EXACT_CANONICAL_FOUND,Galium estebanii,Galium estebanii,Sennen,Accepted,,,wfo-0000968926,ccfc7e3ca85c8b80aa96eb52d4e50e07e1811d28916b544280d8a4f1a043ba72,,EXACT_CANONICAL_FOUND,Galium estebanii,Galium estebanii Sennen,Sennen,,,,FUND. BIODIVERSIDAD:ANTHOS:29461,e6e19630a9415359fba90888864d17313873a984ac79a3677c1d62aac943f991,
1047,RUBIACEAE,Galium fruticescens,NO_API_TAXON,False,KEEP_TAXONIC_RESPONSE,2026-08-19T17:29:43.537988+00:00,EXACT_CANONICAL_FOUND,Galium fruticescens,Galium fruticescens,Cav.,Synonym,,86738,86354,6ff1e084d7e1de5bce526a9952c96fbb0f13b4f2c615b0fc30c055f88bfb5483,,EXACT_CANONICAL_FOUND,Galium fruticescens,Galium fruticescens,Cav.,Synonym,,wfo-0000969390,wfo-0000968990,ccfc7e3ca85c8b80aa96eb52d4e50e07e1811d28916b544280d8a4f1a043ba72,,EXACT_CANONICAL_NOT_FOUND,,,,,,,,e6e19630a9415359fba90888864d17313873a984ac79a3677c1d62aac943f991,
1048,RUBIACEAE,Galium idubedae,NO_API_TAXON,False,KEEP_TAXONIC_RESPONSE,2026-08-19T17:29:43.537998+00:00,EXACT_CANONICAL_FOUND,Galium idubedae,Galium idubedae,(Pau & Debeaux) Pau ex Ehrend.,Accepted,,86567,86567,6ff1e084d7e1de5bce526a9952c96fbb0f13b4f2c615b0fc30c055f88bfb5483,,EXACT_CANONICAL_FOUND,Galium idubedae,Galium idubedae,(Pau & Debeaux) Pau ex Ehrend.,Accepted,,,wfo-0000969206,ccfc7e3ca85c8b80aa96eb52d4e50e07e1811d28916b544280d8a4f1a043ba72,,EXACT_CANONICAL_FOUND,Galium idubedae,Galium idubedae (Pau ex Debeaux) Pau,(Pau ex Debeaux) Pau,,,,FUND. BIODIVERSIDAD:ANTHOS:81397,e6e19630a9415359fba90888864d17313873a984ac79a3677c1d62aac943f991,
1049,RUBIACEAE,Galium lucidum,NO_API_TAXON,False,KEEP_TAXONIC_RESPONSE,2026-08-19T17:29:43.538007+00:00,EXACT_CANONICAL_FOUND,Galium lucidum,Galium lucidum,W.D.J.Koch,Illegitimate,,486713,86730,6ff1e084d7e1de5bce526a9952c96fbb0f13b4f2c615b0fc30c055f88bfb5483,,EXACT_CANONICAL_FOUND,Galium lucidum,Galium lucidum,All.,Accepted,,,wfo-0000969381,ccfc7e3ca85c8b80aa96eb52d4e50e07e1811d28916b544280d8a4f1a043ba72,,EXACT_CANONICAL_FOUND,Galium lucidum,Galium lucidum All.,All.,,,,FUND. BIODIVERSIDAD:ANTHOS:29455,e6e19630a9415359fba90888864d17313873a984ac79a3677c1d62aac943f991,
1050,RUBIACEAE,Galium lucidum subsp. fruticescens,NO_API_TAXON,False,KEEP_TAXONIC_RESPONSE,2026-08-19T17:29:43.538018+00:00,EXACT_CANONICAL_FOUND,Galium lucidum subsp. fruticescens,Galium lucidum subsp. fruticescens,(Cav.) O.Bolòs & Vigo,Accepted,,86738,86738,6ff1e084d7e1de5bce526a9952c96fbb0f13b4f2c615b0fc30c055f88bfb5483,,EXACT_CANONICAL_FOUND,Galium lucidum subsp. fruticescens,Galium lucidum subsp. fruticescens,(Cav.) O.Bolòs & Vigo,Accepted,,,wfo-0000969390,ccfc7e3ca85c8b80aa96eb52d4e50e07e1811d28916b544280d8a4f1a043ba72,,EXACT_CANONICAL_FOUND,Galium lucidum subsp. fruticescens,Galium lucidum subsp. fruticescens (Cav.) O. Bolòs & Vigo,(Cav.) O. Bolòs & Vigo,,,,FUND. BIODIVERSIDAD:ANTHOS:29443,e6e19630a9415359fba90888864d17313873a984ac79a3677c1d62aac943f991,
1051,RUBIACEAE,Galium minutulum,NO_API_TAXON,False,KEEP_TAXONIC_RESPONSE,2026-08-19T17:29:43.538028+00:00,EXACT_CANONICAL_FOUND,Galium minutulum,Galium minutulum,Jord.,Accepted,,86826,86826,6ff1e084d7e1de5bce526a9952c96fbb0f13b4f2c615b0fc30c055f88bfb5483,,EXACT_CANONICAL_FOUND,Galium minutulum,Galium minutulum,Jord.,Accepted,,,wfo-0000969485,ccfc7e3ca85c8b80aa96eb52d4e50e07e1811d28916b544280d8a4f1a043ba72,,EXACT_CANONICAL_FOUND,Galium minutulum,Galium minutulum Jord.,Jord.,,,,FUND. BIODIVERSIDAD:ANTHOS:91428,e6e19630a9415359fba90888864d17313873a984ac79a3677c1d62aac943f991,
1052,RUBIACEAE,Galium mollugo,NO_API_TAXON,False,KEEP_TAXONIC_RESPONSE,2026-08-19T17:29:43.538037+00:00,EXACT_CANONICAL_FOUND,Galium mollugo,Galium mollugo,L.,Accepted,,86839,86839,6ff1e084d7e1de5bce526a9952c96fbb0f13b4f2c615b0fc30c055f88bfb5483,,EXACT_CANONICAL_FOUND,Galium mollugo,Galium mollugo,L.,Accepted,,,wfo-0000969499,ccfc7e3ca85c8b80aa96eb52d4e50e07e1811d28916b544280d8a4f1a043ba72,,EXACT_CANONICAL_FOUND,Galium mollugo,Galium mollugo L.,L.,,,,FUND. BIODIVERSIDAD:ANTHOS:29415,e6e19630a9415359fba90888864d17313873a984ac79a3677c1d62aac943f991,
1056,RUBIACEAE,Galium papillosum,NO_API_TAXON,False,KEEP_TAXONIC_RESPONSE,2026-08-19T17:29:43.538047+00:00,EXACT_CANONICAL_FOUND,Galium papillosum,Galium papillosum,Lapeyr.,Accepted,,87096,87096,6ff1e084d7e1de5bce526a9952c96fbb0f13b4f2c615b0fc30c055f88bfb5483,,EXACT_CANONICAL_FOUND,Galium papillosum,Galium papillosum,Lapeyr.,Accepted,,,wfo-0000969765,ccfc7e3ca85c8b80aa96eb52d4e50e07e1811d28916b544280d8a4f1a043ba72,,EXACT_CANONICAL_FOUND,Galium papillosum,Galium papillosum Lapeyr.,Lapeyr.,,,,FUND. BIODIVERSIDAD:ANTHOS:29459,e6e19630a9415359fba90888864d17313873a984ac79a3677c1d62aac943f991,
1058,RUBIACEAE,Galium parisiense subsp. divaricatum,NO_EXACT_MATCH,False,KEEP_TAXONIC_RESPONSE,2026-08-19T17:29:43.538058+00:00,EXACT_CANONICAL_FOUND,Galium parisiense subsp. divaricatum,Galium parisiense subsp. divaricatum,(Pourr. ex Lam.) Rouy,Synonym,,86224,87114,6ff1e084d7e1de5bce526a9952c96fbb0f13b4f2c615b0fc30c055f88bfb5483,,EXACT_CANONICAL_FOUND,Galium parisiense subsp. divaricatum,Galium parisiense subsp. divaricatum,(Pourr. ex Lam.) Rouy,Synonym,,wfo-0000968856,wfo-0000969784,ccfc7e3ca85c8b80aa96eb52d4e50e07e1811d28916b544280d8a4f1a043ba72,,EXACT_CANONICAL_FOUND,Galium parisiense subsp. divaricatum,Galium parisiense subsp. divaricatum (Pourr. ex Lam.) Rouy & E.G. Camus in Rouy & Foucaud,(Pourr. ex Lam.) Rouy & E.G. Camus in Rouy & Foucaud,,,,FUND. BIODIVERSIDAD:ANTHOS:29532,e6e19630a9415359fba90888864d17313873a984ac79a3677c1d62aac943f991,
1059,RUBIACEAE,Galium pinetorum,NO_API_TAXON,False,KEEP_TAXONIC_RESPONSE,2026-08-19T17:29:43.538068+00:00,EXACT_CANONICAL_FOUND,Galium pinetorum,Galium pinetorum,Ehrend.,Synonym,,86291,87185,6ff1e084d7e1de5bce526a9952c96fbb0f13b4f2c615b0fc30c055f88bfb5483,,EXACT_CANONICAL_FOUND,Galium pinetorum,Galium pinetorum,Ehrend.,Synonym,,wfo-0000968926,wfo-0000969859,ccfc7e3ca85c8b80aa96eb52d4e50e07e1811d28916b544280d8a4f1a043ba72,,EXACT_CANONICAL_NOT_FOUND,,,,,,,,e6e19630a9415359fba90888864d17313873a984ac79a3677c1d62aac943f991,
1061,RUBIACEAE,Galium saxatile,NO_API_TAXON,False,KEEP_TAXONIC_RESPONSE,2026-08-19T17:29:43.538077+00:00,EXACT_CANONICAL_FOUND,Galium saxatile,Galium saxatile,L.,Accepted,,87432,87432,6ff1e084d7e1de5bce526a9952c96fbb0f13b4f2c615b0fc30c055f88bfb5483,,EXACT_CANONICAL_FOUND,Galium saxatile,Galium saxatile,L.,Accepted,,,wfo-0000970124,ccfc7e3ca85c8b80aa96eb52d4e50e07e1811d28916b544280d8a4f1a043ba72,,EXACT_CANONICAL_FOUND,Galium saxatile,Galium saxatile L.,L.,,,,FUND. BIODIVERSIDAD:ANTHOS:29484,e6e19630a9415359fba90888864d17313873a984ac79a3677c1d62aac943f991,
1068,RUBIACEAE,Galium verum subsp. verum,NO_EXACT_MATCH,False,KEEP_TAXONIC_RESPONSE,2026-08-19T17:29:43.538088+00:00,EXACT_CANONICAL_FOUND,Galium verum subsp. verum,Galium verum subsp. verum,,Accepted,,87902,87902,6ff1e084d7e1de5bce526a9952c96fbb0f13b4f2c615b0fc30c055f88bfb5483,,EXACT_CANONICAL_FOUND,Galium verum subsp. verum,Galium verum subsp. verum,,Accepted,,,wfo-0000970601,ccfc7e3ca85c8b80aa96eb52d4e50e07e1811d28916b544280d8a4f1a043ba72,,EXACT_CANONICAL_FOUND,Galium verum subsp. verum,Galium verum subsp. verum L.,L.,,,,FUND. BIODIVERSIDAD:ANTHOS:29396,e6e19630a9415359fba90888864d17313873a984ac79a3677c1d62aac943f991,
1071,FABACEAE,Genista anglica,NO_API_TAXON,False,KEEP_TAXONIC_RESPONSE,2026-08-19T17:29:43.538100+00:00,EXACT_CANONICAL_FOUND,Genista anglica,Genista anglica,L.,Accepted,,2819025,2819025,6ff1e084d7e1de5bce526a9952c96fbb0f13b4f2c615b0fc30c055f88bfb5483,,EXACT_CANONICAL_FOUND,Genista anglica,Genista anglica,L.,Accepted,,,wfo-0000213309,ccfc7e3ca85c8b80aa96eb52d4e50e07e1811d28916b544280d8a4f1a043ba72,,EXACT_CANONICAL_FOUND,Genista anglica,Genista anglica L.,L.,,,,FUND. BIODIVERSIDAD:ANTHOS:1124764,e6e19630a9415359fba90888864d17313873a984ac79a3677c1d62aac943f991,
1072,FABACEAE,Genista cinerea subsp. ausetana,NO_API_TAXON,False,KEEP_TAXONIC_RESPONSE,2026-08-19T17:29:43.538112+00:00,EXACT_CANONICAL_FOUND,Genista cinerea subsp. ausetana,Genista cinerea subsp. ausetana,O.Bolòs & Vigo,Synonym,,2819056,2819118,6ff1e084d7e1de5bce526a9952c96fbb0f13b4f2c615b0fc30c055f88bfb5483,,EXACT_CANONICAL_FOUND,Genista cinerea subsp. ausetana,Genista cinerea subsp. ausetana,O.Bolòs & Vigo,Synonym,,wfo-0001034574,wfo-0001364601,ccfc7e3ca85c8b80aa96eb52d4e50e07e1811d28916b544280d8a4f1a043ba72,,EXACT_CANONICAL_NOT_FOUND,,,,,,,,e6e19630a9415359fba90888864d17313873a984ac79a3677c1d62aac943f991,
1073,FABACEAE,Genista cinerea subsp. cinerea,NO_API_TAXON,False,KEEP_TAXONIC_RESPONSE,2026-08-19T17:29:43.538122+00:00,EXACT_CANONICAL_FOUND,Genista cinerea subsp. cinerea,Genista cinerea subsp. cinerea,,Accepted,,3256602,3256602,6ff1e084d7e1de5bce526a9952c96fbb0f13b4f2c615b0fc30c055f88bfb5483,,EXACT_CANONICAL_FOUND,Genista cinerea subsp. cinerea,Genista cinerea subsp. cinerea,,Accepted,,,wfo-0000213322,ccfc7e3ca85c8b80aa96eb52d4e50e07e1811d28916b544280d8a4f1a043ba72,,EXACT_CANONICAL_NOT_FOUND,,,,,,,,e6e19630a9415359fba90888864d17313873a984ac79a3677c1d62aac943f991,
1074,FABACEAE,Genista florida,NO_API_TAXON,False,KEEP_TAXONIC_RESPONSE,2026-08-19T17:29:43.538132+00:00,EXACT_CANONICAL_FOUND,Genista florida,Genista florida,L.,Accepted,,2819225,2819225,6ff1e084d7e1de5bce526a9952c96fbb0f13b4f2c615b0fc30c055f88bfb5483,,EXACT_CANONICAL_FOUND,Genista florida,Genista florida,L.,Accepted,,,wfo-0000213325,ccfc7e3ca85c8b80aa96eb52d4e50e07e1811d28916b544280d8a4f1a043ba72,,EXACT_CANONICAL_FOUND,Genista florida,Genista florida L.,L.,,,,FUND. BIODIVERSIDAD:ANTHOS:1124660,e6e19630a9415359fba90888864d17313873a984ac79a3677c1d62aac943f991,
1075,FABACEAE,Genista hispanica subsp. occidentalis,NO_EXACT_MATCH,False,KEEP_TAXONIC_RESPONSE,2026-08-19T17:29:43.538143+00:00,EXACT_CANONICAL_FOUND,Genista hispanica subsp. occidentalis,Genista hispanica subsp. occidentalis,Rouy,Accepted,,2819282,2819282,6ff1e084d7e1de5bce526a9952c96fbb0f13b4f2c615b0fc30c055f88bfb5483,,EXACT_CANONICAL_FOUND,Genista hispanica subsp. occidentalis,Genista hispanica subsp. occidentalis,Rouy,Accepted,,,wfo-0000214121,ccfc7e3ca85c8b80aa96eb52d4e50e07e1811d28916b544280d8a4f1a043ba72,,EXACT_CANONICAL_FOUND,Genista hispanica subsp. occidentalis,Genista hispanica subsp. occidentalis Rouy in Rouy & Foucaud,Rouy in Rouy & Foucaud,,,,FUND. BIODIVERSIDAD:ANTHOS:24628,e6e19630a9415359fba90888864d17313873a984ac79a3677c1d62aac943f991,
1077,FABACEAE,Genista multicaulis,NO_API_TAXON,False,KEEP_TAXONIC_RESPONSE,2026-08-19T17:29:43.538154+00:00,EXACT_CANONICAL_FOUND,Genista multicaulis,Genista multicaulis,Lam.,Synonym,,2819371,2819407,6ff1e084d7e1de5bce526a9952c96fbb0f13b4f2c615b0fc30c055f88bfb5483,,EXACT_CANONICAL_FOUND,Genista multicaulis,Genista multicaulis,Lam.,Synonym,,wfo-0000185666,wfo-0000696536,ccfc7e3ca85c8b80aa96eb52d4e50e07e1811d28916b544280d8a4f1a043ba72,,EXACT_CANONICAL_NOT_FOUND,,,,,,,,e6e19630a9415359fba90888864d17313873a984ac79a3677c1d62aac943f991,
1079,FABACEAE,Genista pilosa,NO_API_TAXON,False,KEEP_TAXONIC_RESPONSE,2026-08-19T17:29:43.538164+00:00,EXACT_CANONICAL_FOUND,Genista pilosa,Genista pilosa,Ledeb.,Illegitimate,,2819011,2819472,6ff1e084d7e1de5bce526a9952c96fbb0f13b4f2c615b0fc30c055f88bfb5483,,EXACT_CANONICAL_FOUND,Genista pilosa,Genista pilosa,L.,Accepted,,,wfo-0000213757,ccfc7e3ca85c8b80aa96eb52d4e50e07e1811d28916b544280d8a4f1a043ba72,,EXACT_CANONICAL_FOUND,Genista pilosa,Genista pilosa L.,L.,,,,FUND. BIODIVERSIDAD:ANTHOS:24605,e6e19630a9415359fba90888864d17313873a984ac79a3677c1d62aac943f991,
1081,FABACEAE,Genista scorpius,NO_API_TAXON,False,KEEP_TAXONIC_RESPONSE,2026-08-19T17:29:43.538176+00:00,EXACT_CANONICAL_FOUND,Genista scorpius,Genista scorpius,(L.) DC.,Accepted,,2819567,2819567,6ff1e084d7e1de5bce526a9952c96fbb0f13b4f2c615b0fc30c055f88bfb5483,,EXACT_CANONICAL_FOUND,Genista scorpius,Genista scorpius,(L.) DC.,Accepted,,,wfo-0000213360,ccfc7e3ca85c8b80aa96eb52d4e50e07e1811d28916b544280d8a4f1a043ba72,,EXACT_CANONICAL_FOUND,Genista scorpius,Genista scorpius (L.) DC. in Lam. & DC.,(L.) DC. in Lam. & DC.,,,,FUND. BIODIVERSIDAD:ANTHOS:24611,e6e19630a9415359fba90888864d17313873a984ac79a3677c1d62aac943f991,
1083,GENTIANACEAE,Gentiana angustifolia subsp. corbariensis,NO_API_TAXON,False,KEEP_TAXONIC_RESPONSE,2026-08-19T17:29:43.538187+00:00,EXACT_CANONICAL_FOUND,Gentiana angustifolia subsp. corbariensis,Gentiana angustifolia subsp. corbariensis,(Braun-Blanq.) Renob.,Synonym,,2821054,2819927,6ff1e084d7e1de5bce526a9952c96fbb0f13b4f2c615b0fc30c055f88bfb5483,,EXACT_CANONICAL_FOUND,Gentiana angustifolia subsp. corbariensis,Gentiana angustifolia subsp. corbariensis,(Braun-Blanq.) Renob.,Synonym,,wfo-0000698119,wfo-0000696891,ccfc7e3ca85c8b80aa96eb52d4e50e07e1811d28916b544280d8a4f1a043ba72,,EXACT_CANONICAL_FOUND,Gentiana angustifolia subsp. corbariensis,Gentiana angustifolia subsp. corbariensis (Braun-Blanq.) Renob.,(Braun-Blanq.) Renob.,,,,FUND. BIODIVERSIDAD:ANTHOS:29204,e6e19630a9415359fba90888864d17313873a984ac79a3677c1d62aac943f991,
1086,GENTIANACEAE,Gentiana lutea subsp. lutea,NO_EXACT_MATCH,False,KEEP_TAXONIC_RESPONSE,2026-08-19T17:29:43.538199+00:00,EXACT_CANONICAL_FOUND,Gentiana lutea subsp. lutea,Gentiana lutea subsp. lutea,,Accepted,,3264664,3264664,6ff1e084d7e1de5bce526a9952c96fbb0f13b4f2c615b0fc30c055f88bfb5483,,EXACT_CANONICAL_FOUND,Gentiana lutea subsp. lutea,Gentiana lutea subsp. lutea,,Accepted,,,wfo-1200031436,ccfc7e3ca85c8b80aa96eb52d4e50e07e1811d28916b544280d8a4f1a043ba72,,EXACT_CANONICAL_FOUND,Gentiana lutea subsp. lutea,Gentiana lutea subsp. lutea L.,L.,,,,FUND. BIODIVERSIDAD:ANTHOS:29181,e6e19630a9415359fba90888864d17313873a984ac79a3677c1d62aac943f991,
1087,GENTIANACEAE,Gentiana occidentalis,NO_API_TAXON,False,KEEP_TAXONIC_RESPONSE,2026-08-19T17:29:43.538207+00:00,EXACT_CANONICAL_FOUND,Gentiana occidentalis,Gentiana occidentalis,Jakow.,Accepted,,2821054,2821054,6ff1e084d7e1de5bce526a9952c96fbb0f13b4f2c615b0fc30c055f88bfb5483,,EXACT_CANONICAL_FOUND,Gentiana occidentalis,Gentiana occidentalis,Jakow.,Accepted,,,wfo-0000698119,ccfc7e3ca85c8b80aa96eb52d4e50e07e1811d28916b544280d8a4f1a043ba72,,EXACT_CANONICAL_NOT_FOUND,,,,,,,,e6e19630a9415359fba90888864d17313873a984ac79a3677c1d62aac943f991,
1089,GENTIANACEAE,Gentiana verna subsp. verna,NO_EXACT_MATCH,False,KEEP_TAXONIC_RESPONSE,2026-08-19T17:29:43.538218+00:00,EXACT_CANONICAL_FOUND,Gentiana verna subsp. verna,Gentiana verna subsp. verna,,Accepted,,3264705,3264705,6ff1e084d7e1de5bce526a9952c96fbb0f13b4f2c615b0fc30c055f88bfb5483,,EXACT_CANONICAL_FOUND,Gentiana verna subsp. verna,Gentiana verna subsp. verna,,Accepted,,,wfo-1200031459,ccfc7e3ca85c8b80aa96eb52d4e50e07e1811d28916b544280d8a4f1a043ba72,,EXACT_CANONICAL_FOUND,Gentiana verna subsp. verna,Gentiana verna subsp. verna L.,L.,,,,FUND. BIODIVERSIDAD:ANTHOS:29225,e6e19630a9415359fba90888864d17313873a984ac79a3677c1d62aac943f991,
1094,GERANIACEAE,Geranium phaeum,NO_API_TAXON,False,KEEP_TAXONIC_RESPONSE,2026-08-19T17:29:43.538228+00:00,EXACT_CANONICAL_FOUND,Geranium phaeum,Geranium phaeum,L.,Accepted,,2823792,2823792,6ff1e084d7e1de5bce526a9952c96fbb0f13b4f2c615b0fc30c055f88bfb5483,,EXACT_CANONICAL_FOUND,Geranium phaeum,Geranium phaeum,L.,Accepted,,,wfo-0000701052,ccfc7e3ca85c8b80aa96eb52d4e50e07e1811d28916b544280d8a4f1a043ba72,,EXACT_CANONICAL_FOUND,Geranium phaeum,Geranium phaeum L.,L.,,,,FUND. BIODIVERSIDAD:ANTHOS:25892,e6e19630a9415359fba90888864d17313873a984ac79a3677c1d62aac943f991,
1097,GERANIACEAE,Geranium pyrenaicum subsp. lusitanicum,NO_EXACT_MATCH,False,KEEP_TAXONIC_RESPONSE,2026-08-19T17:29:43.538241+00:00,EXACT_CANONICAL_FOUND,Geranium pyrenaicum subsp. lusitanicum,Geranium pyrenaicum subsp. lusitanicum,(Samp.) S.Ortiz,Accepted,,2823906,2823906,6ff1e084d7e1de5bce526a9952c96fbb0f13b4f2c615b0fc30c055f88bfb5483,,EXACT_CANONICAL_FOUND,Geranium pyrenaicum subsp. lusitanicum,Geranium pyrenaicum subsp. lusitanicum,(Samp.) S.Ortiz,Accepted,,,wfo-0000701177,ccfc7e3ca85c8b80aa96eb52d4e50e07e1811d28916b544280d8a4f1a043ba72,,EXACT_CANONICAL_FOUND,Geranium pyrenaicum subsp. lusitanicum,Geranium pyrenaicum subsp. lusitanicum (Samp.) S. Ortiz,(Samp.) S. Ortiz,,,,FUND. BIODIVERSIDAD:ANTHOS:67839,e6e19630a9415359fba90888864d17313873a984ac79a3677c1d62aac943f991,
1102,ROSACEAE,Geum hispidum,NO_API_TAXON,False,KEEP_TAXONIC_RESPONSE,2026-08-19T17:29:43.538250+00:00,EXACT_CANONICAL_FOUND,Geum hispidum,Geum hispidum,Fr.,Accepted,,2949290,2949290,6ff1e084d7e1de5bce526a9952c96fbb0f13b4f2c615b0fc30c055f88bfb5483,,EXACT_CANONICAL_FOUND,Geum hispidum,Geum hispidum,Boruss. ex Scheutz,Synonym,,wfo-0000990001,wfo-0001003128,ccfc7e3ca85c8b80aa96eb52d4e50e07e1811d28916b544280d8a4f1a043ba72,,EXACT_CANONICAL_FOUND,Geum hispidum,Geum hispidum Fr.,Fr.,,,,FUND. BIODIVERSIDAD:ANTHOS:67092,e6e19630a9415359fba90888864d17313873a984ac79a3677c1d62aac943f991,
1105,ROSACEAE,Geum sylvaticum,NO_API_TAXON,False,KEEP_TAXONIC_RESPONSE,2026-08-19T17:29:43.538260+00:00,EXACT_CANONICAL_FOUND,Geum sylvaticum,Geum sylvaticum,Pourr.,Accepted,,2949560,2949560,6ff1e084d7e1de5bce526a9952c96fbb0f13b4f2c615b0fc30c055f88bfb5483,,EXACT_CANONICAL_FOUND,Geum sylvaticum,Geum sylvaticum,Pourr.,Accepted,,,wfo-0001018549,ccfc7e3ca85c8b80aa96eb52d4e50e07e1811d28916b544280d8a4f1a043ba72,,EXACT_CANONICAL_FOUND,Geum sylvaticum,Geum sylvaticum Pourr.,Pourr.,,,,FUND. BIODIVERSIDAD:ANTHOS:1124604,e6e19630a9415359fba90888864d17313873a984ac79a3677c1d62aac943f991,
1107,IRIDACEAE,Gladiolus communis,NO_API_TAXON,False,KEEP_TAXONIC_RESPONSE,2026-08-19T17:29:43.538271+00:00,EXACT_CANONICAL_FOUND,Gladiolus communis,Gladiolus communis,L.,Accepted,,328322,328322,6ff1e084d7e1de5bce526a9952c96fbb0f13b4f2c615b0fc30c055f88bfb5483,,EXACT_CANONICAL_FOUND,Gladiolus communis,Gladiolus communis,L.,Accepted,,,wfo-0000789736,ccfc7e3ca85c8b80aa96eb52d4e50e07e1811d28916b544280d8a4f1a043ba72,,EXACT_CANONICAL_FOUND,Gladiolus communis,Gladiolus communis L.,L.,,,,FUND. BIODIVERSIDAD:ANTHOS:35673,e6e19630a9415359fba90888864d17313873a984ac79a3677c1d62aac943f991,
1109,BORAGINACEAE,Glandora prostrata,NO_API_TAXON,False,KEEP_TAXONIC_RESPONSE,2026-08-19T17:29:43.538280+00:00,EXACT_CANONICAL_FOUND,Glandora prostrata,Glandora prostrata,(Loisel.) D.C.Thomas,Accepted,,2607209,2607209,6ff1e084d7e1de5bce526a9952c96fbb0f13b4f2c615b0fc30c055f88bfb5483,,EXACT_CANONICAL_FOUND,Glandora prostrata,Glandora prostrata,(Loisel.) D.C.Thomas,Accepted,,,wfo-0000509318,ccfc7e3ca85c8b80aa96eb52d4e50e07e1811d28916b544280d8a4f1a043ba72,,EXACT_CANONICAL_FOUND,Glandora prostrata,Glandora prostrata (Loisel.) D.C. Thomas,(Loisel.) D.C. Thomas,,,,FUND. BIODIVERSIDAD:ANTHOS:1054231,e6e19630a9415359fba90888864d17313873a984ac79a3677c1d62aac943f991,
1115,PLANTAGINACEAE,Globularia nudicaulis,NO_API_TAXON,False,KEEP_TAXONIC_RESPONSE,2026-08-19T17:29:43.538292+00:00,EXACT_CANONICAL_FOUND,Globularia nudicaulis,Globularia nudicaulis,L.,Accepted,,2826709,2826709,6ff1e084d7e1de5bce526a9952c96fbb0f13b4f2c615b0fc30c055f88bfb5483,,EXACT_CANONICAL_FOUND,Globularia nudicaulis,Globularia nudicaulis,L.,Accepted,,,wfo-0000703848,ccfc7e3ca85c8b80aa96eb52d4e50e07e1811d28916b544280d8a4f1a043ba72,,EXACT_CANONICAL_FOUND,Globularia nudicaulis,Globularia nudicaulis L.,L.,,,,FUND. BIODIVERSIDAD:ANTHOS:31721,e6e19630a9415359fba90888864d17313873a984ac79a3677c1d62aac943f991,
1116,PLANTAGINACEAE,Globularia vulgaris,NO_API_TAXON,False,KEEP_TAXONIC_RESPONSE,2026-08-19T17:29:43.538302+00:00,EXACT_CANONICAL_FOUND,Globularia vulgaris,Globularia vulgaris,L.,Accepted,,2826736,2826736,6ff1e084d7e1de5bce526a9952c96fbb0f13b4f2c615b0fc30c055f88bfb5483,,EXACT_CANONICAL_FOUND,Globularia vulgaris,Globularia vulgaris,L.,Accepted,,,wfo-0000703876,ccfc7e3ca85c8b80aa96eb52d4e50e07e1811d28916b544280d8a4f1a043ba72,,EXACT_CANONICAL_FOUND,Globularia vulgaris,Globularia vulgaris L.,L.,,,,FUND. BIODIVERSIDAD:ANTHOS:31707,e6e19630a9415359fba90888864d17313873a984ac79a3677c1d62aac943f991,
1121,ASTERACEAE,Gnaphalium luteo-album,NO_API_TAXON,False,NO_RESPONSE_ALL_THREE,2026-08-19T17:29:43.538311+00:00,EXACT_CANONICAL_NOT_FOUND,,,,,,,,6ff1e084d7e1de5bce526a9952c96fbb0f13b4f2c615b0fc30c055f88bfb5483,,EXACT_CANONICAL_NOT_FOUND,,,,,,,,ccfc7e3ca85c8b80aa96eb52d4e50e07e1811d28916b544280d8a4f1a043ba72,,EXACT_CANONICAL_NOT_FOUND,,,,,,,,e6e19630a9415359fba90888864d17313873a984ac79a3677c1d62aac943f991,
1124,ORCHIDACEAE,Gymnadenia densiflora,NO_API_TAXON,False,KEEP_TAXONIC_RESPONSE,2026-08-19T17:29:43.538320+00:00,EXACT_CANONICAL_FOUND,Gymnadenia densiflora,Gymnadenia densiflora,(Wahlenb.) A.Dietr.,Accepted,,93653,93653,6ff1e084d7e1de5bce526a9952c96fbb0f13b4f2c615b0fc30c055f88bfb5483,,EXACT_CANONICAL_FOUND,Gymnadenia densiflora,Gymnadenia × densiflora,(Wahlenb.) A.Dietr.,Accepted,,,wfo-0000976581,ccfc7e3ca85c8b80aa96eb52d4e50e07e1811d28916b544280d8a4f1a043ba72,,EXACT_CANONICAL_NOT_FOUND,,,,,,,,e6e19630a9415359fba90888864d17313873a984ac79a3677c1d62aac943f991,
1126,CARYOPHYLLACEAE,Gypsophila struthium subsp. hispanica,NO_API_TAXON,False,KEEP_TAXONIC_RESPONSE,2026-08-19T17:29:43.538331+00:00,EXACT_CANONICAL_FOUND,Gypsophila struthium subsp. hispanica,Gypsophila struthium subsp. hispanica,(Willk.) G.López,Accepted,,2836903,2836903,6ff1e084d7e1de5bce526a9952c96fbb0f13b4f2c615b0fc30c055f88bfb5483,,EXACT_CANONICAL_FOUND,Gypsophila struthium subsp. hispanica,Gypsophila struthium subsp. hispanica,(Willk.) G.López,Accepted,,,wfo-0000713771,ccfc7e3ca85c8b80aa96eb52d4e50e07e1811d28916b544280d8a4f1a043ba72,,EXACT_CANONICAL_FOUND,Gypsophila struthium subsp. hispanica,Gypsophila struthium subsp. hispanica (Willk.) G. López,(Willk.) G. López,,,,FUND. BIODIVERSIDAD:ANTHOS:436567,e6e19630a9415359fba90888864d17313873a984ac79a3677c1d62aac943f991,
1127,POACEAE,Hainardia cylindrica,NO_API_TAXON,False,KEEP_TAXONIC_RESPONSE,2026-08-19T17:29:43.538391+00:00,EXACT_CANONICAL_FOUND,Hainardia cylindrica,Hainardia cylindrica,(Willd.) Greuter,Synonym,,538882,418285,6ff1e084d7e1de5bce526a9952c96fbb0f13b4f2c615b0fc30c055f88bfb5483,,EXACT_CANONICAL_FOUND,Hainardia cylindrica,Hainardia cylindrica,(Willd.) Greuter,Synonym,,wfo-1000035742,wfo-0000873730,ccfc7e3ca85c8b80aa96eb52d4e50e07e1811d28916b544280d8a4f1a043ba72,,EXACT_CANONICAL_FOUND,Hainardia cylindrica,Hainardia cylindrica (Willd.) Greuter,(Willd.) Greuter,,,,FUND. BIODIVERSIDAD:ANTHOS:37433,e6e19630a9415359fba90888864d17313873a984ac79a3677c1d62aac943f991,
1128,CISTACEAE,Halimium umbellatum,NO_API_TAXON,False,KEEP_TAXONIC_RESPONSE,2026-08-19T17:29:43.538405+00:00,EXACT_CANONICAL_FOUND,Halimium umbellatum,Halimium umbellatum,(L.) Spach,Synonym,,2723701,2838282,6ff1e084d7e1de5bce526a9952c96fbb0f13b4f2c615b0fc30c055f88bfb5483,,EXACT_CANONICAL_FOUND,Halimium umbellatum,Halimium umbellatum,(L.) Spach,Synonym,,wfo-0000607642,wfo-0000714772,ccfc7e3ca85c8b80aa96eb52d4e50e07e1811d28916b544280d8a4f1a043ba72,,EXACT_CANONICAL_FOUND,Halimium umbellatum,Halimium umbellatum (L.) Spach,(L.) Spach,,,,FUND. BIODIVERSIDAD:ANTHOS:1124519,e6e19630a9415359fba90888864d17313873a984ac79a3677c1d62aac943f991,
1129,CISTACEAE,Halimium umbellatum subsp. viscosum,NO_API_TAXON,False,KEEP_TAXONIC_RESPONSE,2026-08-19T17:29:43.538419+00:00,EXACT_CANONICAL_FOUND,Halimium umbellatum subsp. viscosum,Halimium umbellatum subsp. viscosum,(Willk.) O.Bolòs & Vigo,Synonym,,2603985,2838284,6ff1e084d7e1de5bce526a9952c96fbb0f13b4f2c615b0fc30c055f88bfb5483,,EXACT_CANONICAL_FOUND,Halimium umbellatum subsp. viscosum,Halimium umbellatum subsp. viscosum,(Willk.) O.Bolòs & Vigo,Synonym,,wfo-0000506826,wfo-0000714774,ccfc7e3ca85c8b80aa96eb52d4e50e07e1811d28916b544280d8a4f1a043ba72,,EXACT_CANONICAL_FOUND,Halimium umbellatum subsp. viscosum,Halimium umbellatum subsp. viscosum (Willk.) O. Bolòs & Vigo,(Willk.) O. Bolòs & Vigo,,,,FUND. BIODIVERSIDAD:ANTHOS:1124699,e6e19630a9415359fba90888864d17313873a984ac79a3677c1d62aac943f991,
1130,RUTACEAE,Haplophyllum linifolium,NO_API_TAXON,False,KEEP_TAXONIC_RESPONSE,2026-08-19T17:29:43.538433+00:00,EXACT_CANONICAL_FOUND,Haplophyllum linifolium,Haplophyllum linifolium,Schur,Illegitimate,,3265043,2839397,6ff1e084d7e1de5bce526a9952c96fbb0f13b4f2c615b0fc30c055f88bfb5483,,EXACT_CANONICAL_FOUND,Haplophyllum linifolium,Haplophyllum linifolium,(L.) G.Don,Accepted,,,wfo-0000715558,ccfc7e3ca85c8b80aa96eb52d4e50e07e1811d28916b544280d8a4f1a043ba72,,EXACT_CANONICAL_FOUND,Haplophyllum linifolium,Haplophyllum linifolium (L.) G. Don,(L.) G. Don,,,,FUND. BIODIVERSIDAD:ANTHOS:26581,e6e19630a9415359fba90888864d17313873a984ac79a3677c1d62aac943f991,
1132,ARALIACEAE,Hedera helix subsp. helix,NO_EXACT_MATCH,False,KEEP_TAXONIC_RESPONSE,2026-08-19T17:29:43.538447+00:00,EXACT_CANONICAL_NOT_FOUND,,,,,,,,6ff1e084d7e1de5bce526a9952c96fbb0f13b4f2c615b0fc30c055f88bfb5483,,EXACT_CANONICAL_FOUND,Hedera helix subsp. helix,Hedera helix subsp. helix,,Unchecked,,,wfo-1200108643,ccfc7e3ca85c8b80aa96eb52d4e50e07e1811d28916b544280d8a4f1a043ba72,,EXACT_CANONICAL_FOUND,Hedera helix subsp. helix,Hedera helix subsp. helix L.,L.,,,,FUND. BIODIVERSIDAD:ANTHOS:48587,e6e19630a9415359fba90888864d17313873a984ac79a3677c1d62aac943f991,
1133,ARALIACEAE,Hedera hibernica,NO_API_TAXON,False,KEEP_TAXONIC_RESPONSE,2026-08-19T17:29:43.538461+00:00,EXACT_CANONICAL_FOUND,Hedera hibernica,Hedera hibernica,Poit.,Accepted,,96738,96738,6ff1e084d7e1de5bce526a9952c96fbb0f13b4f2c615b0fc30c055f88bfb5483,,EXACT_CANONICAL_FOUND,Hedera hibernica,Hedera hibernica,Carrière,Synonym,,wfo-1200025985,wfo-0000979815,ccfc7e3ca85c8b80aa96eb52d4e50e07e1811d28916b544280d8a4f1a043ba72,,EXACT_CANONICAL_FOUND,Hedera hibernica,Hedera hibernica (G. Kirchn.) Bean,(G. Kirchn.) Bean,,,,FUND. BIODIVERSIDAD:ANTHOS:1845435,e6e19630a9415359fba90888864d17313873a984ac79a3677c1d62aac943f991,
1136,FABACEAE,Hedysarum boveanum subsp. europaeum,NO_API_TAXON,False,KEEP_TAXONIC_RESPONSE,2026-08-19T17:29:43.538475+00:00,EXACT_CANONICAL_FOUND,Hedysarum boveanum subsp. europaeum,Hedysarum boveanum subsp. europaeum,Guitt. & Kerguélen,Accepted,,2841071,2841071,6ff1e084d7e1de5bce526a9952c96fbb0f13b4f2c615b0fc30c055f88bfb5483,,EXACT_CANONICAL_FOUND,Hedysarum boveanum subsp. europaeum,Hedysarum boveanum subsp. europaeum,Guitt. & Kerguélen,Accepted,,,wfo-0000191406,ccfc7e3ca85c8b80aa96eb52d4e50e07e1811d28916b544280d8a4f1a043ba72,,EXACT_CANONICAL_FOUND,Hedysarum boveanum subsp. europaeum,Hedysarum boveanum subsp. europaeum Guitt. & Kerguélen,Guitt. & Kerguélen,,,,FUND. BIODIVERSIDAD:ANTHOS:848907,e6e19630a9415359fba90888864d17313873a984ac79a3677c1d62aac943f991,
1137,FABACEAE,Hedysarum confertum,NO_API_TAXON,False,KEEP_TAXONIC_RESPONSE,2026-08-19T17:29:43.538488+00:00,EXACT_CANONICAL_FOUND,Hedysarum confertum,Hedysarum confertum,Desf.,Synonym,,2389183,2841153,6ff1e084d7e1de5bce526a9952c96fbb0f13b4f2c615b0fc30c055f88bfb5483,,EXACT_CANONICAL_FOUND,Hedysarum confertum,Hedysarum confertum,"sensu Greuter & al., p.p.A",Synonym,,wfo-0000191406,wfo-0000191409,ccfc7e3ca85c8b80aa96eb52d4e50e07e1811d28916b544280d8a4f1a043ba72,,EXACT_CANONICAL_NOT_FOUND,,,,,,,,e6e19630a9415359fba90888864d17313873a984ac79a3677c1d62aac943f991,
1138,FABACEAE,Hedysarum spinosissimum,NO_API_TAXON,False,KEEP_TAXONIC_RESPONSE,2026-08-19T17:29:43.538503+00:00,EXACT_CANONICAL_FOUND,Hedysarum spinosissimum,Hedysarum spinosissimum,L.,Synonym,,2589953,2841718,6ff1e084d7e1de5bce526a9952c96fbb0f13b4f2c615b0fc30c055f88bfb5483,,EXACT_CANONICAL_FOUND,Hedysarum spinosissimum,Hedysarum spinosissimum,L.,Synonym,,wfo-0000497870,wfo-0000204788,ccfc7e3ca85c8b80aa96eb52d4e50e07e1811d28916b544280d8a4f1a043ba72,,EXACT_CANONICAL_FOUND,Hedysarum spinosissimum,Hedysarum spinosissimum L.,L.,,,,FUND. BIODIVERSIDAD:ANTHOS:182564,e6e19630a9415359fba90888864d17313873a984ac79a3677c1d62aac943f991,
1141,CISTACEAE,Helianthemum apenninum subsp. stoechadifolium,NO_EXACT_MATCH,False,KEEP_TAXONIC_RESPONSE,2026-08-19T17:29:43.538519+00:00,EXACT_CANONICAL_FOUND,Helianthemum apenninum subsp. stoechadifolium,Helianthemum apenninum subsp. stoechadifolium,(Brot.) Samp.,Accepted,,3240751,3240751,6ff1e084d7e1de5bce526a9952c96fbb0f13b4f2c615b0fc30c055f88bfb5483,,EXACT_CANONICAL_FOUND,Helianthemum apenninum subsp. stoechadifolium,Helianthemum apenninum subsp. stoechadifolium,(Brot.) Samp.,Accepted,,,wfo-1200012176,ccfc7e3ca85c8b80aa96eb52d4e50e07e1811d28916b544280d8a4f1a043ba72,,EXACT_CANONICAL_FOUND,Helianthemum apenninum subsp. stoechadifolium,Helianthemum apenninum subsp. stoechadifolium (Brot.) Samp.,(Brot.) Samp.,,,,FUND. BIODIVERSIDAD:ANTHOS:27324,e6e19630a9415359fba90888864d17313873a984ac79a3677c1d62aac943f991,
1142,CISTACEAE,Helianthemum cinereum subsp. rotundifolium,NO_API_TAXON,False,KEEP_TAXONIC_RESPONSE,2026-08-19T17:29:43.538534+00:00,EXACT_CANONICAL_FOUND,Helianthemum cinereum subsp. rotundifolium,Helianthemum cinereum subsp. rotundifolium,(Dunal) Greuter & Burdet,Synonym,,2842738,2842357,6ff1e084d7e1de5bce526a9952c96fbb0f13b4f2c615b0fc30c055f88bfb5483,,EXACT_CANONICAL_FOUND,Helianthemum cinereum subsp. rotundifolium,Helianthemum cinereum subsp. rotundifolium,(Dunal) Greuter & Burdet,Synonym,,wfo-0000717709,wfo-0000717377,ccfc7e3ca85c8b80aa96eb52d4e50e07e1811d28916b544280d8a4f1a043ba72,,EXACT_CANONICAL_FOUND,Helianthemum cinereum subsp. rotundifolium,Helianthemum cinereum subsp. rotundifolium (Dunal) Greuter & Burdet,(Dunal) Greuter & Burdet,,,,FUND. BIODIVERSIDAD:ANTHOS:47816,e6e19630a9415359fba90888864d17313873a984ac79a3677c1d62aac943f991,
1143,CISTACEAE,Helianthemum hirtum,NO_API_TAXON,False,KEEP_TAXONIC_RESPONSE,2026-08-19T17:29:43.538546+00:00,EXACT_CANONICAL_FOUND,Helianthemum hirtum,Helianthemum hirtum,(L.) Mill.,Accepted,,2842494,2842494,6ff1e084d7e1de5bce526a9952c96fbb0f13b4f2c615b0fc30c055f88bfb5483,,EXACT_CANONICAL_FOUND,Helianthemum hirtum,Helianthemum hirtum,(L.) Mill.,Accepted,,,wfo-0000717501,ccfc7e3ca85c8b80aa96eb52d4e50e07e1811d28916b544280d8a4f1a043ba72,,EXACT_CANONICAL_FOUND,Helianthemum hirtum,Helianthemum hirtum (L.) Mill.,(L.) Mill.,,,,FUND. BIODIVERSIDAD:ANTHOS:47817,e6e19630a9415359fba90888864d17313873a984ac79a3677c1d62aac943f991,
1146,CISTACEAE,Helianthemum oelandicum subsp. incanum,NO_EXACT_MATCH,False,KEEP_TAXONIC_RESPONSE,2026-08-19T17:29:43.538565+00:00,EXACT_CANONICAL_FOUND,Helianthemum oelandicum subsp. incanum,Helianthemum oelandicum subsp. incanum,(Willk.) G.López,Synonym,,3265062,2842646,6ff1e084d7e1de5bce526a9952c96fbb0f13b4f2c615b0fc30c055f88bfb5483,,EXACT_CANONICAL_FOUND,Helianthemum oelandicum subsp. incanum,Helianthemum oelandicum subsp. incanum,(Willk.) G.López,Synonym,,wfo-1200071947,wfo-0000717636,ccfc7e3ca85c8b80aa96eb52d4e50e07e1811d28916b544280d8a4f1a043ba72,,EXACT_CANONICAL_FOUND,Helianthemum oelandicum subsp. incanum,Helianthemum oelandicum subsp. incanum (Willk.) G. López,(Willk.) G. López,,,,FUND. BIODIVERSIDAD:ANTHOS:27394,e6e19630a9415359fba90888864d17313873a984ac79a3677c1d62aac943f991,
1148,CISTACEAE,Helianthemum squamatum,NO_API_TAXON,False,KEEP_TAXONIC_RESPONSE,2026-08-19T17:29:43.538579+00:00,EXACT_CANONICAL_FOUND,Helianthemum squamatum,Helianthemum squamatum,(L.) Dum.Cours.,Accepted,,2842793,2842793,6ff1e084d7e1de5bce526a9952c96fbb0f13b4f2c615b0fc30c055f88bfb5483,,EXACT_CANONICAL_FOUND,Helianthemum squamatum,Helianthemum squamatum,(L.) Dum.Cours.,Accepted,,,wfo-0000717760,ccfc7e3ca85c8b80aa96eb52d4e50e07e1811d28916b544280d8a4f1a043ba72,,EXACT_CANONICAL_FOUND,Helianthemum squamatum,Helianthemum squamatum (L.) Dum. Cours.,(L.) Dum. Cours.,,,,FUND. BIODIVERSIDAD:ANTHOS:845105,e6e19630a9415359fba90888864d17313873a984ac79a3677c1d62aac943f991,
1151,ASTERACEAE,Helichrysum serotinum,NO_API_TAXON,False,KEEP_TAXONIC_RESPONSE,2026-08-19T17:29:43.538595+00:00,EXACT_CANONICAL_FOUND,Helichrysum serotinum,Helichrysum serotinum,(DC.) Boiss.,Accepted,,3091231,3091231,6ff1e084d7e1de5bce526a9952c96fbb0f13b4f2c615b0fc30c055f88bfb5483,,EXACT_CANONICAL_FOUND,Helichrysum serotinum,Helichrysum serotinum,Boiss.,Synonym,,wfo-0000097195,wfo-0000135380,ccfc7e3ca85c8b80aa96eb52d4e50e07e1811d28916b544280d8a4f1a043ba72,,EXACT_CANONICAL_FOUND,Helichrysum serotinum,Helichrysum serotinum (DC.) Boiss.,(DC.) Boiss.,,,,FUND. BIODIVERSIDAD:ANTHOS:32909,e6e19630a9415359fba90888864d17313873a984ac79a3677c1d62aac943f991,
1153,POACEAE,Helictochloa bromoides,NO_API_TAXON,False,KEEP_TAXONIC_RESPONSE,2026-08-19T17:29:43.538608+00:00,EXACT_CANONICAL_FOUND,Helictochloa bromoides,Helictochloa bromoides,(Gouan) Romero Zarco,Accepted,,467314,467314,6ff1e084d7e1de5bce526a9952c96fbb0f13b4f2c615b0fc30c055f88bfb5483,,EXACT_CANONICAL_FOUND,Helictochloa bromoides,Helictochloa bromoides,(Gouan) Romero Zarco,Accepted,,,wfo-0000921706,ccfc7e3ca85c8b80aa96eb52d4e50e07e1811d28916b544280d8a4f1a043ba72,,EXACT_CANONICAL_NOT_FOUND,,,,,,,,e6e19630a9415359fba90888864d17313873a984ac79a3677c1d62aac943f991,
1154,POACEAE,Helictochloa marginata,NO_API_TAXON,False,KEEP_TAXONIC_RESPONSE,2026-08-19T17:29:43.538621+00:00,EXACT_CANONICAL_FOUND,Helictochloa marginata,Helictochloa marginata,(Lowe) Romero Zarco,Accepted,,466367,466367,6ff1e084d7e1de5bce526a9952c96fbb0f13b4f2c615b0fc30c055f88bfb5483,,EXACT_CANONICAL_FOUND,Helictochloa marginata,Helictochloa marginata,(Lowe) Romero Zarco,Accepted,,,wfo-0000920828,ccfc7e3ca85c8b80aa96eb52d4e50e07e1811d28916b544280d8a4f1a043ba72,,EXACT_CANONICAL_NOT_FOUND,,,,,,,,e6e19630a9415359fba90888864d17313873a984ac79a3677c1d62aac943f991,
1155,POACEAE,Helictochloa pratensis subsp. iberica,NO_API_TAXON,False,KEEP_TAXONIC_RESPONSE,2026-08-19T17:29:43.538635+00:00,EXACT_CANONICAL_FOUND,Helictochloa pratensis subsp. iberica,Helictochloa pratensis subsp. iberica,(St.-Yves) Romero Zarco,Accepted,,468414,468414,6ff1e084d7e1de5bce526a9952c96fbb0f13b4f2c615b0fc30c055f88bfb5483,,EXACT_CANONICAL_FOUND,Helictochloa pratensis subsp. iberica,Helictochloa pratensis subsp. iberica,(St.-Yves) Romero Zarco,Accepted,,,wfo-0001361981,ccfc7e3ca85c8b80aa96eb52d4e50e07e1811d28916b544280d8a4f1a043ba72,,EXACT_CANONICAL_NOT_FOUND,,,,,,,,e6e19630a9415359fba90888864d17313873a984ac79a3677c1d62aac943f991,
1156,POACEAE,Helictotrichon cantabricum,NO_API_TAXON,False,KEEP_TAXONIC_RESPONSE,2026-08-19T17:29:43.538649+00:00,EXACT_CANONICAL_FOUND,Helictotrichon cantabricum,Helictotrichon cantabricum,(Lag.) Gervais,Accepted,,418381,418381,6ff1e084d7e1de5bce526a9952c96fbb0f13b4f2c615b0fc30c055f88bfb5483,,EXACT_CANONICAL_FOUND,Helictotrichon cantabricum,Helictotrichon cantabricum,(Lag.) Gervais,Accepted,,,wfo-0000873826,ccfc7e3ca85c8b80aa96eb52d4e50e07e1811d28916b544280d8a4f1a043ba72,,EXACT_CANONICAL_FOUND,Helictotrichon cantabricum,Helictotrichon cantabricum (Lag.) Gervais,(Lag.) Gervais,,,,FUND. BIODIVERSIDAD:ANTHOS:36941,e6e19630a9415359fba90888864d17313873a984ac79a3677c1d62aac943f991,
1159,RANUNCULACEAE,Helleborus viridis subsp. occidentalis,NO_API_TAXON,False,KEEP_TAXONIC_RESPONSE,2026-08-19T17:29:43.538663+00:00,EXACT_CANONICAL_FOUND,Helleborus viridis subsp. occidentalis,Helleborus viridis subsp. occidentalis,(Reut.) Schiffn.,Accepted,,2870641,2870641,6ff1e084d7e1de5bce526a9952c96fbb0f13b4f2c615b0fc30c055f88bfb5483,,EXACT_CANONICAL_FOUND,Helleborus viridis subsp. occidentalis,Helleborus viridis subsp. occidentalis,(Reut.) Schiffn.,Accepted,,,wfo-0000735062,ccfc7e3ca85c8b80aa96eb52d4e50e07e1811d28916b544280d8a4f1a043ba72,,EXACT_CANONICAL_FOUND,Helleborus viridis subsp. occidentalis,Helleborus viridis subsp. occidentalis (Reut.) Schiffn.,(Reut.) Schiffn.,,,,FUND. BIODIVERSIDAD:ANTHOS:21793,e6e19630a9415359fba90888864d17313873a984ac79a3677c1d62aac943f991,
1164,CARYOPHYLLACEAE,Herniaria cinerea,NO_API_TAXON,False,KEEP_TAXONIC_RESPONSE,2026-08-19T17:29:43.538679+00:00,EXACT_CANONICAL_FOUND,Herniaria cinerea,Herniaria cinerea,DC.,Accepted,,2846906,2846906,6ff1e084d7e1de5bce526a9952c96fbb0f13b4f2c615b0fc30c055f88bfb5483,,EXACT_CANONICAL_FOUND,Herniaria cinerea,Herniaria cinerea,DC.,Synonym,,wfo-0000734536,wfo-0000720657,ccfc7e3ca85c8b80aa96eb52d4e50e07e1811d28916b544280d8a4f1a043ba72,,EXACT_CANONICAL_FOUND,Herniaria cinerea,Herniaria cinerea DC. in Lam. & DC.,DC. in Lam. & DC.,,,,FUND. BIODIVERSIDAD:ANTHOS:21411,e6e19630a9415359fba90888864d17313873a984ac79a3677c1d62aac943f991,
1165,CARYOPHYLLACEAE,Herniaria fruticosa,NO_API_TAXON,False,KEEP_TAXONIC_RESPONSE,2026-08-19T17:29:43.538692+00:00,EXACT_CANONICAL_FOUND,Herniaria fruticosa,Herniaria fruticosa,Desf.,Misapplied,,3265158,2846928,6ff1e084d7e1de5bce526a9952c96fbb0f13b4f2c615b0fc30c055f88bfb5483,,EXACT_CANONICAL_FOUND,Herniaria fruticosa,Herniaria fruticosa,L.,Accepted,,,wfo-0000720674,ccfc7e3ca85c8b80aa96eb52d4e50e07e1811d28916b544280d8a4f1a043ba72,,EXACT_CANONICAL_FOUND,Herniaria fruticosa,Herniaria fruticosa L.,L.,,,,FUND. BIODIVERSIDAD:ANTHOS:845107,e6e19630a9415359fba90888864d17313873a984ac79a3677c1d62aac943f991,
1166,CARYOPHYLLACEAE,Herniaria fruticosa var. fruticosa,NO_API_TAXON,False,NO_RESPONSE_ALL_THREE,2026-08-19T17:29:43.538707+00:00,EXACT_CANONICAL_NOT_FOUND,,,,,,,,6ff1e084d7e1de5bce526a9952c96fbb0f13b4f2c615b0fc30c055f88bfb5483,,EXACT_CANONICAL_NOT_FOUND,,,,,,,,ccfc7e3ca85c8b80aa96eb52d4e50e07e1811d28916b544280d8a4f1a043ba72,,EXACT_CANONICAL_NOT_FOUND,,,,,,,,e6e19630a9415359fba90888864d17313873a984ac79a3677c1d62aac943f991,
1168,CARYOPHYLLACEAE,Herniaria glabra var. glabra,NO_EXACT_MATCH,False,NO_RESPONSE_ALL_THREE,2026-08-19T17:29:43.538721+00:00,EXACT_CANONICAL_NOT_FOUND,,,,,,,,6ff1e084d7e1de5bce526a9952c96fbb0f13b4f2c615b0fc30c055f88bfb5483,,EXACT_CANONICAL_NOT_FOUND,,,,,,,,ccfc7e3ca85c8b80aa96eb52d4e50e07e1811d28916b544280d8a4f1a043ba72,,EXACT_CANONICAL_NOT_FOUND,,,,,,,,e6e19630a9415359fba90888864d17313873a984ac79a3677c1d62aac943f991,
1170,CARYOPHYLLACEAE,Herniaria hirsuta subsp. hirsuta,NO_EXACT_MATCH,False,KEEP_TAXONIC_RESPONSE,2026-08-19T17:29:43.538737+00:00,EXACT_CANONICAL_FOUND,Herniaria hirsuta subsp. hirsuta,Herniaria hirsuta subsp. hirsuta,,Accepted,,3265160,3265160,6ff1e084d7e1de5bce526a9952c96fbb0f13b4f2c615b0fc30c055f88bfb5483,,EXACT_CANONICAL_FOUND,Herniaria hirsuta subsp. hirsuta,Herniaria hirsuta subsp. hirsuta,,Synonym,,wfo-0000720684,wfo-0001292453,ccfc7e3ca85c8b80aa96eb52d4e50e07e1811d28916b544280d8a4f1a043ba72,,EXACT_CANONICAL_FOUND,Herniaria hirsuta subsp. hirsuta,Herniaria hirsuta subsp. hirsuta L.,L.,,,,FUND. BIODIVERSIDAD:ANTHOS:1366728,e6e19630a9415359fba90888864d17313873a984ac79a3677c1d62aac943f991,
1172,CARYOPHYLLACEAE,Herniaria scabrida,NO_API_TAXON,False,KEEP_TAXONIC_RESPONSE,2026-08-19T17:29:43.538750+00:00,EXACT_CANONICAL_FOUND,Herniaria scabrida,Herniaria scabrida,Boiss.,Accepted,,2847005,2847005,6ff1e084d7e1de5bce526a9952c96fbb0f13b4f2c615b0fc30c055f88bfb5483,,EXACT_CANONICAL_FOUND,Herniaria scabrida,Herniaria scabrida,Boiss.,Accepted,,,wfo-0000720742,ccfc7e3ca85c8b80aa96eb52d4e50e07e1811d28916b544280d8a4f1a043ba72,,EXACT_CANONICAL_FOUND,Herniaria scabrida,Herniaria scabrida Boiss.,Boiss.,,,,FUND. BIODIVERSIDAD:ANTHOS:1124423,e6e19630a9415359fba90888864d17313873a984ac79a3677c1d62aac943f991,
1173,CARYOPHYLLACEAE,Herniaria scabrida var. scabrida,NO_API_TAXON,False,NO_RESPONSE_ALL_THREE,2026-08-19T17:29:43.538764+00:00,EXACT_CANONICAL_NOT_FOUND,,,,,,,,6ff1e084d7e1de5bce526a9952c96fbb0f13b4f2c615b0fc30c055f88bfb5483,,EXACT_CANONICAL_NOT_FOUND,,,,,,,,ccfc7e3ca85c8b80aa96eb52d4e50e07e1811d28916b544280d8a4f1a043ba72,,EXACT_CANONICAL_NOT_FOUND,,,,,,,,e6e19630a9415359fba90888864d17313873a984ac79a3677c1d62aac943f991,
1176,ASTERACEAE,Hieracium aragonense,NO_API_TAXON,False,KEEP_TAXONIC_RESPONSE,2026-08-19T17:29:43.538776+00:00,EXACT_CANONICAL_NOT_FOUND,,,,,,,,6ff1e084d7e1de5bce526a9952c96fbb0f13b4f2c615b0fc30c055f88bfb5483,,EXACT_CANONICAL_FOUND,Hieracium aragonense,Hieracium aragonense,Scheele,Unchecked,,,wfo-0000000043,ccfc7e3ca85c8b80aa96eb52d4e50e07e1811d28916b544280d8a4f1a043ba72,,EXACT_CANONICAL_FOUND,Hieracium aragonense,Hieracium aragonense Scheele,Scheele,,,,FUND. BIODIVERSIDAD:ANTHOS:81408,e6e19630a9415359fba90888864d17313873a984ac79a3677c1d62aac943f991,
1177,ASTERACEAE,Hieracium argillaceum,NO_API_TAXON,False,KEEP_TAXONIC_RESPONSE,2026-08-19T17:29:43.538788+00:00,EXACT_CANONICAL_FOUND,Hieracium argillaceum,Hieracium argillaceum,Jord.,Synonym,,3240815,3066981,6ff1e084d7e1de5bce526a9952c96fbb0f13b4f2c615b0fc30c055f88bfb5483,,EXACT_CANONICAL_FOUND,Hieracium argillaceum,Hieracium argillaceum,Jord.,Synonym,,wfo-0000111828,wfo-0000000238,ccfc7e3ca85c8b80aa96eb52d4e50e07e1811d28916b544280d8a4f1a043ba72,,EXACT_CANONICAL_NOT_FOUND,,,,,,,,e6e19630a9415359fba90888864d17313873a984ac79a3677c1d62aac943f991,
1178,ASTERACEAE,Hieracium arnedianum,NO_API_TAXON,False,KEEP_TAXONIC_RESPONSE,2026-08-19T17:29:43.538802+00:00,EXACT_CANONICAL_FOUND,Hieracium arnedianum,Hieracium arnedianum,Mateo & Alejandre,Accepted,,3064270,3064270,6ff1e084d7e1de5bce526a9952c96fbb0f13b4f2c615b0fc30c055f88bfb5483,,EXACT_CANONICAL_FOUND,Hieracium arnedianum,Hieracium arnedianum,Mateo & Alejandre,Accepted,,,wfo-0000012771,ccfc7e3ca85c8b80aa96eb52d4e50e07e1811d28916b544280d8a4f1a043ba72,,EXACT_CANONICAL_NOT_FOUND,,,,,,,,e6e19630a9415359fba90888864d17313873a984ac79a3677c1d62aac943f991,
1179,ASTERACEAE,Hieracium bifurcum,NO_API_TAXON,False,KEEP_TAXONIC_RESPONSE,2026-08-19T17:29:43.538816+00:00,EXACT_CANONICAL_FOUND,Hieracium bifurcum,Hieracium bifurcum,M.Bieb.,Synonym,,3071136,3071109,6ff1e084d7e1de5bce526a9952c96fbb0f13b4f2c615b0fc30c055f88bfb5483,,EXACT_CANONICAL_FOUND,Hieracium bifurcum,Hieracium bifurcum,Froel.,Unchecked,,,wfo-0000000918,ccfc7e3ca85c8b80aa96eb52d4e50e07e1811d28916b544280d8a4f1a043ba72,,EXACT_CANONICAL_NOT_FOUND,,,,,,,,e6e19630a9415359fba90888864d17313873a984ac79a3677c1d62aac943f991,
1180,ASTERACEAE,Hieracium bombycinum,NO_API_TAXON,False,KEEP_TAXONIC_RESPONSE,2026-08-19T17:29:43.538830+00:00,EXACT_CANONICAL_FOUND,Hieracium bombycinum,Hieracium bombycinum,Boiss. & Reut. ex Fr.,Accepted,,3064601,3064601,6ff1e084d7e1de5bce526a9952c96fbb0f13b4f2c615b0fc30c055f88bfb5483,,EXACT_CANONICAL_FOUND,Hieracium bombycinum,Hieracium bombycinum,Boiss. & Reut. ex Rchb.f.,Accepted,,,wfo-0000070039,ccfc7e3ca85c8b80aa96eb52d4e50e07e1811d28916b544280d8a4f1a043ba72,,EXACT_CANONICAL_FOUND,Hieracium bombycinum,Hieracium bombycinum Rchb. fil. in Rchb.,Rchb. fil. in Rchb.,,,,FUND. BIODIVERSIDAD:ANTHOS:34777,e6e19630a9415359fba90888864d17313873a984ac79a3677c1d62aac943f991,
1181,ASTERACEAE,Hieracium bourgaei,NO_API_TAXON,False,KEEP_TAXONIC_RESPONSE,2026-08-19T17:29:43.538843+00:00,EXACT_CANONICAL_FOUND,Hieracium bourgaei,Hieracium bourgaei,Boiss.,Accepted,,3064622,3064622,6ff1e084d7e1de5bce526a9952c96fbb0f13b4f2c615b0fc30c055f88bfb5483,,EXACT_CANONICAL_FOUND,Hieracium bourgaei,Hieracium bourgaei,Boiss.,Accepted,,,wfo-0000122523,ccfc7e3ca85c8b80aa96eb52d4e50e07e1811d28916b544280d8a4f1a043ba72,,EXACT_CANONICAL_FOUND,Hieracium bourgaei,Hieracium bourgaei Boiss.,Boiss.,,,,FUND. BIODIVERSIDAD:ANTHOS:848958,e6e19630a9415359fba90888864d17313873a984ac79a3677c1d62aac943f991,
1182,ASTERACEAE,Hieracium castellanum,NO_API_TAXON,False,KEEP_TAXONIC_RESPONSE,2026-08-19T17:29:43.538857+00:00,EXACT_CANONICAL_FOUND,Hieracium castellanum,Hieracium castellanum,Boiss. & Reut.,Synonym,,3071361,3071360,6ff1e084d7e1de5bce526a9952c96fbb0f13b4f2c615b0fc30c055f88bfb5483,,EXACT_CANONICAL_FOUND,Hieracium castellanum,Hieracium castellanum,Arv.-Touv.,Synonym,,wfo-0000000899,wfo-0000008814,ccfc7e3ca85c8b80aa96eb52d4e50e07e1811d28916b544280d8a4f1a043ba72,,EXACT_CANONICAL_NOT_FOUND,,,,,,,,e6e19630a9415359fba90888864d17313873a984ac79a3677c1d62aac943f991,
1183,ASTERACEAE,Hieracium compositum,NO_API_TAXON,False,KEEP_TAXONIC_RESPONSE,2026-08-19T17:29:43.538871+00:00,EXACT_CANONICAL_FOUND,Hieracium compositum,Hieracium compositum,Lapeyr.,Accepted,,3064708,3064708,6ff1e084d7e1de5bce526a9952c96fbb0f13b4f2c615b0fc30c055f88bfb5483,,EXACT_CANONICAL_FOUND,Hieracium compositum,Hieracium compositum,Lapeyr.,Accepted,,,wfo-0000024875,ccfc7e3ca85c8b80aa96eb52d4e50e07e1811d28916b544280d8a4f1a043ba72,,EXACT_CANONICAL_FOUND,Hieracium compositum,Hieracium compositum Lapeyr.,Lapeyr.,,,,FUND. BIODIVERSIDAD:ANTHOS:845512,e6e19630a9415359fba90888864d17313873a984ac79a3677c1d62aac943f991,
1184,ASTERACEAE,Hieracium diaphanoides,NO_API_TAXON,False,KEEP_TAXONIC_RESPONSE,2026-08-19T17:29:43.538886+00:00,EXACT_CANONICAL_FOUND,Hieracium diaphanoides,Hieracium diaphanoides,Lindeb.,Accepted,,3065462,3065462,6ff1e084d7e1de5bce526a9952c96fbb0f13b4f2c615b0fc30c055f88bfb5483,,EXACT_CANONICAL_FOUND,Hieracium diaphanoides,Hieracium diaphanoides,Lindeb.,Accepted,,,wfo-0000123412,ccfc7e3ca85c8b80aa96eb52d4e50e07e1811d28916b544280d8a4f1a043ba72,,EXACT_CANONICAL_NOT_FOUND,,,,,,,,e6e19630a9415359fba90888864d17313873a984ac79a3677c1d62aac943f991,
1185,ASTERACEAE,Hieracium elisaeanum,NO_API_TAXON,False,KEEP_TAXONIC_RESPONSE,2026-08-19T17:29:43.538911+00:00,EXACT_CANONICAL_FOUND,Hieracium elisaeanum,Hieracium elisaeanum,Arv.-Touv. ex Willk.,Accepted,,3065574,3065574,6ff1e084d7e1de5bce526a9952c96fbb0f13b4f2c615b0fc30c055f88bfb5483,,EXACT_CANONICAL_FOUND,Hieracium elisaeanum,Hieracium elisaeanum,Arv.-Touv. ex Willk.,Accepted,,,wfo-0000043554,ccfc7e3ca85c8b80aa96eb52d4e50e07e1811d28916b544280d8a4f1a043ba72,,EXACT_CANONICAL_FOUND,Hieracium elisaeanum,Hieracium elisaeanum Willk.,Willk.,,,,FUND. BIODIVERSIDAD:ANTHOS:920337,e6e19630a9415359fba90888864d17313873a984ac79a3677c1d62aac943f991,
1186,ASTERACEAE,Hieracium flagellare,NO_API_TAXON,False,KEEP_TAXONIC_RESPONSE,2026-08-19T17:29:43.538926+00:00,EXACT_CANONICAL_FOUND,Hieracium flagellare,Hieracium flagellare,Willd.,Synonym,,3071737,3071705,6ff1e084d7e1de5bce526a9952c96fbb0f13b4f2c615b0fc30c055f88bfb5483,,EXACT_CANONICAL_FOUND,Hieracium flagellare,Hieracium flagellare,Schlecht.,Accepted,,,wfo-0000010393,ccfc7e3ca85c8b80aa96eb52d4e50e07e1811d28916b544280d8a4f1a043ba72,,EXACT_CANONICAL_NOT_FOUND,,,,,,,,e6e19630a9415359fba90888864d17313873a984ac79a3677c1d62aac943f991,
1187,ASTERACEAE,Hieracium glaucinum,NO_API_TAXON,False,KEEP_TAXONIC_RESPONSE,2026-08-19T17:29:43.538940+00:00,EXACT_CANONICAL_FOUND,Hieracium glaucinum,Hieracium glaucinum,Jord.,Accepted,,3065956,3065956,6ff1e084d7e1de5bce526a9952c96fbb0f13b4f2c615b0fc30c055f88bfb5483,,EXACT_CANONICAL_FOUND,Hieracium glaucinum,Hieracium glaucinum,Jord.,Accepted,,,wfo-0000022825,ccfc7e3ca85c8b80aa96eb52d4e50e07e1811d28916b544280d8a4f1a043ba72,,EXACT_CANONICAL_FOUND,Hieracium glaucinum,Hieracium glaucinum Jord.,Jord.,,,,FUND. BIODIVERSIDAD:ANTHOS:34715,e6e19630a9415359fba90888864d17313873a984ac79a3677c1d62aac943f991,
1188,ASTERACEAE,Hieracium hirsutum,NO_API_TAXON,False,KEEP_TAXONIC_RESPONSE,2026-08-19T17:29:43.538955+00:00,EXACT_CANONICAL_FOUND,Hieracium hirsutum,Hieracium hirsutum,Lapeyr. ex Fr.,Invalid,,3068592,3204409,6ff1e084d7e1de5bce526a9952c96fbb0f13b4f2c615b0fc30c055f88bfb5483,,EXACT_CANONICAL_FOUND,Hieracium hirsutum,Hieracium hirsutum,Bernh. ex Steud.,Unchecked,,,wfo-0000026244,ccfc7e3ca85c8b80aa96eb52d4e50e07e1811d28916b544280d8a4f1a043ba72,,EXACT_CANONICAL_NOT_FOUND,,,,,,,,e6e19630a9415359fba90888864d17313873a984ac79a3677c1d62aac943f991,
1189,ASTERACEAE,Hieracium hypochoeroides,NO_API_TAXON,False,KEEP_TAXONIC_RESPONSE,2026-08-19T17:29:43.538969+00:00,EXACT_CANONICAL_FOUND,Hieracium hypochoeroides,Hieracium hypochoeroides,S.Gibson,Accepted,,3066431,3066431,6ff1e084d7e1de5bce526a9952c96fbb0f13b4f2c615b0fc30c055f88bfb5483,,EXACT_CANONICAL_FOUND,Hieracium hypochoeroides,Hieracium hypochoeroides,S.Gibson,Accepted,,,wfo-0000000775,ccfc7e3ca85c8b80aa96eb52d4e50e07e1811d28916b544280d8a4f1a043ba72,,EXACT_CANONICAL_FOUND,Hieracium hypochoeroides,Hieracium hypochoeroides Gibson,Gibson,,,,FUND. BIODIVERSIDAD:ANTHOS:2554614,e6e19630a9415359fba90888864d17313873a984ac79a3677c1d62aac943f991,
1190,ASTERACEAE,Hieracium jurassicum,NO_API_TAXON,False,KEEP_TAXONIC_RESPONSE,2026-08-19T17:29:43.538982+00:00,EXACT_CANONICAL_FOUND,Hieracium jurassicum,Hieracium jurassicum,Griseb.,Accepted,,3066780,3066780,6ff1e084d7e1de5bce526a9952c96fbb0f13b4f2c615b0fc30c055f88bfb5483,,EXACT_CANONICAL_FOUND,Hieracium jurassicum,Hieracium jurassicum,Griseb.,Accepted,,,wfo-0000062901,ccfc7e3ca85c8b80aa96eb52d4e50e07e1811d28916b544280d8a4f1a043ba72,,EXACT_CANONICAL_NOT_FOUND,,,,,,,,e6e19630a9415359fba90888864d17313873a984ac79a3677c1d62aac943f991,
1191,ASTERACEAE,Hieracium lachenalii,NO_API_TAXON,False,KEEP_TAXONIC_RESPONSE,2026-08-19T17:29:43.538996+00:00,EXACT_CANONICAL_FOUND,Hieracium lachenalii,Hieracium lachenalii,Suter,Accepted,,3066897,3066897,6ff1e084d7e1de5bce526a9952c96fbb0f13b4f2c615b0fc30c055f88bfb5483,,EXACT_CANONICAL_FOUND,Hieracium lachenalii,Hieracium lachenalii,Suter,Accepted,,,wfo-0000004151,ccfc7e3ca85c8b80aa96eb52d4e50e07e1811d28916b544280d8a4f1a043ba72,,EXACT_CANONICAL_FOUND,Hieracium lachenalii,Hieracium lachenalii Gmel.,Gmel.,,,,FUND. BIODIVERSIDAD:ANTHOS:68539,e6e19630a9415359fba90888864d17313873a984ac79a3677c1d62aac943f991,
1193,ASTERACEAE,Hieracium latemixtum,NO_API_TAXON,False,KEEP_TAXONIC_RESPONSE,2026-08-19T17:29:43.539010+00:00,EXACT_CANONICAL_FOUND,Hieracium latemixtum,Hieracium latemixtum,Mateo & Alejandre,Accepted,,3067212,3067212,6ff1e084d7e1de5bce526a9952c96fbb0f13b4f2c615b0fc30c055f88bfb5483,,EXACT_CANONICAL_FOUND,Hieracium latemixtum,Hieracium latemixtum,Mateo & Alejandre,Accepted,,,wfo-0000049710,ccfc7e3ca85c8b80aa96eb52d4e50e07e1811d28916b544280d8a4f1a043ba72,,EXACT_CANONICAL_NOT_FOUND,,,,,,,,e6e19630a9415359fba90888864d17313873a984ac79a3677c1d62aac943f991,
1194,ASTERACEAE,Hieracium maculatum,NO_API_TAXON,False,KEEP_TAXONIC_RESPONSE,2026-08-19T17:29:43.539022+00:00,EXACT_CANONICAL_FOUND,Hieracium maculatum,Hieracium maculatum,Schrank,Accepted,,3067547,3067547,6ff1e084d7e1de5bce526a9952c96fbb0f13b4f2c615b0fc30c055f88bfb5483,,EXACT_CANONICAL_FOUND,Hieracium maculatum,Hieracium maculatum,Schrank,Accepted,,,wfo-0000009548,ccfc7e3ca85c8b80aa96eb52d4e50e07e1811d28916b544280d8a4f1a043ba72,,EXACT_CANONICAL_NOT_FOUND,,,,,,,,e6e19630a9415359fba90888864d17313873a984ac79a3677c1d62aac943f991,
1195,ASTERACEAE,Hieracium mixtum,NO_API_TAXON,False,KEEP_TAXONIC_RESPONSE,2026-08-19T17:29:43.539044+00:00,EXACT_CANONICAL_FOUND,Hieracium mixtum,Hieracium mixtum,Lapeyr. ex Froel.,Accepted,,3067732,3067732,6ff1e084d7e1de5bce526a9952c96fbb0f13b4f2c615b0fc30c055f88bfb5483,,EXACT_CANONICAL_FOUND,Hieracium mixtum,Hieracium mixtum,Lapeyr. ex Froel.,Accepted,,,wfo-0000061024,ccfc7e3ca85c8b80aa96eb52d4e50e07e1811d28916b544280d8a4f1a043ba72,,EXACT_CANONICAL_FOUND,Hieracium mixtum,Hieracium mixtum Froel. in DC.,Froel. in DC.,,,,FUND. BIODIVERSIDAD:ANTHOS:34760,e6e19630a9415359fba90888864d17313873a984ac79a3677c1d62aac943f991,
1196,ASTERACEAE,Hieracium montserratii,NO_API_TAXON,False,KEEP_TAXONIC_RESPONSE,2026-08-19T17:29:43.539058+00:00,EXACT_CANONICAL_FOUND,Hieracium montserratii,Hieracium montserratii,Mateo,Accepted,,3067779,3067779,6ff1e084d7e1de5bce526a9952c96fbb0f13b4f2c615b0fc30c055f88bfb5483,,EXACT_CANONICAL_FOUND,Hieracium montserratii,Hieracium montserratii,Mateo,Accepted,,,wfo-0000114014,ccfc7e3ca85c8b80aa96eb52d4e50e07e1811d28916b544280d8a4f1a043ba72,,EXACT_CANONICAL_NOT_FOUND,,,,,,,,e6e19630a9415359fba90888864d17313873a984ac79a3677c1d62aac943f991,
1198,ASTERACEAE,Hieracium niveum,NO_API_TAXON,False,KEEP_TAXONIC_RESPONSE,2026-08-19T17:29:43.539071+00:00,EXACT_CANONICAL_FOUND,Hieracium niveum,Hieracium niveum,Zahn,Synonym,,3307328,3073895,6ff1e084d7e1de5bce526a9952c96fbb0f13b4f2c615b0fc30c055f88bfb5483,,EXACT_CANONICAL_FOUND,Hieracium niveum,Hieracium niveum,(Müll.Arg. ex Christener) Zahn,Synonym,,wfo-0000060496,wfo-0000096691,ccfc7e3ca85c8b80aa96eb52d4e50e07e1811d28916b544280d8a4f1a043ba72,,EXACT_CANONICAL_NOT_FOUND,,,,,,,,e6e19630a9415359fba90888864d17313873a984ac79a3677c1d62aac943f991,
1199,ASTERACEAE,Hieracium nobile,NO_API_TAXON,False,KEEP_TAXONIC_RESPONSE,2026-08-19T17:29:43.539086+00:00,EXACT_CANONICAL_FOUND,Hieracium nobile,Hieracium nobile,Gren.,Accepted,,3068055,3068055,6ff1e084d7e1de5bce526a9952c96fbb0f13b4f2c615b0fc30c055f88bfb5483,,EXACT_CANONICAL_FOUND,Hieracium nobile,Hieracium nobile,Gren. & Godr.,Accepted,,,wfo-0000040426,ccfc7e3ca85c8b80aa96eb52d4e50e07e1811d28916b544280d8a4f1a043ba72,,EXACT_CANONICAL_FOUND,Hieracium nobile,Hieracium nobile Gren. & Godr.,Gren. & Godr.,,,,FUND. BIODIVERSIDAD:ANTHOS:40461,e6e19630a9415359fba90888864d17313873a984ac79a3677c1d62aac943f991,
1200,ASTERACEAE,Hieracium pilosella,NO_API_TAXON,False,KEEP_TAXONIC_RESPONSE,2026-08-19T17:29:43.539098+00:00,EXACT_CANONICAL_FOUND,Hieracium pilosella,Hieracium pilosella,L.,Synonym,,2927417,2927138,6ff1e084d7e1de5bce526a9952c96fbb0f13b4f2c615b0fc30c055f88bfb5483,,EXACT_CANONICAL_FOUND,Hieracium pilosella,Hieracium pilosella,L.,Synonym,,wfo-0000115134,wfo-0000132066,ccfc7e3ca85c8b80aa96eb52d4e50e07e1811d28916b544280d8a4f1a043ba72,,EXACT_CANONICAL_NOT_FOUND,,,,,,,,e6e19630a9415359fba90888864d17313873a984ac79a3677c1d62aac943f991,
1201,ASTERACEAE,Hieracium planchonianum,NO_API_TAXON,False,KEEP_TAXONIC_RESPONSE,2026-08-19T17:29:43.539113+00:00,EXACT_CANONICAL_FOUND,Hieracium planchonianum,Hieracium planchonianum,Timb.-Lagr. & Loret,Accepted,,3068717,3068717,6ff1e084d7e1de5bce526a9952c96fbb0f13b4f2c615b0fc30c055f88bfb5483,,EXACT_CANONICAL_FOUND,Hieracium planchonianum,Hieracium planchonianum,Timb.-Lagr. & Loret,Accepted,,,wfo-0000071442,ccfc7e3ca85c8b80aa96eb52d4e50e07e1811d28916b544280d8a4f1a043ba72,,EXACT_CANONICAL_NOT_FOUND,,,,,,,,e6e19630a9415359fba90888864d17313873a984ac79a3677c1d62aac943f991,
1202,ASTERACEAE,Hieracium praecox,NO_API_TAXON,False,KEEP_TAXONIC_RESPONSE,2026-08-19T17:29:43.539125+00:00,EXACT_CANONICAL_FOUND,Hieracium praecox,Hieracium praecox,Sch.Bip.,Synonym,,3065964,3066111,6ff1e084d7e1de5bce526a9952c96fbb0f13b4f2c615b0fc30c055f88bfb5483,,EXACT_CANONICAL_FOUND,Hieracium praecox,Hieracium praecox,Tausch ex Nyman,Unchecked,,,wfo-0000034927,ccfc7e3ca85c8b80aa96eb52d4e50e07e1811d28916b544280d8a4f1a043ba72,,EXACT_CANONICAL_NOT_FOUND,,,,,,,,e6e19630a9415359fba90888864d17313873a984ac79a3677c1d62aac943f991,
1203,ASTERACEAE,Hieracium pulmorioides,NO_API_TAXON,False,NO_RESPONSE_ALL_THREE,2026-08-19T17:29:43.539140+00:00,EXACT_CANONICAL_NOT_FOUND,,,,,,,,6ff1e084d7e1de5bce526a9952c96fbb0f13b4f2c615b0fc30c055f88bfb5483,,EXACT_CANONICAL_NOT_FOUND,,,,,,,,ccfc7e3ca85c8b80aa96eb52d4e50e07e1811d28916b544280d8a4f1a043ba72,,EXACT_CANONICAL_NOT_FOUND,,,,,,,,e6e19630a9415359fba90888864d17313873a984ac79a3677c1d62aac943f991,
1204,ASTERACEAE,Hieracium ramondii,NO_API_TAXON,False,KEEP_TAXONIC_RESPONSE,2026-08-19T17:29:43.539154+00:00,EXACT_CANONICAL_FOUND,Hieracium ramondii,Hieracium ramondii,Griseb.,Accepted,,3069232,3069232,6ff1e084d7e1de5bce526a9952c96fbb0f13b4f2c615b0fc30c055f88bfb5483,,EXACT_CANONICAL_FOUND,Hieracium ramondii,Hieracium ramondii,Griseb.,Accepted,,,wfo-0000116294,ccfc7e3ca85c8b80aa96eb52d4e50e07e1811d28916b544280d8a4f1a043ba72,,EXACT_CANONICAL_FOUND,Hieracium ramondii,Hieracium ramondii Griseb.,Griseb.,,,,FUND. BIODIVERSIDAD:ANTHOS:34735,e6e19630a9415359fba90888864d17313873a984ac79a3677c1d62aac943f991,
1205,ASTERACEAE,Hieracium recensitum,NO_API_TAXON,False,KEEP_TAXONIC_RESPONSE,2026-08-19T17:29:43.539169+00:00,EXACT_CANONICAL_FOUND,Hieracium recensitum,Hieracium recensitum,Jord. ex Boreau,Synonym,,3069302,3069304,6ff1e084d7e1de5bce526a9952c96fbb0f13b4f2c615b0fc30c055f88bfb5483,,EXACT_CANONICAL_FOUND,Hieracium recensitum,Hieracium recensitum,Boreau,Unchecked,,,wfo-0000075531,ccfc7e3ca85c8b80aa96eb52d4e50e07e1811d28916b544280d8a4f1a043ba72,,EXACT_CANONICAL_NOT_FOUND,,,,,,,,e6e19630a9415359fba90888864d17313873a984ac79a3677c1d62aac943f991,
1206,ASTERACEAE,Hieracium rioxanum,NO_API_TAXON,False,KEEP_TAXONIC_RESPONSE,2026-08-19T17:29:43.539181+00:00,EXACT_CANONICAL_FOUND,Hieracium rioxanum,Hieracium rioxanum,Mateo,Accepted,,3069251,3069251,6ff1e084d7e1de5bce526a9952c96fbb0f13b4f2c615b0fc30c055f88bfb5483,,EXACT_CANONICAL_FOUND,Hieracium rioxanum,Hieracium rioxanum,Mateo,Accepted,,,wfo-0000083240,ccfc7e3ca85c8b80aa96eb52d4e50e07e1811d28916b544280d8a4f1a043ba72,,EXACT_CANONICAL_NOT_FOUND,,,,,,,,e6e19630a9415359fba90888864d17313873a984ac79a3677c1d62aac943f991,
1207,ASTERACEAE,Hieracium sabaudum,NO_API_TAXON,False,KEEP_TAXONIC_RESPONSE,2026-08-19T17:29:43.539196+00:00,EXACT_CANONICAL_FOUND,Hieracium sabaudum,Hieracium sabaudum,L.,Accepted,,3069425,3069425,6ff1e084d7e1de5bce526a9952c96fbb0f13b4f2c615b0fc30c055f88bfb5483,,EXACT_CANONICAL_FOUND,Hieracium sabaudum,Hieracium sabaudum,O.F.Müll.,Unchecked,,,wfo-0000033767,ccfc7e3ca85c8b80aa96eb52d4e50e07e1811d28916b544280d8a4f1a043ba72,,EXACT_CANONICAL_FOUND,Hieracium sabaudum,Hieracium sabaudum L.,L.,,,,FUND. BIODIVERSIDAD:ANTHOS:44902,e6e19630a9415359fba90888864d17313873a984ac79a3677c1d62aac943f991,
1208,ASTERACEAE,Hieracium saxifragum,NO_API_TAXON,False,KEEP_TAXONIC_RESPONSE,2026-08-19T17:29:43.539210+00:00,EXACT_CANONICAL_FOUND,Hieracium saxifragum,Hieracium saxifragum,Bab. ex Syme,Illegitimate,,3067410,3067409,6ff1e084d7e1de5bce526a9952c96fbb0f13b4f2c615b0fc30c055f88bfb5483,,EXACT_CANONICAL_FOUND,Hieracium saxifragum,Hieracium saxifragum,Bab. ex Syme,Unchecked,,,wfo-0000028345,ccfc7e3ca85c8b80aa96eb52d4e50e07e1811d28916b544280d8a4f1a043ba72,,EXACT_CANONICAL_FOUND,Hieracium saxifragum,Hieracium saxifragum Fr.,Fr.,,,,FUND. BIODIVERSIDAD:ANTHOS:1360579,e6e19630a9415359fba90888864d17313873a984ac79a3677c1d62aac943f991,
1210,ASTERACEAE,Hieracium spathulatum,NO_API_TAXON,False,KEEP_TAXONIC_RESPONSE,2026-08-19T17:29:43.539225+00:00,EXACT_CANONICAL_FOUND,Hieracium spathulatum,Hieracium spathulatum,Scheele,Synonym,,3280151,3069867,6ff1e084d7e1de5bce526a9952c96fbb0f13b4f2c615b0fc30c055f88bfb5483,,EXACT_CANONICAL_FOUND,Hieracium spathulatum,Hieracium spathulatum,Scheele,Accepted,,,wfo-0000000899,ccfc7e3ca85c8b80aa96eb52d4e50e07e1811d28916b544280d8a4f1a043ba72,,EXACT_CANONICAL_FOUND,Hieracium spathulatum,Hieracium spathulatum Scheele,Scheele,,,,FUND. BIODIVERSIDAD:ANTHOS:317658,e6e19630a9415359fba90888864d17313873a984ac79a3677c1d62aac943f991,
1211,ASTERACEAE,Hieracium umbrosum,NO_API_TAXON,False,KEEP_TAXONIC_RESPONSE,2026-08-19T17:29:43.539239+00:00,EXACT_CANONICAL_FOUND,Hieracium umbrosum,Hieracium umbrosum,Jord.,Accepted,,3070606,3070606,6ff1e084d7e1de5bce526a9952c96fbb0f13b4f2c615b0fc30c055f88bfb5483,,EXACT_CANONICAL_FOUND,Hieracium umbrosum,Hieracium umbrosum,Schur,Unchecked,,,wfo-0000004912,ccfc7e3ca85c8b80aa96eb52d4e50e07e1811d28916b544280d8a4f1a043ba72,,EXACT_CANONICAL_NOT_FOUND,,,,,,,,e6e19630a9415359fba90888864d17313873a984ac79a3677c1d62aac943f991,
1212,ASTERACEAE,Hieracium urbionicum,NO_API_TAXON,False,KEEP_TAXONIC_RESPONSE,2026-08-19T17:29:43.539253+00:00,EXACT_CANONICAL_FOUND,Hieracium urbionicum,Hieracium urbionicum,Pau ex Mateo,Accepted,,3070290,3070290,6ff1e084d7e1de5bce526a9952c96fbb0f13b4f2c615b0fc30c055f88bfb5483,,EXACT_CANONICAL_FOUND,Hieracium urbionicum,Hieracium urbionicum,Pau ex Mateo,Accepted,,,wfo-0000030361,ccfc7e3ca85c8b80aa96eb52d4e50e07e1811d28916b544280d8a4f1a043ba72,,EXACT_CANONICAL_NOT_FOUND,,,,,,,,e6e19630a9415359fba90888864d17313873a984ac79a3677c1d62aac943f991,
1213,ASTERACEAE,Hieracium vahlii,NO_API_TAXON,False,KEEP_TAXONIC_RESPONSE,2026-08-19T17:29:43.539266+00:00,EXACT_CANONICAL_FOUND,Hieracium vahlii,Hieracium vahlii,Froel.,Synonym,,3073897,3074006,6ff1e084d7e1de5bce526a9952c96fbb0f13b4f2c615b0fc30c055f88bfb5483,,EXACT_CANONICAL_FOUND,Hieracium vahlii,Hieracium vahlii,Froel.,Synonym,,wfo-0000127579,wfo-0000009807,ccfc7e3ca85c8b80aa96eb52d4e50e07e1811d28916b544280d8a4f1a043ba72,,EXACT_CANONICAL_NOT_FOUND,,,,,,,,e6e19630a9415359fba90888864d17313873a984ac79a3677c1d62aac943f991,
1214,ASTERACEAE,Hieracium valentinum,NO_API_TAXON,False,KEEP_TAXONIC_RESPONSE,2026-08-19T17:29:43.539280+00:00,EXACT_CANONICAL_FOUND,Hieracium valentinum,Hieracium valentinum,Arv.-Touv. & E.Rev.,Illegitimate,,3067779,3067778,6ff1e084d7e1de5bce526a9952c96fbb0f13b4f2c615b0fc30c055f88bfb5483,,EXACT_CANONICAL_FOUND,Hieracium valentinum,Hieracium valentinum,Pau,Accepted,,,wfo-0000029428,ccfc7e3ca85c8b80aa96eb52d4e50e07e1811d28916b544280d8a4f1a043ba72,,EXACT_CANONICAL_NOT_FOUND,,,,,,,,e6e19630a9415359fba90888864d17313873a984ac79a3677c1d62aac943f991,
1215,ASTERACEAE,Hieracium viride,NO_API_TAXON,False,KEEP_TAXONIC_RESPONSE,2026-08-19T17:29:43.539292+00:00,EXACT_CANONICAL_FOUND,Hieracium viride,Hieracium viride,Arv.-Touv.,Accepted,,3070806,3070806,6ff1e084d7e1de5bce526a9952c96fbb0f13b4f2c615b0fc30c055f88bfb5483,,EXACT_CANONICAL_FOUND,Hieracium viride,Hieracium viride,Arv.-Touv.,Accepted,,,wfo-0000092942,ccfc7e3ca85c8b80aa96eb52d4e50e07e1811d28916b544280d8a4f1a043ba72,,EXACT_CANONICAL_NOT_FOUND,,,,,,,,e6e19630a9415359fba90888864d17313873a984ac79a3677c1d62aac943f991,
1216,ASTERACEAE,Hieracium vogesiacum,NO_API_TAXON,False,KEEP_TAXONIC_RESPONSE,2026-08-19T17:29:43.539305+00:00,EXACT_CANONICAL_FOUND,Hieracium vogesiacum,Hieracium vogesiacum,(Kirschl.) Moug. ex Fr.,Synonym,,3066754,3066753,6ff1e084d7e1de5bce526a9952c96fbb0f13b4f2c615b0fc30c055f88bfb5483,,EXACT_CANONICAL_FOUND,Hieracium vogesiacum,Hieracium vogesiacum,(Kirschl.) Moug. ex Fr.,Unchecked,,,wfo-0000017835,ccfc7e3ca85c8b80aa96eb52d4e50e07e1811d28916b544280d8a4f1a043ba72,,EXACT_CANONICAL_NOT_FOUND,,,,,,,,e6e19630a9415359fba90888864d17313873a984ac79a3677c1d62aac943f991,
1217,ASTERACEAE,Hieracium willkommii,NO_API_TAXON,False,KEEP_TAXONIC_RESPONSE,2026-08-19T17:29:43.539317+00:00,EXACT_CANONICAL_FOUND,Hieracium willkommii,Hieracium willkommii,Scheele,Synonym,,3069525,3070869,6ff1e084d7e1de5bce526a9952c96fbb0f13b4f2c615b0fc30c055f88bfb5483,,EXACT_CANONICAL_FOUND,Hieracium willkommii,Hieracium willkommii,Scheele,Accepted,,,wfo-0000014460,ccfc7e3ca85c8b80aa96eb52d4e50e07e1811d28916b544280d8a4f1a043ba72,,EXACT_CANONICAL_NOT_FOUND,,,,,,,,e6e19630a9415359fba90888864d17313873a984ac79a3677c1d62aac943f991,
1221,FABACEAE,Hippocrepis commutata,NO_API_TAXON,False,KEEP_TAXONIC_RESPONSE,2026-08-19T17:29:43.539333+00:00,EXACT_CANONICAL_FOUND,Hippocrepis commutata,Hippocrepis commutata,Pau,Accepted,,2851416,2851416,6ff1e084d7e1de5bce526a9952c96fbb0f13b4f2c615b0fc30c055f88bfb5483,,EXACT_CANONICAL_FOUND,Hippocrepis commutata,Hippocrepis commutata,Pau,Accepted,,,wfo-0000213795,ccfc7e3ca85c8b80aa96eb52d4e50e07e1811d28916b544280d8a4f1a043ba72,,EXACT_CANONICAL_FOUND,Hippocrepis commutata,Hippocrepis commutata Pau,Pau,,,,FUND. BIODIVERSIDAD:ANTHOS:47827,e6e19630a9415359fba90888864d17313873a984ac79a3677c1d62aac943f991,
1223,FABACEAE,Hippocrepis scabra,NO_API_TAXON,False,KEEP_TAXONIC_RESPONSE,2026-08-19T17:29:43.539346+00:00,EXACT_CANONICAL_FOUND,Hippocrepis scabra,Hippocrepis scabra,Salzm. ex Coss.,Invalid,,2851478,2851481,6ff1e084d7e1de5bce526a9952c96fbb0f13b4f2c615b0fc30c055f88bfb5483,,EXACT_CANONICAL_FOUND,Hippocrepis scabra,Hippocrepis scabra,DC.,Accepted,,,wfo-0000163782,ccfc7e3ca85c8b80aa96eb52d4e50e07e1811d28916b544280d8a4f1a043ba72,,EXACT_CANONICAL_FOUND,Hippocrepis scabra,Hippocrepis scabra DC.,DC.,,,,FUND. BIODIVERSIDAD:ANTHOS:54563,e6e19630a9415359fba90888864d17313873a984ac79a3677c1d62aac943f991,
1227,POACEAE,Holcus mollis,NO_API_TAXON,False,KEEP_TAXONIC_RESPONSE,2026-08-19T17:29:43.539361+00:00,EXACT_CANONICAL_FOUND,Holcus mollis,Holcus mollis,L.,Accepted,,419058,419058,6ff1e084d7e1de5bce526a9952c96fbb0f13b4f2c615b0fc30c055f88bfb5483,,EXACT_CANONICAL_FOUND,Holcus mollis,Holcus mollis,L.,Accepted,,,wfo-0000874519,ccfc7e3ca85c8b80aa96eb52d4e50e07e1811d28916b544280d8a4f1a043ba72,,EXACT_CANONICAL_FOUND,Holcus mollis,Holcus mollis L.,L.,,,,FUND. BIODIVERSIDAD:ANTHOS:1125200,e6e19630a9415359fba90888864d17313873a984ac79a3677c1d62aac943f991,
1229,POACEAE,Hordelymus europaeus,NO_API_TAXON,False,KEEP_TAXONIC_RESPONSE,2026-08-19T17:29:43.539375+00:00,EXACT_CANONICAL_FOUND,Hordelymus europaeus,Hordelymus europaeus,(L.) Jess. ex Harz,Accepted,,419180,419180,6ff1e084d7e1de5bce526a9952c96fbb0f13b4f2c615b0fc30c055f88bfb5483,,EXACT_CANONICAL_FOUND,Hordelymus europaeus,Hordelymus europaeus,(L.) Jess. ex Harz,Accepted,,,wfo-0000874641,ccfc7e3ca85c8b80aa96eb52d4e50e07e1811d28916b544280d8a4f1a043ba72,,EXACT_CANONICAL_FOUND,Hordelymus europaeus,Hordelymus europaeus (L.) Harz,(L.) Harz,,,,FUND. BIODIVERSIDAD:ANTHOS:36905,e6e19630a9415359fba90888864d17313873a984ac79a3677c1d62aac943f991,
1230,POACEAE,Hordeum glaucum,NO_API_TAXON,False,KEEP_TAXONIC_RESPONSE,2026-08-19T17:29:43.539387+00:00,EXACT_CANONICAL_FOUND,Hordeum glaucum,Hordeum glaucum,Steud.,Synonym,,419416,419324,6ff1e084d7e1de5bce526a9952c96fbb0f13b4f2c615b0fc30c055f88bfb5483,,EXACT_CANONICAL_FOUND,Hordeum glaucum,Hordeum glaucum,Steud.,Synonym,,wfo-0000874895,wfo-0000874795,ccfc7e3ca85c8b80aa96eb52d4e50e07e1811d28916b544280d8a4f1a043ba72,,EXACT_CANONICAL_NOT_FOUND,,,,,,,,e6e19630a9415359fba90888864d17313873a984ac79a3677c1d62aac943f991,
1231,POACEAE,Hordeum hystrix,NO_API_TAXON,False,KEEP_TAXONIC_RESPONSE,2026-08-19T17:29:43.539401+00:00,EXACT_CANONICAL_FOUND,Hordeum hystrix,Hordeum hystrix,(L.) Schenck,Illegitimate,,469244,419342,6ff1e084d7e1de5bce526a9952c96fbb0f13b4f2c615b0fc30c055f88bfb5483,,EXACT_CANONICAL_FOUND,Hordeum hystrix,Hordeum hystrix,Roth,Synonym,,wfo-0000874873,wfo-0000874813,ccfc7e3ca85c8b80aa96eb52d4e50e07e1811d28916b544280d8a4f1a043ba72,,EXACT_CANONICAL_FOUND,Hordeum hystrix,Hordeum hystrix Roth,Roth,,,,FUND. BIODIVERSIDAD:ANTHOS:36901,e6e19630a9415359fba90888864d17313873a984ac79a3677c1d62aac943f991,
1234,POACEAE,Hordeum murinum subsp. leporinum,NO_EXACT_MATCH,False,KEEP_TAXONIC_RESPONSE,2026-08-19T17:29:43.539417+00:00,EXACT_CANONICAL_FOUND,Hordeum murinum subsp. leporinum,Hordeum murinum subsp. leporinum,(Link) Arcang.,Accepted,,419417,419417,6ff1e084d7e1de5bce526a9952c96fbb0f13b4f2c615b0fc30c055f88bfb5483,,EXACT_CANONICAL_FOUND,Hordeum murinum subsp. leporinum,Hordeum murinum subsp. leporinum,(Link) Arcang.,Accepted,,,wfo-0000874896,ccfc7e3ca85c8b80aa96eb52d4e50e07e1811d28916b544280d8a4f1a043ba72,,EXACT_CANONICAL_FOUND,Hordeum murinum subsp. leporinum,Hordeum murinum subsp. leporinum (Link) Arcang.,(Link) Arcang.,,,,FUND. BIODIVERSIDAD:ANTHOS:1124362,e6e19630a9415359fba90888864d17313873a984ac79a3677c1d62aac943f991,
1236,BRASSICACEAE,Hormathophylla lapeyrousiana,NO_API_TAXON,False,KEEP_TAXONIC_RESPONSE,2026-08-19T17:29:43.539435+00:00,EXACT_CANONICAL_NOT_FOUND,,,,,,,,6ff1e084d7e1de5bce526a9952c96fbb0f13b4f2c615b0fc30c055f88bfb5483,,EXACT_CANONICAL_NOT_FOUND,,,,,,,,ccfc7e3ca85c8b80aa96eb52d4e50e07e1811d28916b544280d8a4f1a043ba72,,EXACT_CANONICAL_FOUND,Hormathophylla lapeyrousiana,Hormathophylla lapeyrousiana (Jord.) P. Küpfer,(Jord.) P. Küpfer,,,,FUND. BIODIVERSIDAD:ANTHOS:22884,e6e19630a9415359fba90888864d17313873a984ac79a3677c1d62aac943f991,
1237,BRASSICACEAE,Hormathophylla spinosa,NO_API_TAXON,False,KEEP_TAXONIC_RESPONSE,2026-08-19T17:29:43.539450+00:00,EXACT_CANONICAL_FOUND,Hormathophylla spinosa,Hormathophylla spinosa,(L.) P.Küpfer,Accepted,,2853343,2853343,6ff1e084d7e1de5bce526a9952c96fbb0f13b4f2c615b0fc30c055f88bfb5483,,EXACT_CANONICAL_FOUND,Hormathophylla spinosa,Hormathophylla spinosa,(L.) P.Küpfer,Accepted,,,wfo-0000724720,ccfc7e3ca85c8b80aa96eb52d4e50e07e1811d28916b544280d8a4f1a043ba72,,EXACT_CANONICAL_FOUND,Hormathophylla spinosa,Hormathophylla spinosa (L.) P. Küpfer,(L.) P. Küpfer,,,,FUND. BIODIVERSIDAD:ANTHOS:85911,e6e19630a9415359fba90888864d17313873a984ac79a3677c1d62aac943f991,
1238,BRASSICACEAE,Hornungia alpina,NO_API_TAXON,False,KEEP_TAXONIC_RESPONSE,2026-08-19T17:29:43.539463+00:00,EXACT_CANONICAL_FOUND,Hornungia alpina,Hornungia alpina,(L.) O.Appel,Accepted,,2853403,2853403,6ff1e084d7e1de5bce526a9952c96fbb0f13b4f2c615b0fc30c055f88bfb5483,,EXACT_CANONICAL_FOUND,Hornungia alpina,Hornungia alpina,(L.) O.Appel,Accepted,,,wfo-0000724765,ccfc7e3ca85c8b80aa96eb52d4e50e07e1811d28916b544280d8a4f1a043ba72,,EXACT_CANONICAL_NOT_FOUND,,,,,,,,e6e19630a9415359fba90888864d17313873a984ac79a3677c1d62aac943f991,
1243,LYCOPODIACEAE,Huperzia selago subsp. selago,NO_EXACT_MATCH,False,KEEP_TAXONIC_RESPONSE,2026-08-19T17:29:43.539477+00:00,EXACT_CANONICAL_NOT_FOUND,,,,,,,,6ff1e084d7e1de5bce526a9952c96fbb0f13b4f2c615b0fc30c055f88bfb5483,,EXACT_CANONICAL_FOUND,Huperzia selago subsp. selago,Huperzia selago subsp. selago,,Accepted,,,wfo-0001443415,ccfc7e3ca85c8b80aa96eb52d4e50e07e1811d28916b544280d8a4f1a043ba72,,EXACT_CANONICAL_FOUND,Huperzia selago subsp. selago,Huperzia selago subsp. selago (L.) Bernh. ex Schrank & Mart.,(L.) Bernh. ex Schrank & Mart.,,,,FUND. BIODIVERSIDAD:ANTHOS:41630,e6e19630a9415359fba90888864d17313873a984ac79a3677c1d62aac943f991,
1245,ASPARAGACEAE,Hyacinthoides non-scripta,NO_API_TAXON,False,KEEP_TAXONIC_RESPONSE,2026-08-19T17:29:43.539494+00:00,EXACT_CANONICAL_FOUND,Hyacinthoides non-scripta,Hyacinthoides non-scripta,(L.) Chouard ex Rothm.,Accepted,,278557,278557,6ff1e084d7e1de5bce526a9952c96fbb0f13b4f2c615b0fc30c055f88bfb5483,,EXACT_CANONICAL_FOUND,Hyacinthoides non-scripta,Hyacinthoides non-scripta,(L.) Chouard ex Rothm.,Accepted,,,wfo-0000664295,ccfc7e3ca85c8b80aa96eb52d4e50e07e1811d28916b544280d8a4f1a043ba72,,EXACT_CANONICAL_FOUND,Hyacinthoides non-scripta,Hyacinthoides non-scripta (L.) Chouard ex Rothm.,(L.) Chouard ex Rothm.,,,,FUND. BIODIVERSIDAD:ANTHOS:49026,e6e19630a9415359fba90888864d17313873a984ac79a3677c1d62aac943f991,
1247,CRASSULACEAE,Hylotelephium telephium,NO_API_TAXON,False,KEEP_TAXONIC_RESPONSE,2026-08-19T17:29:43.539508+00:00,EXACT_CANONICAL_FOUND,Hylotelephium telephium,Hylotelephium telephium,(L.) H.Ohba,Accepted,,2857008,2857008,6ff1e084d7e1de5bce526a9952c96fbb0f13b4f2c615b0fc30c055f88bfb5483,,EXACT_CANONICAL_FOUND,Hylotelephium telephium,Hylotelephium telephium,(L.) H.Ohba,Accepted,,,wfo-0000726974,ccfc7e3ca85c8b80aa96eb52d4e50e07e1811d28916b544280d8a4f1a043ba72,,EXACT_CANONICAL_FOUND,Hylotelephium telephium,Hylotelephium telephium (L.) H. Ohba,(L.) H. Ohba,,,,FUND. BIODIVERSIDAD:ANTHOS:42356,e6e19630a9415359fba90888864d17313873a984ac79a3677c1d62aac943f991,
1248,SOLANACEAE,Hyosciamus albus,NO_API_TAXON,False,NO_RESPONSE_ALL_THREE,2026-08-19T17:29:43.539520+00:00,EXACT_CANONICAL_NOT_FOUND,,,,,,,,6ff1e084d7e1de5bce526a9952c96fbb0f13b4f2c615b0fc30c055f88bfb5483,,EXACT_CANONICAL_NOT_FOUND,,,,,,,,ccfc7e3ca85c8b80aa96eb52d4e50e07e1811d28916b544280d8a4f1a043ba72,,EXACT_CANONICAL_NOT_FOUND,,,,,,,,e6e19630a9415359fba90888864d17313873a984ac79a3677c1d62aac943f991,
1254,HYPERICACEAE,Hypericum androsaemum,NO_API_TAXON,False,KEEP_TAXONIC_RESPONSE,2026-08-19T17:29:43.539534+00:00,EXACT_CANONICAL_FOUND,Hypericum androsaemum,Hypericum androsaemum,L.,Accepted,,514941,514941,6ff1e084d7e1de5bce526a9952c96fbb0f13b4f2c615b0fc30c055f88bfb5483,,EXACT_CANONICAL_FOUND,Hypericum androsaemum,Hypericum androsaemum,L.,Accepted,,,wfo-0000727341,ccfc7e3ca85c8b80aa96eb52d4e50e07e1811d28916b544280d8a4f1a043ba72,,EXACT_CANONICAL_FOUND,Hypericum androsaemum,Hypericum androsaemum L.,L.,,,,FUND. BIODIVERSIDAD:ANTHOS:26973,e6e19630a9415359fba90888864d17313873a984ac79a3677c1d62aac943f991,
1255,HYPERICACEAE,Hypericum caprifolium,NO_API_TAXON,False,KEEP_TAXONIC_RESPONSE,2026-08-19T17:29:43.539549+00:00,EXACT_CANONICAL_FOUND,Hypericum caprifolium,Hypericum caprifolium,Boiss.,Accepted,,515165,515165,6ff1e084d7e1de5bce526a9952c96fbb0f13b4f2c615b0fc30c055f88bfb5483,,EXACT_CANONICAL_FOUND,Hypericum caprifolium,Hypericum caprifolium,Boiss.,Accepted,,,wfo-0000727454,ccfc7e3ca85c8b80aa96eb52d4e50e07e1811d28916b544280d8a4f1a043ba72,,EXACT_CANONICAL_FOUND,Hypericum caprifolium,Hypericum caprifolium Boiss.,Boiss.,,,,FUND. BIODIVERSIDAD:ANTHOS:27051,e6e19630a9415359fba90888864d17313873a984ac79a3677c1d62aac943f991,
1257,HYPERICACEAE,Hypericum humifusum,NO_API_TAXON,False,KEEP_TAXONIC_RESPONSE,2026-08-19T17:29:43.539563+00:00,EXACT_CANONICAL_FOUND,Hypericum humifusum,Hypericum humifusum,L.,Accepted,,515651,515651,6ff1e084d7e1de5bce526a9952c96fbb0f13b4f2c615b0fc30c055f88bfb5483,,EXACT_CANONICAL_FOUND,Hypericum humifusum,Hypericum humifusum,L.,Accepted,,,wfo-0000727753,ccfc7e3ca85c8b80aa96eb52d4e50e07e1811d28916b544280d8a4f1a043ba72,,EXACT_CANONICAL_FOUND,Hypericum humifusum,Hypericum humifusum L.,L.,,,,FUND. BIODIVERSIDAD:ANTHOS:1125209,e6e19630a9415359fba90888864d17313873a984ac79a3677c1d62aac943f991,
1258,HYPERICACEAE,Hypericum hyssopifolium,NO_API_TAXON,False,KEEP_TAXONIC_RESPONSE,2026-08-19T17:29:43.539577+00:00,EXACT_CANONICAL_FOUND,Hypericum hyssopifolium,Hypericum hyssopifolium,Chaix,Accepted,,515682,515682,6ff1e084d7e1de5bce526a9952c96fbb0f13b4f2c615b0fc30c055f88bfb5483,,EXACT_CANONICAL_FOUND,Hypericum hyssopifolium,Hypericum hyssopifolium,Chaix,Accepted,,,wfo-0000727757,ccfc7e3ca85c8b80aa96eb52d4e50e07e1811d28916b544280d8a4f1a043ba72,,EXACT_CANONICAL_FOUND,Hypericum hyssopifolium,Hypericum hyssopifolium Chaix,Chaix,,,,FUND. BIODIVERSIDAD:ANTHOS:27032,e6e19630a9415359fba90888864d17313873a984ac79a3677c1d62aac943f991,
1259,HYPERICACEAE,Hypericum linariifolium,NO_API_TAXON,False,KEEP_TAXONIC_RESPONSE,2026-08-19T17:29:43.539590+00:00,EXACT_CANONICAL_FOUND,Hypericum linariifolium,Hypericum linariifolium,Bertol.,Illegitimate,,515025,515891,6ff1e084d7e1de5bce526a9952c96fbb0f13b4f2c615b0fc30c055f88bfb5483,,EXACT_CANONICAL_FOUND,Hypericum linariifolium,Hypericum linariifolium,Vahl,Accepted,,,wfo-0000727869,ccfc7e3ca85c8b80aa96eb52d4e50e07e1811d28916b544280d8a4f1a043ba72,,EXACT_CANONICAL_FOUND,Hypericum linariifolium,Hypericum linariifolium Vahl,Vahl,,,,FUND. BIODIVERSIDAD:ANTHOS:48558,e6e19630a9415359fba90888864d17313873a984ac79a3677c1d62aac943f991,
1261,HYPERICACEAE,Hypericum nummularium,NO_API_TAXON,False,KEEP_TAXONIC_RESPONSE,2026-08-19T17:29:43.539607+00:00,EXACT_CANONICAL_FOUND,Hypericum nummularium,Hypericum nummularium,L.,Accepted,,516147,516147,6ff1e084d7e1de5bce526a9952c96fbb0f13b4f2c615b0fc30c055f88bfb5483,,EXACT_CANONICAL_FOUND,Hypericum nummularium,Hypericum nummularium,L.,Accepted,,,wfo-0000728032,ccfc7e3ca85c8b80aa96eb52d4e50e07e1811d28916b544280d8a4f1a043ba72,,EXACT_CANONICAL_FOUND,Hypericum nummularium,Hypericum nummularium L.,L.,,,,FUND. BIODIVERSIDAD:ANTHOS:27018,e6e19630a9415359fba90888864d17313873a984ac79a3677c1d62aac943f991,
1263,HYPERICACEAE,Hypericum perforatum subsp. angustifolium,NO_EXACT_MATCH,False,KEEP_TAXONIC_RESPONSE,2026-08-19T17:29:43.539622+00:00,EXACT_CANONICAL_FOUND,Hypericum perforatum subsp. angustifolium,Hypericum perforatum subsp. angustifolium,A.Fröhl.,Illegitimate,,516866,516291,6ff1e084d7e1de5bce526a9952c96fbb0f13b4f2c615b0fc30c055f88bfb5483,,EXACT_CANONICAL_FOUND,Hypericum perforatum subsp. angustifolium,Hypericum perforatum subsp. angustifolium,A.Fröhl.,Synonym,,wfo-0000728111,wfo-1200074233,ccfc7e3ca85c8b80aa96eb52d4e50e07e1811d28916b544280d8a4f1a043ba72,,EXACT_CANONICAL_FOUND,Hypericum perforatum subsp. angustifolium,Hypericum perforatum subsp. angustifolium (DC.) A. Fröhl.,(DC.) A. Fröhl.,,,,FUND. BIODIVERSIDAD:ANTHOS:60289,e6e19630a9415359fba90888864d17313873a984ac79a3677c1d62aac943f991,
1264,HYPERICACEAE,Hypericum pulchrum,NO_API_TAXON,False,KEEP_TAXONIC_RESPONSE,2026-08-19T17:29:43.539635+00:00,EXACT_CANONICAL_FOUND,Hypericum pulchrum,Hypericum pulchrum,Aubry ex Steud.,Invalid,,515892,516418,6ff1e084d7e1de5bce526a9952c96fbb0f13b4f2c615b0fc30c055f88bfb5483,,EXACT_CANONICAL_FOUND,Hypericum pulchrum,Hypericum pulchrum,L.,Accepted,,,wfo-0000728167,ccfc7e3ca85c8b80aa96eb52d4e50e07e1811d28916b544280d8a4f1a043ba72,,EXACT_CANONICAL_FOUND,Hypericum pulchrum,Hypericum pulchrum L.,L.,,,,FUND. BIODIVERSIDAD:ANTHOS:27000,e6e19630a9415359fba90888864d17313873a984ac79a3677c1d62aac943f991,
1267,HYPERICACEAE,Hypericum undulatum,NO_API_TAXON,False,KEEP_TAXONIC_RESPONSE,2026-08-19T17:29:43.539651+00:00,EXACT_CANONICAL_FOUND,Hypericum undulatum,Hypericum undulatum,Schousb. ex Willd.,Accepted,,516849,516849,6ff1e084d7e1de5bce526a9952c96fbb0f13b4f2c615b0fc30c055f88bfb5483,,EXACT_CANONICAL_FOUND,Hypericum undulatum,Hypericum undulatum,Schousb. ex Willd.,Accepted,,,wfo-0000728433,ccfc7e3ca85c8b80aa96eb52d4e50e07e1811d28916b544280d8a4f1a043ba72,,EXACT_CANONICAL_FOUND,Hypericum undulatum,Hypericum undulatum Schousb. ex Willd.,Schousb. ex Willd.,,,,FUND. BIODIVERSIDAD:ANTHOS:1124500,e6e19630a9415359fba90888864d17313873a984ac79a3677c1d62aac943f991,
1271,ASTERACEAE,Hypochoeris glabra,NO_API_TAXON,False,NO_RESPONSE_ALL_THREE,2026-08-19T17:29:43.539663+00:00,EXACT_CANONICAL_NOT_FOUND,,,,,,,,6ff1e084d7e1de5bce526a9952c96fbb0f13b4f2c615b0fc30c055f88bfb5483,,EXACT_CANONICAL_NOT_FOUND,,,,,,,,ccfc7e3ca85c8b80aa96eb52d4e50e07e1811d28916b544280d8a4f1a043ba72,,EXACT_CANONICAL_NOT_FOUND,,,,,,,,e6e19630a9415359fba90888864d17313873a984ac79a3677c1d62aac943f991,
1272,ASTERACEAE,Hypochoeris radicata,NO_API_TAXON,False,NO_RESPONSE_ALL_THREE,2026-08-19T17:29:43.539677+00:00,EXACT_CANONICAL_NOT_FOUND,,,,,,,,6ff1e084d7e1de5bce526a9952c96fbb0f13b4f2c615b0fc30c055f88bfb5483,,EXACT_CANONICAL_NOT_FOUND,,,,,,,,ccfc7e3ca85c8b80aa96eb52d4e50e07e1811d28916b544280d8a4f1a043ba72,,EXACT_CANONICAL_NOT_FOUND,,,,,,,,e6e19630a9415359fba90888864d17313873a984ac79a3677c1d62aac943f991,
1273,BRASSICACEAE,Iberis amara,NO_API_TAXON,False,KEEP_TAXONIC_RESPONSE,2026-08-19T17:29:43.539690+00:00,EXACT_CANONICAL_FOUND,Iberis amara,Iberis amara,L.,Accepted,,2859697,2859697,6ff1e084d7e1de5bce526a9952c96fbb0f13b4f2c615b0fc30c055f88bfb5483,,EXACT_CANONICAL_FOUND,Iberis amara,Iberis amara,L.,Accepted,,,wfo-0000728768,ccfc7e3ca85c8b80aa96eb52d4e50e07e1811d28916b544280d8a4f1a043ba72,,EXACT_CANONICAL_FOUND,Iberis amara,Iberis amara L.,L.,,,,FUND. BIODIVERSIDAD:ANTHOS:23116,e6e19630a9415359fba90888864d17313873a984ac79a3677c1d62aac943f991,
1275,BRASSICACEAE,Iberis carnosa subsp. carnosa,NO_EXACT_MATCH,False,KEEP_TAXONIC_RESPONSE,2026-08-19T17:29:43.539707+00:00,EXACT_CANONICAL_FOUND,Iberis carnosa subsp. carnosa,Iberis carnosa subsp. carnosa,,Accepted,,3265332,3265332,6ff1e084d7e1de5bce526a9952c96fbb0f13b4f2c615b0fc30c055f88bfb5483,,EXACT_CANONICAL_FOUND,Iberis carnosa subsp. carnosa,Iberis carnosa subsp. carnosa,Willd.,Accepted,,,wfo-0001217579,ccfc7e3ca85c8b80aa96eb52d4e50e07e1811d28916b544280d8a4f1a043ba72,,EXACT_CANONICAL_FOUND,Iberis carnosa subsp. carnosa,Iberis carnosa subsp. carnosa Willd.,Willd.,,,,FUND. BIODIVERSIDAD:ANTHOS:55173,e6e19630a9415359fba90888864d17313873a984ac79a3677c1d62aac943f991,
1279,BALSAMINACEAE,Impatiens balfourii,NO_API_TAXON,False,KEEP_TAXONIC_RESPONSE,2026-08-19T17:29:43.539723+00:00,EXACT_CANONICAL_FOUND,Impatiens balfourii,Impatiens balfourii,Hook.f.,Accepted,,2862177,2862177,6ff1e084d7e1de5bce526a9952c96fbb0f13b4f2c615b0fc30c055f88bfb5483,,EXACT_CANONICAL_FOUND,Impatiens balfourii,Impatiens balfourii,Hook.f.,Accepted,,,wfo-0000730259,ccfc7e3ca85c8b80aa96eb52d4e50e07e1811d28916b544280d8a4f1a043ba72,,EXACT_CANONICAL_FOUND,Impatiens balfourii,Impatiens balfourii Hook. fil.,Hook. fil.,,,,FUND. BIODIVERSIDAD:ANTHOS:26640,e6e19630a9415359fba90888864d17313873a984ac79a3677c1d62aac943f991,
1280,ASTERACEAE,Inula conyza,NO_API_TAXON,False,KEEP_TAXONIC_RESPONSE,2026-08-19T17:29:43.539737+00:00,EXACT_CANONICAL_FOUND,Inula conyza,Inula conyza,DC.,Illegitimate,,3238003,3114211,6ff1e084d7e1de5bce526a9952c96fbb0f13b4f2c615b0fc30c055f88bfb5483,,EXACT_CANONICAL_FOUND,Inula conyza,Inula conyza,DC.,Accepted,,,wfo-0000126746,ccfc7e3ca85c8b80aa96eb52d4e50e07e1811d28916b544280d8a4f1a043ba72,,EXACT_CANONICAL_NOT_FOUND,,,,,,,,e6e19630a9415359fba90888864d17313873a984ac79a3677c1d62aac943f991,
1281,ASTERACEAE,Inula crithmoides,NO_API_TAXON,False,KEEP_TAXONIC_RESPONSE,2026-08-19T17:29:43.539750+00:00,EXACT_CANONICAL_FOUND,Inula crithmoides,Inula crithmoides,L.,Synonym,,3113963,3113969,6ff1e084d7e1de5bce526a9952c96fbb0f13b4f2c615b0fc30c055f88bfb5483,,EXACT_CANONICAL_FOUND,Inula crithmoides,Inula crithmoides,Spreng.,Unchecked,,,wfo-0000087619,ccfc7e3ca85c8b80aa96eb52d4e50e07e1811d28916b544280d8a4f1a043ba72,,EXACT_CANONICAL_NOT_FOUND,,,,,,,,e6e19630a9415359fba90888864d17313873a984ac79a3677c1d62aac943f991,
1282,ASTERACEAE,Inula helenioides,NO_API_TAXON,False,KEEP_TAXONIC_RESPONSE,2026-08-19T17:29:43.539764+00:00,EXACT_CANONICAL_FOUND,Inula helenioides,Inula helenioides,DC.,Synonym,,3217687,3114244,6ff1e084d7e1de5bce526a9952c96fbb0f13b4f2c615b0fc30c055f88bfb5483,,EXACT_CANONICAL_FOUND,Inula helenioides,Inula helenioides,DC.,Accepted,,,wfo-0000024166,ccfc7e3ca85c8b80aa96eb52d4e50e07e1811d28916b544280d8a4f1a043ba72,,EXACT_CANONICAL_FOUND,Inula helenioides,Inula helenioides DC. in Lam. & DC.,DC. in Lam. & DC.,,,,FUND. BIODIVERSIDAD:ANTHOS:32950,e6e19630a9415359fba90888864d17313873a984ac79a3677c1d62aac943f991,
1283,ASTERACEAE,Inula helvetica,NO_API_TAXON,False,KEEP_TAXONIC_RESPONSE,2026-08-19T17:29:43.539777+00:00,EXACT_CANONICAL_FOUND,Inula helvetica,Inula helvetica,Weber,Synonym,,3217688,3114266,6ff1e084d7e1de5bce526a9952c96fbb0f13b4f2c615b0fc30c055f88bfb5483,,EXACT_CANONICAL_FOUND,Inula helvetica,Inula helvetica,Grauer,Accepted,,,wfo-0000024214,ccfc7e3ca85c8b80aa96eb52d4e50e07e1811d28916b544280d8a4f1a043ba72,,EXACT_CANONICAL_FOUND,Inula helvetica,Inula helvetica Weber,Weber,,,,FUND. BIODIVERSIDAD:ANTHOS:32930,e6e19630a9415359fba90888864d17313873a984ac79a3677c1d62aac943f991,
1284,ASTERACEAE,Inula langeana,NO_API_TAXON,False,KEEP_TAXONIC_RESPONSE,2026-08-19T17:29:43.539791+00:00,EXACT_CANONICAL_FOUND,Inula langeana,Inula langeana,Beck,Synonym,,3217690,3114294,6ff1e084d7e1de5bce526a9952c96fbb0f13b4f2c615b0fc30c055f88bfb5483,,EXACT_CANONICAL_FOUND,Inula langeana,Inula langeana,Beck,Accepted,,,wfo-0000127275,ccfc7e3ca85c8b80aa96eb52d4e50e07e1811d28916b544280d8a4f1a043ba72,,EXACT_CANONICAL_FOUND,Inula langeana,Inula langeana Beck,Beck,,,,FUND. BIODIVERSIDAD:ANTHOS:32979,e6e19630a9415359fba90888864d17313873a984ac79a3677c1d62aac943f991,
1285,ASTERACEAE,Inula montana,NO_API_TAXON,False,KEEP_TAXONIC_RESPONSE,2026-08-19T17:29:43.539804+00:00,EXACT_CANONICAL_FOUND,Inula montana,Inula montana,Balansa & Bourg. ex Boiss.,Invalid,,3114319,3114318,6ff1e084d7e1de5bce526a9952c96fbb0f13b4f2c615b0fc30c055f88bfb5483,,EXACT_CANONICAL_FOUND,Inula montana,Inula montana,Luce,Unchecked,,,wfo-0000005182,ccfc7e3ca85c8b80aa96eb52d4e50e07e1811d28916b544280d8a4f1a043ba72,,EXACT_CANONICAL_FOUND,Inula montana,Inula montana L.,L.,,,,FUND. BIODIVERSIDAD:ANTHOS:32960,e6e19630a9415359fba90888864d17313873a984ac79a3677c1d62aac943f991,
1286,ASTERACEAE,Inula salicina,NO_API_TAXON,False,KEEP_TAXONIC_RESPONSE,2026-08-19T17:29:43.539938+00:00,EXACT_CANONICAL_FOUND,Inula salicina,Inula salicina,C.B.Clarke,Illegitimate,,3114131,3114130,6ff1e084d7e1de5bce526a9952c96fbb0f13b4f2c615b0fc30c055f88bfb5483,,EXACT_CANONICAL_FOUND,Inula salicina,Inula salicina,Bunge,Unchecked,,,wfo-0000037146,ccfc7e3ca85c8b80aa96eb52d4e50e07e1811d28916b544280d8a4f1a043ba72,,EXACT_CANONICAL_FOUND,Inula salicina,Inula salicina L.,L.,,,,FUND. BIODIVERSIDAD:ANTHOS:32939,e6e19630a9415359fba90888864d17313873a984ac79a3677c1d62aac943f991,
1287,IRIDACEAE,Iris foetidissima,NO_API_TAXON,False,KEEP_TAXONIC_RESPONSE,2026-08-19T17:29:43.539955+00:00,EXACT_CANONICAL_FOUND,Iris foetidissima,Iris foetidissima,L.,Accepted,,321835,321835,6ff1e084d7e1de5bce526a9952c96fbb0f13b4f2c615b0fc30c055f88bfb5483,,EXACT_CANONICAL_FOUND,Iris foetidissima,Iris foetidissima,L.,Accepted,,,wfo-0000783342,ccfc7e3ca85c8b80aa96eb52d4e50e07e1811d28916b544280d8a4f1a043ba72,,EXACT_CANONICAL_NOT_FOUND,,,,,,,,e6e19630a9415359fba90888864d17313873a984ac79a3677c1d62aac943f991,
1288,IRIDACEAE,Iris germanica,NO_API_TAXON,False,KEEP_TAXONIC_RESPONSE,2026-08-19T17:29:43.539970+00:00,EXACT_CANONICAL_FOUND,Iris germanica,Iris × germanica,L.,Accepted,,321867,321867,6ff1e084d7e1de5bce526a9952c96fbb0f13b4f2c615b0fc30c055f88bfb5483,,EXACT_CANONICAL_FOUND,Iris germanica,Iris × germanica,L.,Accepted,,,wfo-0000783371,ccfc7e3ca85c8b80aa96eb52d4e50e07e1811d28916b544280d8a4f1a043ba72,,EXACT_CANONICAL_FOUND,Iris germanica,Iris germanica L.,L.,,,,FUND. BIODIVERSIDAD:ANTHOS:41171,e6e19630a9415359fba90888864d17313873a984ac79a3677c1d62aac943f991,
1291,ISOETACEAE,Isoetes echinosporum,NO_API_TAXON,False,KEEP_TAXONIC_RESPONSE,2026-08-19T17:29:43.539983+00:00,EXACT_CANONICAL_NOT_FOUND,,,,,,,,6ff1e084d7e1de5bce526a9952c96fbb0f13b4f2c615b0fc30c055f88bfb5483,,EXACT_CANONICAL_NOT_FOUND,,,,,,,,ccfc7e3ca85c8b80aa96eb52d4e50e07e1811d28916b544280d8a4f1a043ba72,,EXACT_CANONICAL_FOUND,Isoetes echinosporum,Isoetes echinosporum Durieu,Durieu,,,,FUND. BIODIVERSIDAD:ANTHOS:89514,e6e19630a9415359fba90888864d17313873a984ac79a3677c1d62aac943f991,
1295,ASTERACEAE,Jacobaea auricula,NO_API_TAXON,False,KEEP_TAXONIC_RESPONSE,2026-08-19T17:29:43.539997+00:00,EXACT_CANONICAL_FOUND,Jacobaea auricula,Jacobaea auricula,(Bourg. ex Coss.) Pelser,Accepted,,3082385,3082385,6ff1e084d7e1de5bce526a9952c96fbb0f13b4f2c615b0fc30c055f88bfb5483,,EXACT_CANONICAL_FOUND,Jacobaea auricula,Jacobaea auricula,(Bourg. ex Coss.) Pelser,Accepted,,,wfo-0000029991,ccfc7e3ca85c8b80aa96eb52d4e50e07e1811d28916b544280d8a4f1a043ba72,,EXACT_CANONICAL_NOT_FOUND,,,,,,,,e6e19630a9415359fba90888864d17313873a984ac79a3677c1d62aac943f991,
1299,CAMPANULACEAE,Jasione crispa subsp. centralis,NO_EXACT_MATCH,False,KEEP_TAXONIC_RESPONSE,2026-08-19T17:29:43.540011+00:00,EXACT_CANONICAL_FOUND,Jasione crispa subsp. centralis,Jasione crispa subsp. centralis,(Rivas Mart.) Rivas Mart.,Synonym,,376156,351940,6ff1e084d7e1de5bce526a9952c96fbb0f13b4f2c615b0fc30c055f88bfb5483,,EXACT_CANONICAL_FOUND,Jasione crispa subsp. centralis,Jasione crispa subsp. centralis,(Rivas.Martinez) Rivas Mart.,Synonym,,wfo-0000838843,wfo-0000813864,ccfc7e3ca85c8b80aa96eb52d4e50e07e1811d28916b544280d8a4f1a043ba72,,EXACT_CANONICAL_NOT_FOUND,,,,,,,,e6e19630a9415359fba90888864d17313873a984ac79a3677c1d62aac943f991,
1301,CAMPANULACEAE,Jasione laevis,NO_API_TAXON,False,KEEP_TAXONIC_RESPONSE,2026-08-19T17:29:43.540025+00:00,EXACT_CANONICAL_FOUND,Jasione laevis,Jasione laevis,Lam.,Accepted,,351875,351875,6ff1e084d7e1de5bce526a9952c96fbb0f13b4f2c615b0fc30c055f88bfb5483,,EXACT_CANONICAL_FOUND,Jasione laevis,Jasione laevis,Lam.,Accepted,,,wfo-0000813793,ccfc7e3ca85c8b80aa96eb52d4e50e07e1811d28916b544280d8a4f1a043ba72,,EXACT_CANONICAL_FOUND,Jasione laevis,Jasione laevis Lam.,Lam.,,,,FUND. BIODIVERSIDAD:ANTHOS:32580,e6e19630a9415359fba90888864d17313873a984ac79a3677c1d62aac943f991,
1302,CAMPANULACEAE,Jasione laevis subsp. carpetana,NO_API_TAXON,False,KEEP_TAXONIC_RESPONSE,2026-08-19T17:29:43.540040+00:00,EXACT_CANONICAL_FOUND,Jasione laevis subsp. carpetana,Jasione laevis subsp. carpetana,(Boiss. & Reut.) Rivas Mart.,Accepted,,358471,358471,6ff1e084d7e1de5bce526a9952c96fbb0f13b4f2c615b0fc30c055f88bfb5483,,EXACT_CANONICAL_FOUND,Jasione laevis subsp. carpetana,Jasione laevis subsp. carpetana,(Boiss. & Reut.) Rivas Mart.,Accepted,,,wfo-0000820778,ccfc7e3ca85c8b80aa96eb52d4e50e07e1811d28916b544280d8a4f1a043ba72,,EXACT_CANONICAL_NOT_FOUND,,,,,,,,e6e19630a9415359fba90888864d17313873a984ac79a3677c1d62aac943f991,
1303,CAMPANULACEAE,Jasione laevis subsp. laevis,NO_API_TAXON,False,KEEP_TAXONIC_RESPONSE,2026-08-19T17:29:43.540054+00:00,EXACT_CANONICAL_FOUND,Jasione laevis subsp. laevis,Jasione laevis subsp. laevis,,Accepted,,376158,376158,6ff1e084d7e1de5bce526a9952c96fbb0f13b4f2c615b0fc30c055f88bfb5483,,EXACT_CANONICAL_FOUND,Jasione laevis subsp. laevis,Jasione laevis subsp. laevis,,Accepted,,,wfo-0000838845,ccfc7e3ca85c8b80aa96eb52d4e50e07e1811d28916b544280d8a4f1a043ba72,,EXACT_CANONICAL_NOT_FOUND,,,,,,,,e6e19630a9415359fba90888864d17313873a984ac79a3677c1d62aac943f991,
1305,CAMPANULACEAE,Jasione sessilifolia,NO_API_TAXON,False,NO_RESPONSE_ALL_THREE,2026-08-19T17:29:43.540068+00:00,EXACT_CANONICAL_NOT_FOUND,,,,,,,,6ff1e084d7e1de5bce526a9952c96fbb0f13b4f2c615b0fc30c055f88bfb5483,,EXACT_CANONICAL_NOT_FOUND,,,,,,,,ccfc7e3ca85c8b80aa96eb52d4e50e07e1811d28916b544280d8a4f1a043ba72,,EXACT_CANONICAL_NOT_FOUND,,,,,,,,e6e19630a9415359fba90888864d17313873a984ac79a3677c1d62aac943f991,
1306,OLEACEAE,Jasminum fruticans,NO_API_TAXON,False,KEEP_TAXONIC_RESPONSE,2026-08-19T17:29:43.540083+00:00,EXACT_CANONICAL_FOUND,Jasminum fruticans,Jasminum fruticans,L.,Synonym,,488352,351896,6ff1e084d7e1de5bce526a9952c96fbb0f13b4f2c615b0fc30c055f88bfb5483,,EXACT_CANONICAL_FOUND,Jasminum fruticans,Jasminum fruticans,L.,Synonym,,wfo-0001341236,wfo-0000813815,ccfc7e3ca85c8b80aa96eb52d4e50e07e1811d28916b544280d8a4f1a043ba72,,EXACT_CANONICAL_FOUND,Jasminum fruticans,Jasminum fruticans L.,L.,,,,FUND. BIODIVERSIDAD:ANTHOS:29032,e6e19630a9415359fba90888864d17313873a984ac79a3677c1d62aac943f991,
1307,OLEACEAE,Jasminum officinale,NO_API_TAXON,False,KEEP_TAXONIC_RESPONSE,2026-08-19T17:29:43.540099+00:00,EXACT_CANONICAL_FOUND,Jasminum officinale,Jasminum officinale,L.,Accepted,,351433,351433,6ff1e084d7e1de5bce526a9952c96fbb0f13b4f2c615b0fc30c055f88bfb5483,,EXACT_CANONICAL_FOUND,Jasminum officinale,Jasminum officinale,L.,Accepted,,,wfo-0000813314,ccfc7e3ca85c8b80aa96eb52d4e50e07e1811d28916b544280d8a4f1a043ba72,,EXACT_CANONICAL_NOT_FOUND,,,,,,,,e6e19630a9415359fba90888864d17313873a984ac79a3677c1d62aac943f991,
1308,ASTERACEAE,Jasonia glutinosa,NO_API_TAXON,False,KEEP_TAXONIC_RESPONSE,2026-08-19T17:29:43.540111+00:00,EXACT_CANONICAL_FOUND,Jasonia glutinosa,Jasonia glutinosa,(L.) DC.,Synonym,,3113775,3113772,6ff1e084d7e1de5bce526a9952c96fbb0f13b4f2c615b0fc30c055f88bfb5483,,EXACT_CANONICAL_FOUND,Jasonia glutinosa,Jasonia glutinosa,(L.) DC.,Synonym,,wfo-0000037686,wfo-0000123502,ccfc7e3ca85c8b80aa96eb52d4e50e07e1811d28916b544280d8a4f1a043ba72,,EXACT_CANONICAL_NOT_FOUND,,,,,,,,e6e19630a9415359fba90888864d17313873a984ac79a3677c1d62aac943f991,
1309,ASTERACEAE,Jasonia tuberosa,NO_API_TAXON,False,KEEP_TAXONIC_RESPONSE,2026-08-19T17:29:43.540126+00:00,EXACT_CANONICAL_FOUND,Jasonia tuberosa,Jasonia tuberosa,(L.) DC.,Accepted,,3113754,3113754,6ff1e084d7e1de5bce526a9952c96fbb0f13b4f2c615b0fc30c055f88bfb5483,,EXACT_CANONICAL_FOUND,Jasonia tuberosa,Jasonia tuberosa,(L.) DC.,Accepted,,,wfo-0000045178,ccfc7e3ca85c8b80aa96eb52d4e50e07e1811d28916b544280d8a4f1a043ba72,,EXACT_CANONICAL_FOUND,Jasonia tuberosa,Jasonia tuberosa (L.) DC.,(L.) DC.,,,,FUND. BIODIVERSIDAD:ANTHOS:33047,e6e19630a9415359fba90888864d17313873a984ac79a3677c1d62aac943f991,
1310,BRASSICACEAE,Jonopsidium savianum,NO_API_TAXON,False,KEEP_TAXONIC_RESPONSE,2026-08-19T17:29:43.540139+00:00,EXACT_CANONICAL_NOT_FOUND,,,,,,,,6ff1e084d7e1de5bce526a9952c96fbb0f13b4f2c615b0fc30c055f88bfb5483,,EXACT_CANONICAL_FOUND,Jonopsidium savianum,Jonopsidium savianum,Ball ex Arc.,Unchecked,,,wfo-0001238637,ccfc7e3ca85c8b80aa96eb52d4e50e07e1811d28916b544280d8a4f1a043ba72,,EXACT_CANONICAL_FOUND,Jonopsidium savianum,Jonopsidium savianum (Caruel) Ball ex Arcang.,(Caruel) Ball ex Arcang.,,,,FUND. BIODIVERSIDAD:ANTHOS:991869,e6e19630a9415359fba90888864d17313873a984ac79a3677c1d62aac943f991,
1320,JUNCACEAE,Juncus conglomeratus var. laxus,NO_EXACT_MATCH,False,KEEP_TAXONIC_RESPONSE,2026-08-19T17:29:43.540154+00:00,EXACT_CANONICAL_FOUND,Juncus conglomeratus var. laxus,Juncus conglomeratus var. laxus,(Beck) I.Grint.,Illegitimate,,314807,314811,6ff1e084d7e1de5bce526a9952c96fbb0f13b4f2c615b0fc30c055f88bfb5483,,EXACT_CANONICAL_FOUND,Juncus conglomeratus var. laxus,Juncus conglomeratus var. laxus,(Beck) I.Grinț.,Synonym,,wfo-0000776253,wfo-0000776256,ccfc7e3ca85c8b80aa96eb52d4e50e07e1811d28916b544280d8a4f1a043ba72,,EXACT_CANONICAL_NOT_FOUND,,,,,,,,e6e19630a9415359fba90888864d17313873a984ac79a3677c1d62aac943f991,
1322,JUNCACEAE,Juncus effusus var. effusus,NO_EXACT_MATCH,False,KEEP_TAXONIC_RESPONSE,2026-08-19T17:29:43.540167+00:00,EXACT_CANONICAL_NOT_FOUND,,,,,,,,6ff1e084d7e1de5bce526a9952c96fbb0f13b4f2c615b0fc30c055f88bfb5483,,EXACT_CANONICAL_FOUND,Juncus effusus var. effusus,Juncus effusus var. effusus,,Synonym,,wfo-0000776350,wfo-0001067531,ccfc7e3ca85c8b80aa96eb52d4e50e07e1811d28916b544280d8a4f1a043ba72,,EXACT_CANONICAL_NOT_FOUND,,,,,,,,e6e19630a9415359fba90888864d17313873a984ac79a3677c1d62aac943f991,
1325,JUNCACEAE,Juncus gerardii,NO_API_TAXON,False,NO_RESPONSE_ALL_THREE,2026-08-19T17:29:43.540179+00:00,EXACT_CANONICAL_NOT_FOUND,,,,,,,,6ff1e084d7e1de5bce526a9952c96fbb0f13b4f2c615b0fc30c055f88bfb5483,,EXACT_CANONICAL_NOT_FOUND,,,,,,,,ccfc7e3ca85c8b80aa96eb52d4e50e07e1811d28916b544280d8a4f1a043ba72,,EXACT_CANONICAL_NOT_FOUND,,,,,,,,e6e19630a9415359fba90888864d17313873a984ac79a3677c1d62aac943f991,
1328,JUNCACEAE,Juncus inflexus var. inflexus,NO_EXACT_MATCH,False,NO_RESPONSE_ALL_THREE,2026-08-19T17:29:43.540193+00:00,EXACT_CANONICAL_NOT_FOUND,,,,,,,,6ff1e084d7e1de5bce526a9952c96fbb0f13b4f2c615b0fc30c055f88bfb5483,,EXACT_CANONICAL_NOT_FOUND,,,,,,,,ccfc7e3ca85c8b80aa96eb52d4e50e07e1811d28916b544280d8a4f1a043ba72,,EXACT_CANONICAL_NOT_FOUND,,,,,,,,e6e19630a9415359fba90888864d17313873a984ac79a3677c1d62aac943f991,
1336,JUNCACEAE,Juncus tenageia subsp. tenageia,NO_EXACT_MATCH,False,KEEP_TAXONIC_RESPONSE,2026-08-19T17:29:43.540209+00:00,EXACT_CANONICAL_FOUND,Juncus tenageia subsp. tenageia,Juncus tenageia subsp. tenageia,,Accepted,,315952,315952,6ff1e084d7e1de5bce526a9952c96fbb0f13b4f2c615b0fc30c055f88bfb5483,,EXACT_CANONICAL_FOUND,Juncus tenageia subsp. tenageia,Juncus tenageia subsp. tenageia,,Accepted,,,wfo-0000777397,ccfc7e3ca85c8b80aa96eb52d4e50e07e1811d28916b544280d8a4f1a043ba72,,EXACT_CANONICAL_NOT_FOUND,,,,,,,,e6e19630a9415359fba90888864d17313873a984ac79a3677c1d62aac943f991,
1338,CUPRESSACEAE,Juniperus communis subsp. hemisphaerica,NO_EXACT_MATCH,False,KEEP_TAXONIC_RESPONSE,2026-08-19T17:29:43.540225+00:00,EXACT_CANONICAL_FOUND,Juniperus communis subsp. hemisphaerica,Juniperus communis subsp. hemisphaerica,(J.Presl & C.Presl) Nyman,Synonym,,385629,385631,6ff1e084d7e1de5bce526a9952c96fbb0f13b4f2c615b0fc30c055f88bfb5483,,EXACT_CANONICAL_FOUND,Juniperus communis subsp. hemisphaerica,Juniperus communis subsp. hemisphaerica,(C.Presl) Nyman,Synonym,,wfo-0000735424,wfo-0000735426,ccfc7e3ca85c8b80aa96eb52d4e50e07e1811d28916b544280d8a4f1a043ba72,,EXACT_CANONICAL_FOUND,Juniperus communis subsp. hemisphaerica,Juniperus communis subsp. hemisphaerica (C. Presl) Nyman,(C. Presl) Nyman,,,,FUND. BIODIVERSIDAD:ANTHOS:54961,e6e19630a9415359fba90888864d17313873a984ac79a3677c1d62aac943f991,
1339,CUPRESSACEAE,Juniperus communis subsp. nana,NO_EXACT_MATCH,False,KEEP_TAXONIC_RESPONSE,2026-08-19T17:29:43.540241+00:00,EXACT_CANONICAL_FOUND,Juniperus communis subsp. nana,Juniperus communis subsp. nana,(Baumg.) Syme,Synonym,,385644,385649,6ff1e084d7e1de5bce526a9952c96fbb0f13b4f2c615b0fc30c055f88bfb5483,,EXACT_CANONICAL_FOUND,Juniperus communis subsp. nana,Juniperus communis subsp. nana,(Willd.) Syme,Synonym,,wfo-0000735441,wfo-0000735445,ccfc7e3ca85c8b80aa96eb52d4e50e07e1811d28916b544280d8a4f1a043ba72,,EXACT_CANONICAL_NOT_FOUND,,,,,,,,e6e19630a9415359fba90888864d17313873a984ac79a3677c1d62aac943f991,
1341,CUPRESSACEAE,Juniperus oxycedrus subsp. badia,NO_EXACT_MATCH,False,KEEP_TAXONIC_RESPONSE,2026-08-19T17:29:43.540256+00:00,EXACT_CANONICAL_FOUND,Juniperus oxycedrus subsp. badia,Juniperus oxycedrus subsp. badia,(H.Gay) Debeaux,Synonym,,385701,385702,6ff1e084d7e1de5bce526a9952c96fbb0f13b4f2c615b0fc30c055f88bfb5483,,EXACT_CANONICAL_FOUND,Juniperus oxycedrus subsp. badia,Juniperus oxycedrus subsp. badia,(H.Gay) Debeaux,Accepted,,,wfo-0000735543,ccfc7e3ca85c8b80aa96eb52d4e50e07e1811d28916b544280d8a4f1a043ba72,,EXACT_CANONICAL_FOUND,Juniperus oxycedrus subsp. badia,Juniperus oxycedrus subsp. badia (H. Gay) Debeaux,(H. Gay) Debeaux,,,,FUND. BIODIVERSIDAD:ANTHOS:88503,e6e19630a9415359fba90888864d17313873a984ac79a3677c1d62aac943f991,
1344,ASTERACEAE,Jurinea humilis,NO_API_TAXON,False,KEEP_TAXONIC_RESPONSE,2026-08-19T17:29:43.540270+00:00,EXACT_CANONICAL_FOUND,Jurinea humilis,Jurinea humilis,(Desf.) DC.,Accepted,,3044604,3044604,6ff1e084d7e1de5bce526a9952c96fbb0f13b4f2c615b0fc30c055f88bfb5483,,EXACT_CANONICAL_FOUND,Jurinea humilis,Jurinea humilis,(Desf.) DC.,Accepted,,,wfo-0000072087,ccfc7e3ca85c8b80aa96eb52d4e50e07e1811d28916b544280d8a4f1a043ba72,,EXACT_CANONICAL_FOUND,Jurinea humilis,Jurinea humilis (Desf.) DC.,(Desf.) DC.,,,,FUND. BIODIVERSIDAD:ANTHOS:33677,e6e19630a9415359fba90888864d17313873a984ac79a3677c1d62aac943f991,
1345,PLANTAGINACEAE,Kicksia elatine,NO_API_TAXON,False,NO_RESPONSE_ALL_THREE,2026-08-19T17:29:43.540284+00:00,EXACT_CANONICAL_NOT_FOUND,,,,,,,,6ff1e084d7e1de5bce526a9952c96fbb0f13b4f2c615b0fc30c055f88bfb5483,,EXACT_CANONICAL_NOT_FOUND,,,,,,,,ccfc7e3ca85c8b80aa96eb52d4e50e07e1811d28916b544280d8a4f1a043ba72,,EXACT_CANONICAL_NOT_FOUND,,,,,,,,e6e19630a9415359fba90888864d17313873a984ac79a3677c1d62aac943f991,
1347,PLANTAGINACEAE,Kickxia spuria subsp. integrifolia,NO_EXACT_MATCH,False,KEEP_TAXONIC_RESPONSE,2026-08-19T17:29:43.540299+00:00,EXACT_CANONICAL_FOUND,Kickxia spuria subsp. integrifolia,Kickxia spuria subsp. integrifolia,(Brot.) R.Fern.,Accepted,,2335157,2335157,6ff1e084d7e1de5bce526a9952c96fbb0f13b4f2c615b0fc30c055f88bfb5483,,EXACT_CANONICAL_FOUND,Kickxia spuria subsp. integrifolia,Kickxia spuria subsp. integrifolia,(Brot.) R.Fern.,Accepted,,,wfo-0000357129,ccfc7e3ca85c8b80aa96eb52d4e50e07e1811d28916b544280d8a4f1a043ba72,,EXACT_CANONICAL_FOUND,Kickxia spuria subsp. integrifolia,Kickxia spuria subsp. integrifolia (Brot.) R. Fern.,(Brot.) R. Fern.,,,,FUND. BIODIVERSIDAD:ANTHOS:31147,e6e19630a9415359fba90888864d17313873a984ac79a3677c1d62aac943f991,
1348,ASTERACEAE,Klasea flavescens subsp. leucantha,NO_API_TAXON,False,KEEP_TAXONIC_RESPONSE,2026-08-19T17:29:43.540315+00:00,EXACT_CANONICAL_FOUND,Klasea flavescens subsp. leucantha,Klasea flavescens subsp. leucantha,(Cav.) Cantó & Rivas Mart.,Accepted,,3047223,3047223,6ff1e084d7e1de5bce526a9952c96fbb0f13b4f2c615b0fc30c055f88bfb5483,,EXACT_CANONICAL_FOUND,Klasea flavescens subsp. leucantha,Klasea flavescens subsp. leucantha,(Cav.) Cantó & Rivas Mart.,Accepted,,,wfo-0000114579,ccfc7e3ca85c8b80aa96eb52d4e50e07e1811d28916b544280d8a4f1a043ba72,,EXACT_CANONICAL_FOUND,Klasea flavescens subsp. leucantha,Klasea flavescens subsp. leucantha (Cav.) Cantó & Rivas Mart.,(Cav.) Cantó & Rivas Mart.,,,,FUND. BIODIVERSIDAD:ANTHOS:860891,e6e19630a9415359fba90888864d17313873a984ac79a3677c1d62aac943f991,
1349,ASTERACEAE,Klasea nudicaulis,NO_API_TAXON,False,KEEP_TAXONIC_RESPONSE,2026-08-19T17:29:43.540328+00:00,EXACT_CANONICAL_FOUND,Klasea nudicaulis,Klasea nudicaulis,(L.) Fourr.,Accepted,,3047322,3047322,6ff1e084d7e1de5bce526a9952c96fbb0f13b4f2c615b0fc30c055f88bfb5483,,EXACT_CANONICAL_FOUND,Klasea nudicaulis,Klasea nudicaulis,(L.) Fourr.,Accepted,,,wfo-0000091137,ccfc7e3ca85c8b80aa96eb52d4e50e07e1811d28916b544280d8a4f1a043ba72,,EXACT_CANONICAL_FOUND,Klasea nudicaulis,Klasea nudicaulis (L.) Fourr.,(L.) Fourr.,,,,FUND. BIODIVERSIDAD:ANTHOS:33955,e6e19630a9415359fba90888864d17313873a984ac79a3677c1d62aac943f991,
1350,ASTERACEAE,Klasea pinnatifida,NO_API_TAXON,False,KEEP_TAXONIC_RESPONSE,2026-08-19T17:29:43.540342+00:00,EXACT_CANONICAL_FOUND,Klasea pinnatifida,Klasea pinnatifida,Cass.,Invalid,,3047344,3047338,6ff1e084d7e1de5bce526a9952c96fbb0f13b4f2c615b0fc30c055f88bfb5483,,EXACT_CANONICAL_FOUND,Klasea pinnatifida,Klasea pinnatifida,Webb,Unchecked,,,wfo-0000017198,ccfc7e3ca85c8b80aa96eb52d4e50e07e1811d28916b544280d8a4f1a043ba72,,EXACT_CANONICAL_FOUND,Klasea pinnatifida,"Klasea pinnatifida (Cav.) Cass. ex Talavera in Valdés, Talavera & Galiano (eds.)","(Cav.) Cass. ex Talavera in Valdés, Talavera & Galiano (eds.)",,,,FUND. BIODIVERSIDAD:ANTHOS:33953,e6e19630a9415359fba90888864d17313873a984ac79a3677c1d62aac943f991,
1352,CAPRIFOLIACEAE,Knautia arvernensis,NO_API_TAXON,False,KEEP_TAXONIC_RESPONSE,2026-08-19T17:29:43.540354+00:00,EXACT_CANONICAL_FOUND,Knautia arvernensis,Knautia arvernensis,(Briq.) Szabó,Accepted,,2334476,2334476,6ff1e084d7e1de5bce526a9952c96fbb0f13b4f2c615b0fc30c055f88bfb5483,,EXACT_CANONICAL_FOUND,Knautia arvernensis,Knautia arvernensis,(Briq.) Szabó,Accepted,,,wfo-0000356663,ccfc7e3ca85c8b80aa96eb52d4e50e07e1811d28916b544280d8a4f1a043ba72,,EXACT_CANONICAL_NOT_FOUND,,,,,,,,e6e19630a9415359fba90888864d17313873a984ac79a3677c1d62aac943f991,
1353,CAPRIFOLIACEAE,Knautia collina,NO_API_TAXON,False,KEEP_TAXONIC_RESPONSE,2026-08-19T17:29:43.540368+00:00,EXACT_CANONICAL_FOUND,Knautia collina,Knautia collina,Wettst.,Illegitimate,,2335720,2334510,6ff1e084d7e1de5bce526a9952c96fbb0f13b4f2c615b0fc30c055f88bfb5483,,EXACT_CANONICAL_FOUND,Knautia collina,Knautia collina,Wettst.,Synonym,,wfo-0000357491,wfo-0000356694,ccfc7e3ca85c8b80aa96eb52d4e50e07e1811d28916b544280d8a4f1a043ba72,,EXACT_CANONICAL_FOUND,Knautia collina,Knautia collina (Req. ex Guérin) Jord.,(Req. ex Guérin) Jord.,,,,FUND. BIODIVERSIDAD:ANTHOS:91814,e6e19630a9415359fba90888864d17313873a984ac79a3677c1d62aac943f991,
1354,CAPRIFOLIACEAE,Knautia legionensis,NO_API_TAXON,False,KEEP_TAXONIC_RESPONSE,2026-08-19T17:29:43.540382+00:00,EXACT_CANONICAL_FOUND,Knautia legionensis,Knautia legionensis,(Lag.) DC.,Accepted,,2335774,2335774,6ff1e084d7e1de5bce526a9952c96fbb0f13b4f2c615b0fc30c055f88bfb5483,,EXACT_CANONICAL_FOUND,Knautia legionensis,Knautia legionensis,(Lag.) DC.,Accepted,,,wfo-0000357537,ccfc7e3ca85c8b80aa96eb52d4e50e07e1811d28916b544280d8a4f1a043ba72,,EXACT_CANONICAL_FOUND,Knautia legionensis,Knautia legionensis (Lag.) DC.,(Lag.) DC.,,,,FUND. BIODIVERSIDAD:ANTHOS:1126881,e6e19630a9415359fba90888864d17313873a984ac79a3677c1d62aac943f991,
1355,CAPRIFOLIACEAE,Knautia nevadensis,NO_API_TAXON,False,KEEP_TAXONIC_RESPONSE,2026-08-19T17:29:43.540396+00:00,EXACT_CANONICAL_FOUND,Knautia nevadensis,Knautia nevadensis,(M.Winkl. ex Szabó) Szabó,Accepted,,2334469,2334469,6ff1e084d7e1de5bce526a9952c96fbb0f13b4f2c615b0fc30c055f88bfb5483,,EXACT_CANONICAL_FOUND,Knautia nevadensis,Knautia nevadensis,(M.Winkl. ex Szabó) Szabó,Accepted,,,wfo-0000356657,ccfc7e3ca85c8b80aa96eb52d4e50e07e1811d28916b544280d8a4f1a043ba72,,EXACT_CANONICAL_FOUND,Knautia nevadensis,Knautia nevadensis (M. Winkl. ex Szabó) Szabó,(M. Winkl. ex Szabó) Szabó,,,,FUND. BIODIVERSIDAD:ANTHOS:32288,e6e19630a9415359fba90888864d17313873a984ac79a3677c1d62aac943f991,
1356,CAPRIFOLIACEAE,Knautia numantina,NO_API_TAXON,False,KEEP_TAXONIC_RESPONSE,2026-08-19T17:29:43.540410+00:00,EXACT_CANONICAL_FOUND,Knautia numantina,Knautia numantina,"(Pau) Devesa, Ortega Oliv. & J.López",Accepted,,2336620,2336620,6ff1e084d7e1de5bce526a9952c96fbb0f13b4f2c615b0fc30c055f88bfb5483,,EXACT_CANONICAL_FOUND,Knautia numantina,Knautia numantina,"(Pau) Devesa, Ortega Oliv. & J.López",Accepted,,,wfo-0000357889,ccfc7e3ca85c8b80aa96eb52d4e50e07e1811d28916b544280d8a4f1a043ba72,,EXACT_CANONICAL_FOUND,Knautia numantina,"Knautia numantina (Pau) Devesa, Ortega Oliv. & J. López","(Pau) Devesa, Ortega Oliv. & J. López",,,,FUND. BIODIVERSIDAD:ANTHOS:2063616,e6e19630a9415359fba90888864d17313873a984ac79a3677c1d62aac943f991,
1357,CAPRIFOLIACEAE,Knautia purpurea,NO_API_TAXON,False,KEEP_TAXONIC_RESPONSE,2026-08-19T17:29:43.540429+00:00,EXACT_CANONICAL_FOUND,Knautia purpurea,Knautia purpurea,(Vill.) Borbás,Synonym,,2898377,2335708,6ff1e084d7e1de5bce526a9952c96fbb0f13b4f2c615b0fc30c055f88bfb5483,,EXACT_CANONICAL_FOUND,Knautia purpurea,Knautia purpurea,(Vill.) Borbás,Synonym,,wfo-0000745444,wfo-0000357481,ccfc7e3ca85c8b80aa96eb52d4e50e07e1811d28916b544280d8a4f1a043ba72,,EXACT_CANONICAL_NOT_FOUND,,,,,,,,e6e19630a9415359fba90888864d17313873a984ac79a3677c1d62aac943f991,
1358,CAPRIFOLIACEAE,Knautia subscaposa,NO_API_TAXON,False,KEEP_TAXONIC_RESPONSE,2026-08-19T17:29:43.540442+00:00,EXACT_CANONICAL_FOUND,Knautia subscaposa,Knautia subscaposa,Boiss. & Reut.,Accepted,,2336385,2336385,6ff1e084d7e1de5bce526a9952c96fbb0f13b4f2c615b0fc30c055f88bfb5483,,EXACT_CANONICAL_FOUND,Knautia subscaposa,Knautia subscaposa,Boiss. & Reut.,Accepted,,,wfo-0000357771,ccfc7e3ca85c8b80aa96eb52d4e50e07e1811d28916b544280d8a4f1a043ba72,,EXACT_CANONICAL_FOUND,Knautia subscaposa,Knautia subscaposa Boiss. & Reut.,Boiss. & Reut.,,,,FUND. BIODIVERSIDAD:ANTHOS:9534,e6e19630a9415359fba90888864d17313873a984ac79a3677c1d62aac943f991,
1361,POACEAE,Koeleria vallesiana,NO_API_TAXON,False,KEEP_TAXONIC_RESPONSE,2026-08-19T17:29:43.540458+00:00,EXACT_CANONICAL_FOUND,Koeleria vallesiana,Koeleria vallesiana,(Honck.) Gaudin,Accepted,,421810,421810,6ff1e084d7e1de5bce526a9952c96fbb0f13b4f2c615b0fc30c055f88bfb5483,,EXACT_CANONICAL_FOUND,Koeleria vallesiana,Koeleria vallesiana,(Honck.) Gaudin,Accepted,,,wfo-0001096105,ccfc7e3ca85c8b80aa96eb52d4e50e07e1811d28916b544280d8a4f1a043ba72,,EXACT_CANONICAL_FOUND,Koeleria vallesiana,Koeleria vallesiana (Honck.) Gaudin,(Honck.) Gaudin,,,,FUND. BIODIVERSIDAD:ANTHOS:37054,e6e19630a9415359fba90888864d17313873a984ac79a3677c1d62aac943f991,
1369,ASTERACEAE,Lactuca viminea subsp. chondrilliflora,NO_EXACT_MATCH,False,KEEP_TAXONIC_RESPONSE,2026-08-19T17:29:43.540472+00:00,EXACT_CANONICAL_FOUND,Lactuca viminea subsp. chondrilliflora,Lactuca viminea subsp. chondrilliflora,(Boreau) St.-Lag.,Accepted,,3062351,3062351,6ff1e084d7e1de5bce526a9952c96fbb0f13b4f2c615b0fc30c055f88bfb5483,,EXACT_CANONICAL_FOUND,Lactuca viminea subsp. chondrilliflora,Lactuca viminea subsp. chondrilliflora,(Boreau) St.-Lag.,Synonym,,wfo-1200069297,wfo-0000095425,ccfc7e3ca85c8b80aa96eb52d4e50e07e1811d28916b544280d8a4f1a043ba72,,EXACT_CANONICAL_NOT_FOUND,,,,,,,,e6e19630a9415359fba90888864d17313873a984ac79a3677c1d62aac943f991,
1370,ASTERACEAE,Lactuca viminea subsp. ramosissima,NO_EXACT_MATCH,False,KEEP_TAXONIC_RESPONSE,2026-08-19T17:29:43.540489+00:00,EXACT_CANONICAL_FOUND,Lactuca viminea subsp. ramosissima,Lactuca viminea subsp. ramosissima,(All.) Arcang.,Accepted,,3062353,3062353,6ff1e084d7e1de5bce526a9952c96fbb0f13b4f2c615b0fc30c055f88bfb5483,,EXACT_CANONICAL_FOUND,Lactuca viminea subsp. ramosissima,Lactuca viminea subsp. ramosissima,(All.) Arcang.,Accepted,,,wfo-0000099083,ccfc7e3ca85c8b80aa96eb52d4e50e07e1811d28916b544280d8a4f1a043ba72,,EXACT_CANONICAL_NOT_FOUND,,,,,,,,e6e19630a9415359fba90888864d17313873a984ac79a3677c1d62aac943f991,
1374,LAMIACEAE,Lamium galeobdolon subsp. montanum,NO_EXACT_MATCH,False,KEEP_TAXONIC_RESPONSE,2026-08-19T17:29:43.540504+00:00,EXACT_CANONICAL_FOUND,Lamium galeobdolon subsp. montanum,Lamium galeobdolon subsp. montanum,(Pers.) Hayek,Accepted,,107457,107457,6ff1e084d7e1de5bce526a9952c96fbb0f13b4f2c615b0fc30c055f88bfb5483,,EXACT_CANONICAL_FOUND,Lamium galeobdolon subsp. montanum,Lamium galeobdolon subsp. montanum,(Pers.) Hayek,Accepted,,,wfo-0000222514,ccfc7e3ca85c8b80aa96eb52d4e50e07e1811d28916b544280d8a4f1a043ba72,,EXACT_CANONICAL_FOUND,Lamium galeobdolon subsp. montanum,Lamium galeobdolon subsp. montanum (Pers.) Hayek,(Pers.) Hayek,,,,FUND. BIODIVERSIDAD:ANTHOS:30281,e6e19630a9415359fba90888864d17313873a984ac79a3677c1d62aac943f991,
1380,ASTERACEAE,Lapsana communis subsp. communis,NO_EXACT_MATCH,False,KEEP_TAXONIC_RESPONSE,2026-08-19T17:29:43.540520+00:00,EXACT_CANONICAL_FOUND,Lapsana communis subsp. communis,Lapsana communis subsp. communis,,Accepted,,3058054,3058054,6ff1e084d7e1de5bce526a9952c96fbb0f13b4f2c615b0fc30c055f88bfb5483,,EXACT_CANONICAL_FOUND,Lapsana communis subsp. communis,Lapsana communis subsp. communis,L.,Accepted,,,wfo-0000102904,ccfc7e3ca85c8b80aa96eb52d4e50e07e1811d28916b544280d8a4f1a043ba72,,EXACT_CANONICAL_FOUND,Lapsana communis subsp. communis,Lapsana communis subsp. communis L.,L.,,,,FUND. BIODIVERSIDAD:ANTHOS:34517,e6e19630a9415359fba90888864d17313873a984ac79a3677c1d62aac943f991,
1382,PINACEAE,Larix x eurolepis,UNPARSABLE_NAME,False,NO_RESPONSE_ALL_THREE,2026-08-19T17:29:43.540532+00:00,EXACT_CANONICAL_NOT_FOUND,,,,,,,,6ff1e084d7e1de5bce526a9952c96fbb0f13b4f2c615b0fc30c055f88bfb5483,,EXACT_CANONICAL_NOT_FOUND,,,,,,,,ccfc7e3ca85c8b80aa96eb52d4e50e07e1811d28916b544280d8a4f1a043ba72,,EXACT_CANONICAL_NOT_FOUND,,,,,,,,e6e19630a9415359fba90888864d17313873a984ac79a3677c1d62aac943f991,
1383,APIACEAE,Laserpitium eliasii,NO_API_TAXON,False,KEEP_TAXONIC_RESPONSE,2026-08-19T17:29:43.540545+00:00,EXACT_CANONICAL_FOUND,Laserpitium eliasii,Laserpitium eliasii,Sennen & Pau,Synonym,,3327188,2340904,6ff1e084d7e1de5bce526a9952c96fbb0f13b4f2c615b0fc30c055f88bfb5483,,EXACT_CANONICAL_FOUND,Laserpitium eliasii,Laserpitium eliasii,Sennen & Pau,Synonym,,wfo-0001356732,wfo-0000360342,ccfc7e3ca85c8b80aa96eb52d4e50e07e1811d28916b544280d8a4f1a043ba72,,EXACT_CANONICAL_FOUND,Laserpitium eliasii,Laserpitium eliasii Sennen & Pau,Sennen & Pau,,,,FUND. BIODIVERSIDAD:ANTHOS:28437,e6e19630a9415359fba90888864d17313873a984ac79a3677c1d62aac943f991,
1384,APIACEAE,Laserpitium gallicum,NO_API_TAXON,False,KEEP_TAXONIC_RESPONSE,2026-08-19T17:29:43.540560+00:00,EXACT_CANONICAL_FOUND,Laserpitium gallicum,Laserpitium gallicum,L.,Accepted,,2340906,2340906,6ff1e084d7e1de5bce526a9952c96fbb0f13b4f2c615b0fc30c055f88bfb5483,,EXACT_CANONICAL_FOUND,Laserpitium gallicum,Laserpitium gallicum,L.,Accepted,,,wfo-0000360343,ccfc7e3ca85c8b80aa96eb52d4e50e07e1811d28916b544280d8a4f1a043ba72,,EXACT_CANONICAL_FOUND,Laserpitium gallicum,Laserpitium gallicum L.,L.,,,,FUND. BIODIVERSIDAD:ANTHOS:28449,e6e19630a9415359fba90888864d17313873a984ac79a3677c1d62aac943f991,
1385,APIACEAE,Laserpitium latifolium,NO_API_TAXON,False,KEEP_TAXONIC_RESPONSE,2026-08-19T17:29:43.540572+00:00,EXACT_CANONICAL_FOUND,Laserpitium latifolium,Laserpitium latifolium,L.,Accepted,,2341603,2341603,6ff1e084d7e1de5bce526a9952c96fbb0f13b4f2c615b0fc30c055f88bfb5483,,EXACT_CANONICAL_FOUND,Laserpitium latifolium,Laserpitium latifolium,L.,Accepted,,,wfo-0000360756,ccfc7e3ca85c8b80aa96eb52d4e50e07e1811d28916b544280d8a4f1a043ba72,,EXACT_CANONICAL_FOUND,Laserpitium latifolium,Laserpitium latifolium L.,L.,,,,FUND. BIODIVERSIDAD:ANTHOS:28404,e6e19630a9415359fba90888864d17313873a984ac79a3677c1d62aac943f991,
1386,APIACEAE,Laserpitium siler,NO_API_TAXON,False,KEEP_TAXONIC_RESPONSE,2026-08-19T17:29:43.540585+00:00,EXACT_CANONICAL_FOUND,Laserpitium siler,Laserpitium siler,L.,Synonym,,2479342,2341529,6ff1e084d7e1de5bce526a9952c96fbb0f13b4f2c615b0fc30c055f88bfb5483,,EXACT_CANONICAL_FOUND,Laserpitium siler,Laserpitium siler,L.,Synonym,,wfo-0000434569,wfo-0000360696,ccfc7e3ca85c8b80aa96eb52d4e50e07e1811d28916b544280d8a4f1a043ba72,,EXACT_CANONICAL_FOUND,Laserpitium siler,Laserpitium siler L.,L.,,,,FUND. BIODIVERSIDAD:ANTHOS:28396,e6e19630a9415359fba90888864d17313873a984ac79a3677c1d62aac943f991,
1387,DRYOPTERIDACEAE,Lastrea limbosperma,NO_API_TAXON,False,KEEP_TAXONIC_RESPONSE,2026-08-19T17:29:43.540598+00:00,EXACT_CANONICAL_FOUND,Lastrea limbosperma,Lastrea limbosperma,(All.) Holub & Pouzar,Synonym,,3169475,3169465,6ff1e084d7e1de5bce526a9952c96fbb0f13b4f2c615b0fc30c055f88bfb5483,,EXACT_CANONICAL_FOUND,Lastrea limbosperma,Lastrea limbosperma,(All.) Holub & Pouzar,Synonym,,wfo-0001116371,wfo-0001111171,ccfc7e3ca85c8b80aa96eb52d4e50e07e1811d28916b544280d8a4f1a043ba72,,EXACT_CANONICAL_FOUND,Lastrea limbosperma,Lastrea limbosperma (All.) Holub & Pouzar,(All.) Holub & Pouzar,,,,FUND. BIODIVERSIDAD:ANTHOS:19387,e6e19630a9415359fba90888864d17313873a984ac79a3677c1d62aac943f991,
1388,OROBANCHACEAE,Lathraea clandestina,NO_API_TAXON,False,KEEP_TAXONIC_RESPONSE,2026-08-19T17:29:43.540612+00:00,EXACT_CANONICAL_FOUND,Lathraea clandestina,Lathraea clandestina,L.,Accepted,,2497818,2497818,6ff1e084d7e1de5bce526a9952c96fbb0f13b4f2c615b0fc30c055f88bfb5483,,EXACT_CANONICAL_FOUND,Lathraea clandestina,Lathraea clandestina,L.,Accepted,,,wfo-0000445595,ccfc7e3ca85c8b80aa96eb52d4e50e07e1811d28916b544280d8a4f1a043ba72,,EXACT_CANONICAL_FOUND,Lathraea clandestina,Lathraea clandestina L.,L.,,,,FUND. BIODIVERSIDAD:ANTHOS:31685,e6e19630a9415359fba90888864d17313873a984ac79a3677c1d62aac943f991,
1395,FABACEAE,Lathyrus laevigatus subsp. occidentalis,NO_API_TAXON,False,KEEP_TAXONIC_RESPONSE,2026-08-19T17:29:43.540626+00:00,EXACT_CANONICAL_FOUND,Lathyrus laevigatus subsp. occidentalis,Lathyrus laevigatus subsp. occidentalis,(Fisch. & C.A.Mey.) Breistr.,Synonym,,2350642,2872723,6ff1e084d7e1de5bce526a9952c96fbb0f13b4f2c615b0fc30c055f88bfb5483,,EXACT_CANONICAL_FOUND,Lathyrus laevigatus subsp. occidentalis,Lathyrus laevigatus subsp. occidentalis,(Fisch. & C.A.Mey.) Breistr.,Synonym,,wfo-0001368594,wfo-0000214136,ccfc7e3ca85c8b80aa96eb52d4e50e07e1811d28916b544280d8a4f1a043ba72,,EXACT_CANONICAL_NOT_FOUND,,,,,,,,e6e19630a9415359fba90888864d17313873a984ac79a3677c1d62aac943f991,
1399,FABACEAE,Lathyrus niger subsp. niger,NO_EXACT_MATCH,False,KEEP_TAXONIC_RESPONSE,2026-08-19T17:29:43.540642+00:00,EXACT_CANONICAL_FOUND,Lathyrus niger subsp. niger,Lathyrus niger subsp. niger,,Accepted,,3013392,3013392,6ff1e084d7e1de5bce526a9952c96fbb0f13b4f2c615b0fc30c055f88bfb5483,,EXACT_CANONICAL_FOUND,Lathyrus niger subsp. niger,Lathyrus niger subsp. niger,,Accepted,,,wfo-0000212695,ccfc7e3ca85c8b80aa96eb52d4e50e07e1811d28916b544280d8a4f1a043ba72,,EXACT_CANONICAL_NOT_FOUND,,,,,,,,e6e19630a9415359fba90888864d17313873a984ac79a3677c1d62aac943f991,
1400,FABACEAE,Lathyrus nudicaulis,NO_API_TAXON,False,KEEP_TAXONIC_RESPONSE,2026-08-19T17:29:43.540656+00:00,EXACT_CANONICAL_FOUND,Lathyrus nudicaulis,Lathyrus nudicaulis,(Willk.) Amo,Synonym,,2873036,2350674,6ff1e084d7e1de5bce526a9952c96fbb0f13b4f2c615b0fc30c055f88bfb5483,,EXACT_CANONICAL_FOUND,Lathyrus nudicaulis,Lathyrus nudicaulis,(Willk.) Amo,Synonym,,wfo-0000214140,wfo-1000001870,ccfc7e3ca85c8b80aa96eb52d4e50e07e1811d28916b544280d8a4f1a043ba72,,EXACT_CANONICAL_FOUND,Lathyrus nudicaulis,Lathyrus nudicaulis (Willk.) Amo,(Willk.) Amo,,,,FUND. BIODIVERSIDAD:ANTHOS:24997,e6e19630a9415359fba90888864d17313873a984ac79a3677c1d62aac943f991,
1401,FABACEAE,Lathyrus occidentalis,NO_API_TAXON,False,KEEP_TAXONIC_RESPONSE,2026-08-19T17:29:43.540670+00:00,EXACT_CANONICAL_FOUND,Lathyrus occidentalis,Lathyrus occidentalis,(Fisch. & C.A.Mey.) Fritsch,Synonym,,2350642,2350670,6ff1e084d7e1de5bce526a9952c96fbb0f13b4f2c615b0fc30c055f88bfb5483,,EXACT_CANONICAL_FOUND,Lathyrus occidentalis,Lathyrus occidentalis,Nutt.,Synonym,,wfo-0000214139,wfo-0000175841,ccfc7e3ca85c8b80aa96eb52d4e50e07e1811d28916b544280d8a4f1a043ba72,,EXACT_CANONICAL_FOUND,Lathyrus occidentalis,Lathyrus occidentalis (Fisch. & C.A. Mey.) Fritsch,(Fisch. & C.A. Mey.) Fritsch,,,,FUND. BIODIVERSIDAD:ANTHOS:24947,e6e19630a9415359fba90888864d17313873a984ac79a3677c1d62aac943f991,
1402,FABACEAE,Lathyrus pannonicus subsp. longestipulatus,NO_EXACT_MATCH,False,KEEP_TAXONIC_RESPONSE,2026-08-19T17:29:43.540684+00:00,EXACT_CANONICAL_FOUND,Lathyrus pannonicus subsp. longestipulatus,Lathyrus pannonicus subsp. longestipulatus,Laínz,Accepted,,2872729,2872729,6ff1e084d7e1de5bce526a9952c96fbb0f13b4f2c615b0fc30c055f88bfb5483,,EXACT_CANONICAL_FOUND,Lathyrus pannonicus subsp. longestipulatus,Lathyrus pannonicus subsp. longestipulatus,Laínz,Accepted,,,wfo-0000209526,ccfc7e3ca85c8b80aa96eb52d4e50e07e1811d28916b544280d8a4f1a043ba72,,EXACT_CANONICAL_FOUND,Lathyrus pannonicus subsp. longestipulatus,Lathyrus pannonicus subsp. longestipulatus M. Laínz,M. Laínz,,,,FUND. BIODIVERSIDAD:ANTHOS:67406,e6e19630a9415359fba90888864d17313873a984ac79a3677c1d62aac943f991,
1408,ASTERACEAE,Launaea pumila,NO_API_TAXON,False,KEEP_TAXONIC_RESPONSE,2026-08-19T17:29:43.540698+00:00,EXACT_CANONICAL_FOUND,Launaea pumila,Launaea pumila,Chiov.,Illegitimate,,3062835,3062834,6ff1e084d7e1de5bce526a9952c96fbb0f13b4f2c615b0fc30c055f88bfb5483,,EXACT_CANONICAL_FOUND,Launaea pumila,Launaea pumila,(Cav.) Kuntze,Accepted,,,wfo-0000091632,ccfc7e3ca85c8b80aa96eb52d4e50e07e1811d28916b544280d8a4f1a043ba72,,EXACT_CANONICAL_FOUND,Launaea pumila,Launaea pumila (Cav.) Kuntze,(Cav.) Kuntze,,,,FUND. BIODIVERSIDAD:ANTHOS:856441,e6e19630a9415359fba90888864d17313873a984ac79a3677c1d62aac943f991,
1409,ASTERACEAE,Launaea resedifolia,NO_API_TAXON,False,KEEP_TAXONIC_RESPONSE,2026-08-19T17:29:43.540710+00:00,EXACT_CANONICAL_FOUND,Launaea resedifolia,Launaea resedifolia,(L.) Kuntze,Synonym,,3062886,3226418,6ff1e084d7e1de5bce526a9952c96fbb0f13b4f2c615b0fc30c055f88bfb5483,,EXACT_CANONICAL_FOUND,Launaea resedifolia,Launaea resedifolia,Druce,Unchecked,,,wfo-0000028715,ccfc7e3ca85c8b80aa96eb52d4e50e07e1811d28916b544280d8a4f1a043ba72,,EXACT_CANONICAL_NOT_FOUND,,,,,,,,e6e19630a9415359fba90888864d17313873a984ac79a3677c1d62aac943f991,
1412,CAMPANULACEAE,Legousia castellana,NO_API_TAXON,False,KEEP_TAXONIC_RESPONSE,2026-08-19T17:29:43.540725+00:00,EXACT_CANONICAL_FOUND,Legousia castellana,Legousia castellana,(Lange) Samp.,Synonym,,352836,352872,6ff1e084d7e1de5bce526a9952c96fbb0f13b4f2c615b0fc30c055f88bfb5483,,EXACT_CANONICAL_FOUND,Legousia castellana,Legousia castellana,(Lange) Samp.,Synonym,,wfo-0000814818,wfo-0000814858,ccfc7e3ca85c8b80aa96eb52d4e50e07e1811d28916b544280d8a4f1a043ba72,,EXACT_CANONICAL_NOT_FOUND,,,,,,,,e6e19630a9415359fba90888864d17313873a984ac79a3677c1d62aac943f991,
1417,ASTERACEAE,Leontodon autumnalis,NO_API_TAXON,False,KEEP_TAXONIC_RESPONSE,2026-08-19T17:29:43.540734+00:00,EXACT_CANONICAL_FOUND,Leontodon autumnalis,Leontodon autumnalis,L.,Synonym,,3074784,3074794,6ff1e084d7e1de5bce526a9952c96fbb0f13b4f2c615b0fc30c055f88bfb5483,,EXACT_CANONICAL_FOUND,Leontodon autumnalis,Leontodon autumnalis,Oed.,Synonym,,wfo-0000022256,wfo-0000010339,ccfc7e3ca85c8b80aa96eb52d4e50e07e1811d28916b544280d8a4f1a043ba72,,EXACT_CANONICAL_NOT_FOUND,,,,,,,,e6e19630a9415359fba90888864d17313873a984ac79a3677c1d62aac943f991,
1418,ASTERACEAE,Leontodon carolipaui,NO_API_TAXON,False,NO_RESPONSE_ALL_THREE,2026-08-19T17:29:43.540743+00:00,EXACT_CANONICAL_NOT_FOUND,,,,,,,,6ff1e084d7e1de5bce526a9952c96fbb0f13b4f2c615b0fc30c055f88bfb5483,,EXACT_CANONICAL_NOT_FOUND,,,,,,,,ccfc7e3ca85c8b80aa96eb52d4e50e07e1811d28916b544280d8a4f1a043ba72,,EXACT_CANONICAL_NOT_FOUND,,,,,,,,e6e19630a9415359fba90888864d17313873a984ac79a3677c1d62aac943f991,
1420,ASTERACEAE,Leontodon taraxacoides,NO_API_TAXON,False,KEEP_TAXONIC_RESPONSE,2026-08-19T17:29:43.540753+00:00,EXACT_CANONICAL_FOUND,Leontodon taraxacoides,Leontodon taraxacoides,(Vill.) Willd. ex Mérat,Illegitimate,,3075222,3075200,6ff1e084d7e1de5bce526a9952c96fbb0f13b4f2c615b0fc30c055f88bfb5483,,EXACT_CANONICAL_FOUND,Leontodon taraxacoides,Leontodon taraxacoides,Hoppe & Hornsch.,Synonym,,wfo-0000008241,wfo-0000001580,ccfc7e3ca85c8b80aa96eb52d4e50e07e1811d28916b544280d8a4f1a043ba72,,EXACT_CANONICAL_NOT_FOUND,,,,,,,,e6e19630a9415359fba90888864d17313873a984ac79a3677c1d62aac943f991,
1429,ASTERACEAE,Leucanthemopsis alpina,NO_API_TAXON,False,KEEP_TAXONIC_RESPONSE,2026-08-19T17:29:43.540763+00:00,EXACT_CANONICAL_FOUND,Leucanthemopsis alpina,Leucanthemopsis alpina,(L.) Heywood,Accepted,,3111935,3111935,6ff1e084d7e1de5bce526a9952c96fbb0f13b4f2c615b0fc30c055f88bfb5483,,EXACT_CANONICAL_FOUND,Leucanthemopsis alpina,Leucanthemopsis alpina,(L.) Heywood,Accepted,,,wfo-0000123323,ccfc7e3ca85c8b80aa96eb52d4e50e07e1811d28916b544280d8a4f1a043ba72,,EXACT_CANONICAL_FOUND,Leucanthemopsis alpina,Leucanthemopsis alpina (L.) Heywood,(L.) Heywood,,,,FUND. BIODIVERSIDAD:ANTHOS:43257,e6e19630a9415359fba90888864d17313873a984ac79a3677c1d62aac943f991,
1430,ASTERACEAE,Leucanthemopsis alpina subsp. cuneata,NO_API_TAXON,False,KEEP_TAXONIC_RESPONSE,2026-08-19T17:29:43.540774+00:00,EXACT_CANONICAL_FOUND,Leucanthemopsis alpina subsp. cuneata,Leucanthemopsis alpina subsp. cuneata,(Pau) Heywood,Synonym,,3111946,3111947,6ff1e084d7e1de5bce526a9952c96fbb0f13b4f2c615b0fc30c055f88bfb5483,,EXACT_CANONICAL_FOUND,Leucanthemopsis alpina subsp. cuneata,Leucanthemopsis alpina subsp. cuneata,(Pau) Heywood,Accepted,,,wfo-0000105389,ccfc7e3ca85c8b80aa96eb52d4e50e07e1811d28916b544280d8a4f1a043ba72,,EXACT_CANONICAL_FOUND,Leucanthemopsis alpina subsp. cuneata,Leucanthemopsis alpina subsp. cuneata (Pau) Heywood,(Pau) Heywood,,,,FUND. BIODIVERSIDAD:ANTHOS:87386,e6e19630a9415359fba90888864d17313873a984ac79a3677c1d62aac943f991,
1431,ASTERACEAE,Leucanthemopsis pallida,NO_API_TAXON,False,KEEP_TAXONIC_RESPONSE,2026-08-19T17:29:43.540785+00:00,EXACT_CANONICAL_FOUND,Leucanthemopsis pallida,Leucanthemopsis pallida,(Mill.) Heywood,Accepted,,3111979,3111979,6ff1e084d7e1de5bce526a9952c96fbb0f13b4f2c615b0fc30c055f88bfb5483,,EXACT_CANONICAL_FOUND,Leucanthemopsis pallida,Leucanthemopsis pallida,(Mill.) Heywood,Accepted,,,wfo-0000075476,ccfc7e3ca85c8b80aa96eb52d4e50e07e1811d28916b544280d8a4f1a043ba72,,EXACT_CANONICAL_FOUND,Leucanthemopsis pallida,Leucanthemopsis pallida (Mill.) Heywood,(Mill.) Heywood,,,,FUND. BIODIVERSIDAD:ANTHOS:33253,e6e19630a9415359fba90888864d17313873a984ac79a3677c1d62aac943f991,
1432,ASTERACEAE,Leucanthemopsis pulverulenta,NO_API_TAXON,False,KEEP_TAXONIC_RESPONSE,2026-08-19T17:29:43.540795+00:00,EXACT_CANONICAL_FOUND,Leucanthemopsis pulverulenta,Leucanthemopsis pulverulenta,(Lag.) Heywood,Accepted,,3112013,3112013,6ff1e084d7e1de5bce526a9952c96fbb0f13b4f2c615b0fc30c055f88bfb5483,,EXACT_CANONICAL_FOUND,Leucanthemopsis pulverulenta,Leucanthemopsis pulverulenta,(Lag.) Heywood,Accepted,,,wfo-0000139274,ccfc7e3ca85c8b80aa96eb52d4e50e07e1811d28916b544280d8a4f1a043ba72,,EXACT_CANONICAL_FOUND,Leucanthemopsis pulverulenta,Leucanthemopsis pulverulenta (Lag.) Heywood,(Lag.) Heywood,,,,FUND. BIODIVERSIDAD:ANTHOS:1124997,e6e19630a9415359fba90888864d17313873a984ac79a3677c1d62aac943f991,
1433,ASTERACEAE,Leucanthemum cantabricum,NO_API_TAXON,False,KEEP_TAXONIC_RESPONSE,2026-08-19T17:29:43.540805+00:00,EXACT_CANONICAL_FOUND,Leucanthemum cantabricum,Leucanthemum cantabricum,Sennen,Accepted,,3112659,3112659,6ff1e084d7e1de5bce526a9952c96fbb0f13b4f2c615b0fc30c055f88bfb5483,,EXACT_CANONICAL_FOUND,Leucanthemum cantabricum,Leucanthemum cantabricum,Sennen,Synonym,,wfo-0000118895,wfo-0000040524,ccfc7e3ca85c8b80aa96eb52d4e50e07e1811d28916b544280d8a4f1a043ba72,,EXACT_CANONICAL_NOT_FOUND,,,,,,,,e6e19630a9415359fba90888864d17313873a984ac79a3677c1d62aac943f991,
1434,ASTERACEAE,Leucanthemum gaudinii,NO_API_TAXON,False,KEEP_TAXONIC_RESPONSE,2026-08-19T17:29:43.540815+00:00,EXACT_CANONICAL_FOUND,Leucanthemum gaudinii,Leucanthemum gaudinii,Dalla Torre,Accepted,,3112623,3112623,6ff1e084d7e1de5bce526a9952c96fbb0f13b4f2c615b0fc30c055f88bfb5483,,EXACT_CANONICAL_FOUND,Leucanthemum gaudinii,Leucanthemum gaudinii,Dalla Torre,Accepted,,,wfo-0000010619,ccfc7e3ca85c8b80aa96eb52d4e50e07e1811d28916b544280d8a4f1a043ba72,,EXACT_CANONICAL_NOT_FOUND,,,,,,,,e6e19630a9415359fba90888864d17313873a984ac79a3677c1d62aac943f991,
1435,ASTERACEAE,Leucanthemum ircutianum,NO_API_TAXON,False,KEEP_TAXONIC_RESPONSE,2026-08-19T17:29:43.540825+00:00,EXACT_CANONICAL_FOUND,Leucanthemum ircutianum,Leucanthemum ircutianum,DC.,Accepted,,3112265,3112265,6ff1e084d7e1de5bce526a9952c96fbb0f13b4f2c615b0fc30c055f88bfb5483,,EXACT_CANONICAL_FOUND,Leucanthemum ircutianum,Leucanthemum ircutianum,DC.,Accepted,,,wfo-0000092791,ccfc7e3ca85c8b80aa96eb52d4e50e07e1811d28916b544280d8a4f1a043ba72,,EXACT_CANONICAL_FOUND,Leucanthemum ircutianum,Leucanthemum ircutianum DC.,DC.,,,,FUND. BIODIVERSIDAD:ANTHOS:964920,e6e19630a9415359fba90888864d17313873a984ac79a3677c1d62aac943f991,
1436,ASTERACEAE,Leucanthemum pallens,NO_API_TAXON,False,KEEP_TAXONIC_RESPONSE,2026-08-19T17:29:43.540835+00:00,EXACT_CANONICAL_FOUND,Leucanthemum pallens,Leucanthemum pallens,(J.Gay ex Perreym.) DC.,Accepted,,3112732,3112732,6ff1e084d7e1de5bce526a9952c96fbb0f13b4f2c615b0fc30c055f88bfb5483,,EXACT_CANONICAL_FOUND,Leucanthemum pallens,Leucanthemum pallens,DC.,Accepted,,,wfo-0000126509,ccfc7e3ca85c8b80aa96eb52d4e50e07e1811d28916b544280d8a4f1a043ba72,,EXACT_CANONICAL_FOUND,Leucanthemum pallens,Leucanthemum pallens (Perreym.) DC.,(Perreym.) DC.,,,,FUND. BIODIVERSIDAD:ANTHOS:492640,e6e19630a9415359fba90888864d17313873a984ac79a3677c1d62aac943f991,
1437,ASTERACEAE,Leucanthemum vulgare subsp. eliasii,NO_EXACT_MATCH,False,KEEP_TAXONIC_RESPONSE,2026-08-19T17:29:43.540846+00:00,EXACT_CANONICAL_FOUND,Leucanthemum vulgare subsp. eliasii,Leucanthemum vulgare subsp. eliasii,(Sennen & Pau) Sennen & Pau,Synonym,,3112615,3255465,6ff1e084d7e1de5bce526a9952c96fbb0f13b4f2c615b0fc30c055f88bfb5483,,EXACT_CANONICAL_FOUND,Leucanthemum vulgare subsp. eliasii,Leucanthemum vulgare subsp. eliasii,(Sennen & Pau) Sennen & Pau,Accepted,,,wfo-0000105789,ccfc7e3ca85c8b80aa96eb52d4e50e07e1811d28916b544280d8a4f1a043ba72,,EXACT_CANONICAL_FOUND,Leucanthemum vulgare subsp. eliasii,Leucanthemum vulgare subsp. eliasii (Sennen & Pau) Sennen & Pau,(Sennen & Pau) Sennen & Pau,,,,FUND. BIODIVERSIDAD:ANTHOS:1127929,e6e19630a9415359fba90888864d17313873a984ac79a3677c1d62aac943f991,
1438,ASTERACEAE,Leucanthemum vulgare subsp. pujulae,NO_EXACT_MATCH,False,NO_RESPONSE_ALL_THREE,2026-08-19T17:29:43.540857+00:00,EXACT_CANONICAL_NOT_FOUND,,,,,,,,6ff1e084d7e1de5bce526a9952c96fbb0f13b4f2c615b0fc30c055f88bfb5483,,EXACT_CANONICAL_NOT_FOUND,,,,,,,,ccfc7e3ca85c8b80aa96eb52d4e50e07e1811d28916b544280d8a4f1a043ba72,,EXACT_CANONICAL_NOT_FOUND,,,,,,,,e6e19630a9415359fba90888864d17313873a984ac79a3677c1d62aac943f991,
1442,IRIDACEAE,Limniris pseudacorus,NO_API_TAXON,False,KEEP_TAXONIC_RESPONSE,2026-08-19T17:29:43.540868+00:00,EXACT_CANONICAL_FOUND,Limniris pseudacorus,Limniris pseudacorus,(L.) Fuss,Synonym,,322261,323143,6ff1e084d7e1de5bce526a9952c96fbb0f13b4f2c615b0fc30c055f88bfb5483,,EXACT_CANONICAL_FOUND,Limniris pseudacorus,Limniris pseudacorus,(L.) Fuss,Synonym,,wfo-0000783754,wfo-0000784621,ccfc7e3ca85c8b80aa96eb52d4e50e07e1811d28916b544280d8a4f1a043ba72,,EXACT_CANONICAL_FOUND,Limniris pseudacorus,Limniris pseudacorus (L.) Fuss,(L.) Fuss,,,,FUND. BIODIVERSIDAD:ANTHOS:35620,e6e19630a9415359fba90888864d17313873a984ac79a3677c1d62aac943f991,
1445,PLUMBAGINACEAE,Limonium hibericum,NO_API_TAXON,False,KEEP_TAXONIC_RESPONSE,2026-08-19T17:29:43.540879+00:00,EXACT_CANONICAL_FOUND,Limonium hibericum,Limonium hibericum,Erben,Accepted,,2495783,2495783,6ff1e084d7e1de5bce526a9952c96fbb0f13b4f2c615b0fc30c055f88bfb5483,,EXACT_CANONICAL_FOUND,Limonium hibericum,Limonium hibericum,Erben,Accepted,,,wfo-0000444696,ccfc7e3ca85c8b80aa96eb52d4e50e07e1811d28916b544280d8a4f1a043ba72,,EXACT_CANONICAL_FOUND,Limonium hibericum,Limonium hibericum Erben,Erben,,,,FUND. BIODIVERSIDAD:ANTHOS:940681,e6e19630a9415359fba90888864d17313873a984ac79a3677c1d62aac943f991,
1446,PLUMBAGINACEAE,Limonium paui,NO_API_TAXON,False,KEEP_TAXONIC_RESPONSE,2026-08-19T17:29:43.540888+00:00,EXACT_CANONICAL_NOT_FOUND,,,,,,,,6ff1e084d7e1de5bce526a9952c96fbb0f13b4f2c615b0fc30c055f88bfb5483,,EXACT_CANONICAL_FOUND,Limonium paui,Limonium paui,Cámara & Sennen,Accepted,,,wfo-0001303748,ccfc7e3ca85c8b80aa96eb52d4e50e07e1811d28916b544280d8a4f1a043ba72,,EXACT_CANONICAL_FOUND,Limonium paui,Limonium paui Cámara & Sennen in Sennen,Cámara & Sennen in Sennen,,,,FUND. BIODIVERSIDAD:ANTHOS:1641954,e6e19630a9415359fba90888864d17313873a984ac79a3677c1d62aac943f991,
1447,PLUMBAGINACEAE,Limonium ruizii,NO_API_TAXON,False,KEEP_TAXONIC_RESPONSE,2026-08-19T17:29:43.540921+00:00,EXACT_CANONICAL_FOUND,Limonium ruizii,Limonium ruizii,(Font Quer) Fern.Casas,Accepted,,2494987,2494987,6ff1e084d7e1de5bce526a9952c96fbb0f13b4f2c615b0fc30c055f88bfb5483,,EXACT_CANONICAL_FOUND,Limonium ruizii,Limonium ruizii,(Font Quer) Fern.Casas,Accepted,,,wfo-0000444126,ccfc7e3ca85c8b80aa96eb52d4e50e07e1811d28916b544280d8a4f1a043ba72,,EXACT_CANONICAL_FOUND,Limonium ruizii,Limonium ruizii (Font Quer) Fern. Casas,(Font Quer) Fern. Casas,,,,FUND. BIODIVERSIDAD:ANTHOS:1819624,e6e19630a9415359fba90888864d17313873a984ac79a3677c1d62aac943f991,
1448,PLANTAGINACEAE,Linaria aeruginea,NO_API_TAXON,False,KEEP_TAXONIC_RESPONSE,2026-08-19T17:29:43.540934+00:00,EXACT_CANONICAL_FOUND,Linaria aeruginea,Linaria aeruginea,(Gouan) Cav.,Accepted,,2498133,2498133,6ff1e084d7e1de5bce526a9952c96fbb0f13b4f2c615b0fc30c055f88bfb5483,,EXACT_CANONICAL_FOUND,Linaria aeruginea,Linaria aeruginea,(Gouan) Cav.,Accepted,,,wfo-0000445844,ccfc7e3ca85c8b80aa96eb52d4e50e07e1811d28916b544280d8a4f1a043ba72,,EXACT_CANONICAL_FOUND,Linaria aeruginea,Linaria aeruginea (Gouan) Cav.,(Gouan) Cav.,,,,FUND. BIODIVERSIDAD:ANTHOS:61549,e6e19630a9415359fba90888864d17313873a984ac79a3677c1d62aac943f991,
1450,PLANTAGINACEAE,Linaria alpina var. aciculifolia,NO_EXACT_MATCH,False,KEEP_TAXONIC_RESPONSE,2026-08-19T17:29:43.540946+00:00,EXACT_CANONICAL_FOUND,Linaria alpina var. aciculifolia,Linaria alpina var. aciculifolia,(Braun-Blanq.) O.Bolòs & Vigo,Synonym,,3259564,2497942,6ff1e084d7e1de5bce526a9952c96fbb0f13b4f2c615b0fc30c055f88bfb5483,,EXACT_CANONICAL_FOUND,Linaria alpina var. aciculifolia,Linaria alpina var. aciculifolia,(Braun-Blanq.) O.Bolòs & Vigo,Synonym,,wfo-0001316365,wfo-0001390548,ccfc7e3ca85c8b80aa96eb52d4e50e07e1811d28916b544280d8a4f1a043ba72,,EXACT_CANONICAL_NOT_FOUND,,,,,,,,e6e19630a9415359fba90888864d17313873a984ac79a3677c1d62aac943f991,
1451,PLANTAGINACEAE,Linaria arvensis,NO_API_TAXON,False,KEEP_TAXONIC_RESPONSE,2026-08-19T17:29:43.540955+00:00,EXACT_CANONICAL_FOUND,Linaria arvensis,Linaria arvensis,(L.) Desf.,Accepted,,2498059,2498059,6ff1e084d7e1de5bce526a9952c96fbb0f13b4f2c615b0fc30c055f88bfb5483,,EXACT_CANONICAL_FOUND,Linaria arvensis,Linaria arvensis,(L.) Desf.,Accepted,,,wfo-0000445788,ccfc7e3ca85c8b80aa96eb52d4e50e07e1811d28916b544280d8a4f1a043ba72,,EXACT_CANONICAL_FOUND,Linaria arvensis,Linaria arvensis (L.) Desf.,(L.) Desf.,,,,FUND. BIODIVERSIDAD:ANTHOS:53190,e6e19630a9415359fba90888864d17313873a984ac79a3677c1d62aac943f991,
1452,PLANTAGINACEAE,Linaria badalii,NO_API_TAXON,False,KEEP_TAXONIC_RESPONSE,2026-08-19T17:29:43.540965+00:00,EXACT_CANONICAL_FOUND,Linaria badalii,Linaria badalii,Willk.,Accepted,,2497910,2497910,6ff1e084d7e1de5bce526a9952c96fbb0f13b4f2c615b0fc30c055f88bfb5483,,EXACT_CANONICAL_FOUND,Linaria badalii,Linaria badalii,Willk.,Accepted,,,wfo-1000059266,ccfc7e3ca85c8b80aa96eb52d4e50e07e1811d28916b544280d8a4f1a043ba72,,EXACT_CANONICAL_FOUND,Linaria badalii,Linaria badalii Loscos,Loscos,,,,FUND. BIODIVERSIDAD:ANTHOS:31094,e6e19630a9415359fba90888864d17313873a984ac79a3677c1d62aac943f991,
1453,PLANTAGINACEAE,Linaria caesia,NO_API_TAXON,False,KEEP_TAXONIC_RESPONSE,2026-08-19T17:29:43.540975+00:00,EXACT_CANONICAL_FOUND,Linaria caesia,Linaria caesia,(Lag. ex Pers.) F.Dietr.,Accepted,,2497974,2497974,6ff1e084d7e1de5bce526a9952c96fbb0f13b4f2c615b0fc30c055f88bfb5483,,EXACT_CANONICAL_FOUND,Linaria caesia,Linaria caesia,(Lag. ex Pers.) F.Dietr.,Accepted,,,wfo-0000445711,ccfc7e3ca85c8b80aa96eb52d4e50e07e1811d28916b544280d8a4f1a043ba72,,EXACT_CANONICAL_FOUND,Linaria caesia,Linaria caesia (Pers.) F. Dietr.,(Pers.) F. Dietr.,,,,FUND. BIODIVERSIDAD:ANTHOS:47861,e6e19630a9415359fba90888864d17313873a984ac79a3677c1d62aac943f991,
1454,PLANTAGINACEAE,Linaria elegans,NO_API_TAXON,False,KEEP_TAXONIC_RESPONSE,2026-08-19T17:29:43.540984+00:00,EXACT_CANONICAL_FOUND,Linaria elegans,Linaria elegans,E.Vilm.,Invalid,,2498000,2499462,6ff1e084d7e1de5bce526a9952c96fbb0f13b4f2c615b0fc30c055f88bfb5483,,EXACT_CANONICAL_FOUND,Linaria elegans,Linaria elegans,Cav.,Accepted,,,wfo-0000446758,ccfc7e3ca85c8b80aa96eb52d4e50e07e1811d28916b544280d8a4f1a043ba72,,EXACT_CANONICAL_FOUND,Linaria elegans,Linaria elegans Cav.,Cav.,,,,FUND. BIODIVERSIDAD:ANTHOS:48774,e6e19630a9415359fba90888864d17313873a984ac79a3677c1d62aac943f991,
1455,PLANTAGINACEAE,Linaria glauca,NO_API_TAXON,False,KEEP_TAXONIC_RESPONSE,2026-08-19T17:29:43.540995+00:00,EXACT_CANONICAL_FOUND,Linaria glauca,Linaria glauca,Ehrenb. ex Boiss.,Invalid,,2497938,2499508,6ff1e084d7e1de5bce526a9952c96fbb0f13b4f2c615b0fc30c055f88bfb5483,,EXACT_CANONICAL_FOUND,Linaria glauca,Linaria glauca,(L.) Cav.,Accepted,,,wfo-0000446811,ccfc7e3ca85c8b80aa96eb52d4e50e07e1811d28916b544280d8a4f1a043ba72,,EXACT_CANONICAL_FOUND,Linaria glauca,Linaria glauca (L.) Chaz.,(L.) Chaz.,,,,FUND. BIODIVERSIDAD:ANTHOS:55656,e6e19630a9415359fba90888864d17313873a984ac79a3677c1d62aac943f991,
1457,PLANTAGINACEAE,Linaria oblongifolia subsp. aragonensis,NO_API_TAXON,False,KEEP_TAXONIC_RESPONSE,2026-08-19T17:29:43.541005+00:00,EXACT_CANONICAL_FOUND,Linaria oblongifolia subsp. aragonensis,Linaria oblongifolia subsp. aragonensis,(Lange) D.A.Sutton,Accepted,,2499382,2499382,6ff1e084d7e1de5bce526a9952c96fbb0f13b4f2c615b0fc30c055f88bfb5483,,EXACT_CANONICAL_FOUND,Linaria oblongifolia subsp. aragonensis,Linaria oblongifolia subsp. aragonensis,(Lange) D.A.Sutton,Accepted,,,wfo-0000446686,ccfc7e3ca85c8b80aa96eb52d4e50e07e1811d28916b544280d8a4f1a043ba72,,EXACT_CANONICAL_FOUND,Linaria oblongifolia subsp. aragonensis,Linaria oblongifolia subsp. aragonensis (Lange) D.A. Sutton,(Lange) D.A. Sutton,,,,FUND. BIODIVERSIDAD:ANTHOS:925248,e6e19630a9415359fba90888864d17313873a984ac79a3677c1d62aac943f991,
1458,PLANTAGINACEAE,Linaria propinqua,NO_API_TAXON,False,KEEP_TAXONIC_RESPONSE,2026-08-19T17:29:43.541016+00:00,EXACT_CANONICAL_FOUND,Linaria propinqua,Linaria propinqua,R.Br.,Invalid,,2382580,2499738,6ff1e084d7e1de5bce526a9952c96fbb0f13b4f2c615b0fc30c055f88bfb5483,,EXACT_CANONICAL_FOUND,Linaria propinqua,Linaria propinqua,Boiss. & Reut.,Accepted,,,wfo-0000447077,ccfc7e3ca85c8b80aa96eb52d4e50e07e1811d28916b544280d8a4f1a043ba72,,EXACT_CANONICAL_FOUND,Linaria propinqua,Linaria propinqua Boiss. & Reut.,Boiss. & Reut.,,,,FUND. BIODIVERSIDAD:ANTHOS:31102,e6e19630a9415359fba90888864d17313873a984ac79a3677c1d62aac943f991,
1459,PLANTAGINACEAE,Linaria proxima,NO_API_TAXON,False,KEEP_TAXONIC_RESPONSE,2026-08-19T17:29:43.541025+00:00,EXACT_CANONICAL_FOUND,Linaria proxima,Linaria proxima,Coincy,Synonym,,2497910,2499857,6ff1e084d7e1de5bce526a9952c96fbb0f13b4f2c615b0fc30c055f88bfb5483,,EXACT_CANONICAL_FOUND,Linaria proxima,Linaria proxima,Coincy,Synonym,,wfo-1000059266,wfo-0000447108,ccfc7e3ca85c8b80aa96eb52d4e50e07e1811d28916b544280d8a4f1a043ba72,,EXACT_CANONICAL_NOT_FOUND,,,,,,,,e6e19630a9415359fba90888864d17313873a984ac79a3677c1d62aac943f991,
1460,PLANTAGINACEAE,Linaria repens,NO_API_TAXON,False,KEEP_TAXONIC_RESPONSE,2026-08-19T17:29:43.541036+00:00,EXACT_CANONICAL_FOUND,Linaria repens,Linaria repens,(L.) Mill.,Accepted,,2499819,2499819,6ff1e084d7e1de5bce526a9952c96fbb0f13b4f2c615b0fc30c055f88bfb5483,,EXACT_CANONICAL_FOUND,Linaria repens,Linaria repens,(L.) Mill.,Accepted,,,wfo-0000447080,ccfc7e3ca85c8b80aa96eb52d4e50e07e1811d28916b544280d8a4f1a043ba72,,EXACT_CANONICAL_FOUND,Linaria repens,Linaria repens (L.) Mill.,(L.) Mill.,,,,FUND. BIODIVERSIDAD:ANTHOS:31079,e6e19630a9415359fba90888864d17313873a984ac79a3677c1d62aac943f991,
1461,PLANTAGINACEAE,Linaria saxatilis,NO_API_TAXON,False,KEEP_TAXONIC_RESPONSE,2026-08-19T17:29:43.541044+00:00,EXACT_CANONICAL_FOUND,Linaria saxatilis,Linaria saxatilis,Benth.,Unplaced,,,2499618,6ff1e084d7e1de5bce526a9952c96fbb0f13b4f2c615b0fc30c055f88bfb5483,,EXACT_CANONICAL_FOUND,Linaria saxatilis,Linaria saxatilis,(L.) Chaz.,Accepted,,,wfo-0000446920,ccfc7e3ca85c8b80aa96eb52d4e50e07e1811d28916b544280d8a4f1a043ba72,,EXACT_CANONICAL_FOUND,Linaria saxatilis,Linaria saxatilis (L.) Chaz.,(L.) Chaz.,,,,FUND. BIODIVERSIDAD:ANTHOS:1125152,e6e19630a9415359fba90888864d17313873a984ac79a3677c1d62aac943f991,
1463,PLANTAGINACEAE,Linaria spartea,NO_API_TAXON,False,KEEP_TAXONIC_RESPONSE,2026-08-19T17:29:43.541054+00:00,EXACT_CANONICAL_FOUND,Linaria spartea,Linaria spartea,(L.) Chaz.,Accepted,,2499593,2499593,6ff1e084d7e1de5bce526a9952c96fbb0f13b4f2c615b0fc30c055f88bfb5483,,EXACT_CANONICAL_FOUND,Linaria spartea,Linaria spartea,(L.) Willd.,Accepted,,,wfo-0000446886,ccfc7e3ca85c8b80aa96eb52d4e50e07e1811d28916b544280d8a4f1a043ba72,,EXACT_CANONICAL_FOUND,Linaria spartea,Linaria spartea (L.) Chaz.,(L.) Chaz.,,,,FUND. BIODIVERSIDAD:ANTHOS:1124797,e6e19630a9415359fba90888864d17313873a984ac79a3677c1d62aac943f991,
1464,PLANTAGINACEAE,Linaria supina,NO_API_TAXON,False,KEEP_TAXONIC_RESPONSE,2026-08-19T17:29:43.541063+00:00,EXACT_CANONICAL_FOUND,Linaria supina,Linaria supina,(L.) Chaz.,Accepted,,2499603,2499603,6ff1e084d7e1de5bce526a9952c96fbb0f13b4f2c615b0fc30c055f88bfb5483,,EXACT_CANONICAL_FOUND,Linaria supina,Linaria supina,(L.) Chaz.,Accepted,,,wfo-0000446895,ccfc7e3ca85c8b80aa96eb52d4e50e07e1811d28916b544280d8a4f1a043ba72,,EXACT_CANONICAL_FOUND,Linaria supina,Linaria supina (L.) Chaz.,(L.) Chaz.,,,,FUND. BIODIVERSIDAD:ANTHOS:40731,e6e19630a9415359fba90888864d17313873a984ac79a3677c1d62aac943f991,
1465,PLUMBAGINACEAE,Linomium paui,NO_API_TAXON,False,NO_RESPONSE_ALL_THREE,2026-08-19T17:29:43.541075+00:00,EXACT_CANONICAL_NOT_FOUND,,,,,,,,6ff1e084d7e1de5bce526a9952c96fbb0f13b4f2c615b0fc30c055f88bfb5483,,EXACT_CANONICAL_NOT_FOUND,,,,,,,,ccfc7e3ca85c8b80aa96eb52d4e50e07e1811d28916b544280d8a4f1a043ba72,,EXACT_CANONICAL_NOT_FOUND,,,,,,,,e6e19630a9415359fba90888864d17313873a984ac79a3677c1d62aac943f991,
1466,LINACEAE,Linum appressum subsp. commutatum,NO_API_TAXON,False,KEEP_TAXONIC_RESPONSE,2026-08-19T17:29:43.541086+00:00,EXACT_CANONICAL_FOUND,Linum appressum subsp. commutatum,Linum appressum subsp. commutatum,Mart.Labarga & Muñoz Garm.,Accepted,,3009590,3009590,6ff1e084d7e1de5bce526a9952c96fbb0f13b4f2c615b0fc30c055f88bfb5483,,EXACT_CANONICAL_FOUND,Linum appressum subsp. commutatum,Linum appressum subsp. commutatum,Mart.Labarga & Muñoz Garm.,Accepted,,,wfo-0001368411,ccfc7e3ca85c8b80aa96eb52d4e50e07e1811d28916b544280d8a4f1a043ba72,,EXACT_CANONICAL_NOT_FOUND,,,,,,,,e6e19630a9415359fba90888864d17313873a984ac79a3677c1d62aac943f991,
1467,LINACEAE,Linum appressum subsp. permixtum,NO_API_TAXON,False,KEEP_TAXONIC_RESPONSE,2026-08-19T17:29:43.541096+00:00,EXACT_CANONICAL_FOUND,Linum appressum subsp. permixtum,Linum appressum subsp. permixtum,Mart.Labarga & Muñoz Garm.,Accepted,,3009580,3009580,6ff1e084d7e1de5bce526a9952c96fbb0f13b4f2c615b0fc30c055f88bfb5483,,EXACT_CANONICAL_FOUND,Linum appressum subsp. permixtum,Linum appressum subsp. permixtum,Mart.Labarga & Muñoz Garm.,Accepted,,,wfo-0001368412,ccfc7e3ca85c8b80aa96eb52d4e50e07e1811d28916b544280d8a4f1a043ba72,,EXACT_CANONICAL_NOT_FOUND,,,,,,,,e6e19630a9415359fba90888864d17313873a984ac79a3677c1d62aac943f991,
1471,LINACEAE,Linum narbonense,NO_API_TAXON,False,KEEP_TAXONIC_RESPONSE,2026-08-19T17:29:43.541106+00:00,EXACT_CANONICAL_FOUND,Linum narbonense,Linum narbonense,L.,Accepted,,2347120,2347120,6ff1e084d7e1de5bce526a9952c96fbb0f13b4f2c615b0fc30c055f88bfb5483,,EXACT_CANONICAL_FOUND,Linum narbonense,Linum narbonense,L.,Accepted,,,wfo-0000363269,ccfc7e3ca85c8b80aa96eb52d4e50e07e1811d28916b544280d8a4f1a043ba72,,EXACT_CANONICAL_FOUND,Linum narbonense,Linum narbonense L.,L.,,,,FUND. BIODIVERSIDAD:ANTHOS:26094,e6e19630a9415359fba90888864d17313873a984ac79a3677c1d62aac943f991,
1472,LINACEAE,Linum narbonense subsp. barrasii,NO_API_TAXON,False,KEEP_TAXONIC_RESPONSE,2026-08-19T17:29:43.541116+00:00,EXACT_CANONICAL_FOUND,Linum narbonense subsp. barrasii,Linum narbonense subsp. barrasii,(Pau) Mart.Labarga & Muñoz Garm.,Accepted,,3009606,3009606,6ff1e084d7e1de5bce526a9952c96fbb0f13b4f2c615b0fc30c055f88bfb5483,,EXACT_CANONICAL_FOUND,Linum narbonense subsp. barrasii,Linum narbonense subsp. barrasii,(Pau) Mart.Labarga & Muñoz Garm.,Accepted,,,wfo-0001368415,ccfc7e3ca85c8b80aa96eb52d4e50e07e1811d28916b544280d8a4f1a043ba72,,EXACT_CANONICAL_NOT_FOUND,,,,,,,,e6e19630a9415359fba90888864d17313873a984ac79a3677c1d62aac943f991,
1474,LINACEAE,Linum suffruticosum subsp. diferens,NO_API_TAXON,False,NO_RESPONSE_ALL_THREE,2026-08-19T17:29:43.541126+00:00,EXACT_CANONICAL_NOT_FOUND,,,,,,,,6ff1e084d7e1de5bce526a9952c96fbb0f13b4f2c615b0fc30c055f88bfb5483,,EXACT_CANONICAL_NOT_FOUND,,,,,,,,ccfc7e3ca85c8b80aa96eb52d4e50e07e1811d28916b544280d8a4f1a043ba72,,EXACT_CANONICAL_NOT_FOUND,,,,,,,,e6e19630a9415359fba90888864d17313873a984ac79a3677c1d62aac943f991,
1477,LINACEAE,Linum viscosum,NO_API_TAXON,False,KEEP_TAXONIC_RESPONSE,2026-08-19T17:29:43.541139+00:00,EXACT_CANONICAL_FOUND,Linum viscosum,Linum viscosum,L.,Accepted,,2353408,2353408,6ff1e084d7e1de5bce526a9952c96fbb0f13b4f2c615b0fc30c055f88bfb5483,,EXACT_CANONICAL_FOUND,Linum viscosum,Linum viscosum,L.,Accepted,,,wfo-0000366368,ccfc7e3ca85c8b80aa96eb52d4e50e07e1811d28916b544280d8a4f1a043ba72,,EXACT_CANONICAL_FOUND,Linum viscosum,Linum viscosum L.,L.,,,,FUND. BIODIVERSIDAD:ANTHOS:26122,e6e19630a9415359fba90888864d17313873a984ac79a3677c1d62aac943f991,
1478,BORAGINACEAE,Lithodora fruticosa,NO_API_TAXON,False,KEEP_TAXONIC_RESPONSE,2026-08-19T17:29:43.541148+00:00,EXACT_CANONICAL_FOUND,Lithodora fruticosa,Lithodora fruticosa,(L.) Griseb.,Accepted,,2343770,2343770,6ff1e084d7e1de5bce526a9952c96fbb0f13b4f2c615b0fc30c055f88bfb5483,,EXACT_CANONICAL_FOUND,Lithodora fruticosa,Lithodora fruticosa,(L.) Griseb.,Accepted,,,wfo-0000362154,ccfc7e3ca85c8b80aa96eb52d4e50e07e1811d28916b544280d8a4f1a043ba72,,EXACT_CANONICAL_FOUND,Lithodora fruticosa,Lithodora fruticosa (L.) Griseb.,(L.) Griseb.,,,,FUND. BIODIVERSIDAD:ANTHOS:29750,e6e19630a9415359fba90888864d17313873a984ac79a3677c1d62aac943f991,
1480,BORAGINACEAE,Lithospermum incrassatum,NO_API_TAXON,False,KEEP_TAXONIC_RESPONSE,2026-08-19T17:29:43.541158+00:00,EXACT_CANONICAL_FOUND,Lithospermum incrassatum,Lithospermum incrassatum,Guss.,Synonym,,2685800,2343389,6ff1e084d7e1de5bce526a9952c96fbb0f13b4f2c615b0fc30c055f88bfb5483,,EXACT_CANONICAL_FOUND,Lithospermum incrassatum,Lithospermum incrassatum,Guss.,Synonym,,wfo-0000574438,wfo-0000361840,ccfc7e3ca85c8b80aa96eb52d4e50e07e1811d28916b544280d8a4f1a043ba72,,EXACT_CANONICAL_NOT_FOUND,,,,,,,,e6e19630a9415359fba90888864d17313873a984ac79a3677c1d62aac943f991,
1484,ASTERACEAE,Logfia arvensis,NO_API_TAXON,False,KEEP_TAXONIC_RESPONSE,2026-08-19T17:29:43.541169+00:00,EXACT_CANONICAL_FOUND,Logfia arvensis,Logfia arvensis,(L.) Holub,Synonym,,3093286,3093461,6ff1e084d7e1de5bce526a9952c96fbb0f13b4f2c615b0fc30c055f88bfb5483,,EXACT_CANONICAL_FOUND,Logfia arvensis,Logfia arvensis,(L.) Holub,Synonym,,wfo-0000124987,wfo-0000086401,ccfc7e3ca85c8b80aa96eb52d4e50e07e1811d28916b544280d8a4f1a043ba72,,EXACT_CANONICAL_NOT_FOUND,,,,,,,,e6e19630a9415359fba90888864d17313873a984ac79a3677c1d62aac943f991,
1490,POACEAE,Lolium rigidum subsp. rigidum,NO_EXACT_MATCH,False,KEEP_TAXONIC_RESPONSE,2026-08-19T17:29:43.541180+00:00,EXACT_CANONICAL_FOUND,Lolium rigidum subsp. rigidum,Lolium rigidum subsp. rigidum,,Accepted,,3331878,3331878,6ff1e084d7e1de5bce526a9952c96fbb0f13b4f2c615b0fc30c055f88bfb5483,,EXACT_CANONICAL_FOUND,Lolium rigidum subsp. rigidum,Lolium rigidum subsp. rigidum,,Synonym,,wfo-0000878467,wfo-0001097768,ccfc7e3ca85c8b80aa96eb52d4e50e07e1811d28916b544280d8a4f1a043ba72,,EXACT_CANONICAL_FOUND,Lolium rigidum subsp. rigidum,Lolium rigidum subsp. rigidum Gaudin,Gaudin,,,,FUND. BIODIVERSIDAD:ANTHOS:5552,e6e19630a9415359fba90888864d17313873a984ac79a3677c1d62aac943f991,
1491,CAPRIFOLIACEAE,Lomelosia stellata,NO_API_TAXON,False,KEEP_TAXONIC_RESPONSE,2026-08-19T17:29:43.541191+00:00,EXACT_CANONICAL_FOUND,Lomelosia stellata,Lomelosia stellata,(L.) Raf.,Accepted,,2339482,2339482,6ff1e084d7e1de5bce526a9952c96fbb0f13b4f2c615b0fc30c055f88bfb5483,,EXACT_CANONICAL_FOUND,Lomelosia stellata,Lomelosia stellata,(L.) Raf.,Accepted,,,wfo-0000359376,ccfc7e3ca85c8b80aa96eb52d4e50e07e1811d28916b544280d8a4f1a043ba72,,EXACT_CANONICAL_FOUND,Lomelosia stellata,Lomelosia stellata (L.) Raf.,(L.) Raf.,,,,FUND. BIODIVERSIDAD:ANTHOS:32329,e6e19630a9415359fba90888864d17313873a984ac79a3677c1d62aac943f991,
1496,CAPRIFOLIACEAE,Lonicera periclymenum subsp. hispanica,NO_EXACT_MATCH,False,KEEP_TAXONIC_RESPONSE,2026-08-19T17:29:43.541202+00:00,EXACT_CANONICAL_FOUND,Lonicera periclymenum subsp. hispanica,Lonicera periclymenum subsp. hispanica,(Boiss. & Reut.) Nyman,Accepted,,2898334,2898334,6ff1e084d7e1de5bce526a9952c96fbb0f13b4f2c615b0fc30c055f88bfb5483,,EXACT_CANONICAL_FOUND,Lonicera periclymenum subsp. hispanica,Lonicera periclymenum subsp. hispanica,(Boiss. & Reut.) Nyman,Accepted,,,wfo-0000745404,ccfc7e3ca85c8b80aa96eb52d4e50e07e1811d28916b544280d8a4f1a043ba72,,EXACT_CANONICAL_FOUND,Lonicera periclymenum subsp. hispanica,Lonicera periclymenum subsp. hispanica (Boiss. & Reut.) Nyman,(Boiss. & Reut.) Nyman,,,,FUND. BIODIVERSIDAD:ANTHOS:1124688,e6e19630a9415359fba90888864d17313873a984ac79a3677c1d62aac943f991,
1500,FABACEAE,Lotus corniculatus subsp. alpinus,NO_EXACT_MATCH,False,KEEP_TAXONIC_RESPONSE,2026-08-19T17:29:43.541284+00:00,EXACT_CANONICAL_FOUND,Lotus corniculatus subsp. alpinus,Lotus corniculatus subsp. alpinus,(Ser.) Rothm.,Synonym,,2344677,2911939,6ff1e084d7e1de5bce526a9952c96fbb0f13b4f2c615b0fc30c055f88bfb5483,,EXACT_CANONICAL_FOUND,Lotus corniculatus subsp. alpinus,Lotus corniculatus subsp. alpinus,(Ser.) Rothm.,Synonym,,wfo-0000213835,wfo-0001427121,ccfc7e3ca85c8b80aa96eb52d4e50e07e1811d28916b544280d8a4f1a043ba72,,EXACT_CANONICAL_FOUND,Lotus corniculatus subsp. alpinus,Lotus corniculatus subsp. alpinus (Schleich. ex DC.) Rothm.,(Schleich. ex DC.) Rothm.,,,,FUND. BIODIVERSIDAD:ANTHOS:39179,e6e19630a9415359fba90888864d17313873a984ac79a3677c1d62aac943f991,
1501,FABACEAE,Lotus corniculatus subsp. carpetanus,NO_EXACT_MATCH,False,KEEP_TAXONIC_RESPONSE,2026-08-19T17:29:43.541299+00:00,EXACT_CANONICAL_FOUND,Lotus corniculatus subsp. carpetanus,Lotus corniculatus subsp. carpetanus,(Lacaita) Rivas Mart.,Synonym,,2345297,2911942,6ff1e084d7e1de5bce526a9952c96fbb0f13b4f2c615b0fc30c055f88bfb5483,,EXACT_CANONICAL_FOUND,Lotus corniculatus subsp. carpetanus,Lotus corniculatus subsp. carpetanus,(Lacaita) Rivas Mart.,Synonym,,wfo-0000214285,wfo-0000212200,ccfc7e3ca85c8b80aa96eb52d4e50e07e1811d28916b544280d8a4f1a043ba72,,EXACT_CANONICAL_FOUND,Lotus corniculatus subsp. carpetanus,Lotus corniculatus subsp. carpetanus (Lacaita) Rivas Mart.,(Lacaita) Rivas Mart.,,,,FUND. BIODIVERSIDAD:ANTHOS:1124738,e6e19630a9415359fba90888864d17313873a984ac79a3677c1d62aac943f991,
1502,FABACEAE,Lotus glaber,NO_API_TAXON,False,KEEP_TAXONIC_RESPONSE,2026-08-19T17:29:43.541313+00:00,EXACT_CANONICAL_FOUND,Lotus glaber,Lotus glaber,Mill.,Synonym,,2345174,2345405,6ff1e084d7e1de5bce526a9952c96fbb0f13b4f2c615b0fc30c055f88bfb5483,,EXACT_CANONICAL_FOUND,Lotus glaber,Lotus glaber,(Vogel) Greene,Synonym,,wfo-0000508280,wfo-0000170850,ccfc7e3ca85c8b80aa96eb52d4e50e07e1811d28916b544280d8a4f1a043ba72,,EXACT_CANONICAL_NOT_FOUND,,,,,,,,e6e19630a9415359fba90888864d17313873a984ac79a3677c1d62aac943f991,
1506,FABACEAE,Lotus preslii,NO_API_TAXON,False,KEEP_TAXONIC_RESPONSE,2026-08-19T17:29:43.541326+00:00,EXACT_CANONICAL_FOUND,Lotus preslii,Lotus preslii,Ten.,Synonym,,2345317,2345211,6ff1e084d7e1de5bce526a9952c96fbb0f13b4f2c615b0fc30c055f88bfb5483,,EXACT_CANONICAL_FOUND,Lotus preslii,Lotus preslii,Ten.,Synonym,,wfo-0000212237,wfo-0000212236,ccfc7e3ca85c8b80aa96eb52d4e50e07e1811d28916b544280d8a4f1a043ba72,,EXACT_CANONICAL_NOT_FOUND,,,,,,,,e6e19630a9415359fba90888864d17313873a984ac79a3677c1d62aac943f991,
1507,BRASSICACEAE,Lunaria annua subsp. annua,NO_EXACT_MATCH,False,KEEP_TAXONIC_RESPONSE,2026-08-19T17:29:43.541344+00:00,EXACT_CANONICAL_FOUND,Lunaria annua subsp. annua,Lunaria annua subsp. annua,,Accepted,,3257365,3257365,6ff1e084d7e1de5bce526a9952c96fbb0f13b4f2c615b0fc30c055f88bfb5483,,EXACT_CANONICAL_FOUND,Lunaria annua subsp. annua,Lunaria annua subsp. annua,L.,Accepted,,,wfo-0001036516,ccfc7e3ca85c8b80aa96eb52d4e50e07e1811d28916b544280d8a4f1a043ba72,,EXACT_CANONICAL_FOUND,Lunaria annua subsp. annua,Lunaria annua subsp. annua L.,L.,,,,FUND. BIODIVERSIDAD:ANTHOS:84246,e6e19630a9415359fba90888864d17313873a984ac79a3677c1d62aac943f991,
1511,JUNCACEAE,Luzula congesta,NO_API_TAXON,False,KEEP_TAXONIC_RESPONSE,2026-08-19T17:29:43.541359+00:00,EXACT_CANONICAL_FOUND,Luzula congesta,Luzula congesta,(Thuill.) Lej.,Accepted,,316324,316324,6ff1e084d7e1de5bce526a9952c96fbb0f13b4f2c615b0fc30c055f88bfb5483,,EXACT_CANONICAL_FOUND,Luzula congesta,Luzula congesta,(Thuill.) Lej.,Accepted,,,wfo-0000777766,ccfc7e3ca85c8b80aa96eb52d4e50e07e1811d28916b544280d8a4f1a043ba72,,EXACT_CANONICAL_FOUND,Luzula congesta,Luzula congesta (Thuill.) Lej.,(Thuill.) Lej.,,,,FUND. BIODIVERSIDAD:ANTHOS:35892,e6e19630a9415359fba90888864d17313873a984ac79a3677c1d62aac943f991,
1513,JUNCACEAE,Luzula hispanica,NO_API_TAXON,False,KEEP_TAXONIC_RESPONSE,2026-08-19T17:29:43.541373+00:00,EXACT_CANONICAL_FOUND,Luzula hispanica,Luzula hispanica,Chrtek & Krísa,Synonym,,316722,316405,6ff1e084d7e1de5bce526a9952c96fbb0f13b4f2c615b0fc30c055f88bfb5483,,EXACT_CANONICAL_FOUND,Luzula hispanica,Luzula hispanica,Chrtek & Krísa,Synonym,,wfo-0000778158,wfo-0000777848,ccfc7e3ca85c8b80aa96eb52d4e50e07e1811d28916b544280d8a4f1a043ba72,,EXACT_CANONICAL_NOT_FOUND,,,,,,,,e6e19630a9415359fba90888864d17313873a984ac79a3677c1d62aac943f991,
1516,JUNCACEAE,Luzula nutans,NO_API_TAXON,False,KEEP_TAXONIC_RESPONSE,2026-08-19T17:29:43.541386+00:00,EXACT_CANONICAL_FOUND,Luzula nutans,Luzula nutans,Duval-Jouve,Synonym,,316609,316568,6ff1e084d7e1de5bce526a9952c96fbb0f13b4f2c615b0fc30c055f88bfb5483,,EXACT_CANONICAL_FOUND,Luzula nutans,Luzula nutans,Duval-Jouve,Synonym,,wfo-0000778045,wfo-0000778004,ccfc7e3ca85c8b80aa96eb52d4e50e07e1811d28916b544280d8a4f1a043ba72,,EXACT_CANONICAL_NOT_FOUND,,,,,,,,e6e19630a9415359fba90888864d17313873a984ac79a3677c1d62aac943f991,
1517,JUNCACEAE,Luzula pediformis,NO_API_TAXON,False,KEEP_TAXONIC_RESPONSE,2026-08-19T17:29:43.541401+00:00,EXACT_CANONICAL_FOUND,Luzula pediformis,Luzula pediformis,(Chaix) DC.,Accepted,,316609,316609,6ff1e084d7e1de5bce526a9952c96fbb0f13b4f2c615b0fc30c055f88bfb5483,,EXACT_CANONICAL_FOUND,Luzula pediformis,Luzula pediformis,(Chaix) DC.,Accepted,,,wfo-0000778045,ccfc7e3ca85c8b80aa96eb52d4e50e07e1811d28916b544280d8a4f1a043ba72,,EXACT_CANONICAL_FOUND,Luzula pediformis,Luzula pediformis (Chaix) DC. in Lam. & DC.,(Chaix) DC. in Lam. & DC.,,,,FUND. BIODIVERSIDAD:ANTHOS:35907,e6e19630a9415359fba90888864d17313873a984ac79a3677c1d62aac943f991,
1524,BORAGINACEAE,Lycopsis arvensis,NO_API_TAXON,False,KEEP_TAXONIC_RESPONSE,2026-08-19T17:29:43.541414+00:00,EXACT_CANONICAL_FOUND,Lycopsis arvensis,Lycopsis arvensis,L.,Synonym,,2636464,2338159,6ff1e084d7e1de5bce526a9952c96fbb0f13b4f2c615b0fc30c055f88bfb5483,,EXACT_CANONICAL_FOUND,Lycopsis arvensis,Lycopsis arvensis,L.,Synonym,,wfo-0000533553,wfo-0000358507,ccfc7e3ca85c8b80aa96eb52d4e50e07e1811d28916b544280d8a4f1a043ba72,,EXACT_CANONICAL_FOUND,Lycopsis arvensis,Lycopsis arvensis L.,L.,,,,FUND. BIODIVERSIDAD:ANTHOS:40685,e6e19630a9415359fba90888864d17313873a984ac79a3677c1d62aac943f991,
1525,BORAGINACEAE,Lycopsis orientalis,NO_API_TAXON,False,KEEP_TAXONIC_RESPONSE,2026-08-19T17:29:43.541428+00:00,EXACT_CANONICAL_FOUND,Lycopsis orientalis,Lycopsis orientalis,Stephan,Synonym,,2636464,2338050,6ff1e084d7e1de5bce526a9952c96fbb0f13b4f2c615b0fc30c055f88bfb5483,,EXACT_CANONICAL_FOUND,Lycopsis orientalis,Lycopsis orientalis,L.,Synonym,,wfo-0000533555,wfo-0000358417,ccfc7e3ca85c8b80aa96eb52d4e50e07e1811d28916b544280d8a4f1a043ba72,,EXACT_CANONICAL_FOUND,Lycopsis orientalis,Lycopsis orientalis L.,L.,,,,FUND. BIODIVERSIDAD:ANTHOS:29851,e6e19630a9415359fba90888864d17313873a984ac79a3677c1d62aac943f991,
1531,PRIMULACEAE,Lysimachia monelli,NO_API_TAXON,False,KEEP_TAXONIC_RESPONSE,2026-08-19T17:29:43.541442+00:00,EXACT_CANONICAL_FOUND,Lysimachia monelli,Lysimachia monelli,(L.) U.Manns & Anderb.,Accepted,,2896585,2896585,6ff1e084d7e1de5bce526a9952c96fbb0f13b4f2c615b0fc30c055f88bfb5483,,EXACT_CANONICAL_FOUND,Lysimachia monelli,Lysimachia monelli,(L.) U.Manns & Anderb.,Accepted,,,wfo-0000744203,ccfc7e3ca85c8b80aa96eb52d4e50e07e1811d28916b544280d8a4f1a043ba72,,EXACT_CANONICAL_NOT_FOUND,,,,,,,,e6e19630a9415359fba90888864d17313873a984ac79a3677c1d62aac943f991,
1532,PRIMULACEAE,Lysimachia nemorum,NO_API_TAXON,False,KEEP_TAXONIC_RESPONSE,2026-08-19T17:29:43.541457+00:00,EXACT_CANONICAL_FOUND,Lysimachia nemorum,Lysimachia nemorum,L.,Accepted,,2493029,2493029,6ff1e084d7e1de5bce526a9952c96fbb0f13b4f2c615b0fc30c055f88bfb5483,,EXACT_CANONICAL_FOUND,Lysimachia nemorum,Lysimachia nemorum,L.,Accepted,,,wfo-0000442790,ccfc7e3ca85c8b80aa96eb52d4e50e07e1811d28916b544280d8a4f1a043ba72,,EXACT_CANONICAL_FOUND,Lysimachia nemorum,Lysimachia nemorum L.,L.,,,,FUND. BIODIVERSIDAD:ANTHOS:28856,e6e19630a9415359fba90888864d17313873a984ac79a3677c1d62aac943f991,
1533,PRIMULACEAE,Lysimachia nemorun,NO_API_TAXON,False,NO_RESPONSE_ALL_THREE,2026-08-19T17:29:43.541470+00:00,EXACT_CANONICAL_NOT_FOUND,,,,,,,,6ff1e084d7e1de5bce526a9952c96fbb0f13b4f2c615b0fc30c055f88bfb5483,,EXACT_CANONICAL_NOT_FOUND,,,,,,,,ccfc7e3ca85c8b80aa96eb52d4e50e07e1811d28916b544280d8a4f1a043ba72,,EXACT_CANONICAL_NOT_FOUND,,,,,,,,e6e19630a9415359fba90888864d17313873a984ac79a3677c1d62aac943f991,
1540,SCROPHULARIACEAE,Macrosyrhingion longiflorum,NO_API_TAXON,False,NO_RESPONSE_ALL_THREE,2026-08-19T17:29:43.541485+00:00,EXACT_CANONICAL_NOT_FOUND,,,,,,,,6ff1e084d7e1de5bce526a9952c96fbb0f13b4f2c615b0fc30c055f88bfb5483,,EXACT_CANONICAL_NOT_FOUND,,,,,,,,ccfc7e3ca85c8b80aa96eb52d4e50e07e1811d28916b544280d8a4f1a043ba72,,EXACT_CANONICAL_NOT_FOUND,,,,,,,,e6e19630a9415359fba90888864d17313873a984ac79a3677c1d62aac943f991,
1541,BRASSICACEAE,Malcolmia africana,NO_API_TAXON,False,KEEP_TAXONIC_RESPONSE,2026-08-19T17:29:43.541498+00:00,EXACT_CANONICAL_FOUND,Malcolmia africana,Malcolmia africana,(L.) W.T.Aiton,Synonym,,2475226,2357893,6ff1e084d7e1de5bce526a9952c96fbb0f13b4f2c615b0fc30c055f88bfb5483,,EXACT_CANONICAL_FOUND,Malcolmia africana,Malcolmia africana,(L.) W.T.Aiton,Synonym,,wfo-0000432092,wfo-0000368311,ccfc7e3ca85c8b80aa96eb52d4e50e07e1811d28916b544280d8a4f1a043ba72,,EXACT_CANONICAL_FOUND,Malcolmia africana,Malcolmia africana (L.) R. Br. in W.T. Aiton,(L.) R. Br. in W.T. Aiton,,,,FUND. BIODIVERSIDAD:ANTHOS:902762,e6e19630a9415359fba90888864d17313873a984ac79a3677c1d62aac943f991,
1542,BRASSICACEAE,Malcolmia ramosissima,NO_API_TAXON,False,KEEP_TAXONIC_RESPONSE,2026-08-19T17:29:43.541512+00:00,EXACT_CANONICAL_FOUND,Malcolmia ramosissima,Malcolmia ramosissima,(Desf.) Thell.,Synonym,,3002685,2358039,6ff1e084d7e1de5bce526a9952c96fbb0f13b4f2c615b0fc30c055f88bfb5483,,EXACT_CANONICAL_FOUND,Malcolmia ramosissima,Malcolmia ramosissima,(Desf.) Thell.,Synonym,,wfo-0001343026,wfo-0000368388,ccfc7e3ca85c8b80aa96eb52d4e50e07e1811d28916b544280d8a4f1a043ba72,,EXACT_CANONICAL_FOUND,Malcolmia ramosissima,Malcolmia ramosissima (Desf.) Thell.,(Desf.) Thell.,,,,FUND. BIODIVERSIDAD:ANTHOS:60000,e6e19630a9415359fba90888864d17313873a984ac79a3677c1d62aac943f991,
1552,MALVACEAE,Malva tournefortiana,NO_API_TAXON,False,KEEP_TAXONIC_RESPONSE,2026-08-19T17:29:43.541526+00:00,EXACT_CANONICAL_FOUND,Malva tournefortiana,Malva tournefortiana,Asso ex Loscos & Pardo,Illegitimate,,2504085,2504083,6ff1e084d7e1de5bce526a9952c96fbb0f13b4f2c615b0fc30c055f88bfb5483,,EXACT_CANONICAL_FOUND,Malva tournefortiana,Malva tournefortiana,L.,Accepted,,,wfo-0000449635,ccfc7e3ca85c8b80aa96eb52d4e50e07e1811d28916b544280d8a4f1a043ba72,,EXACT_CANONICAL_FOUND,Malva tournefortiana,Malva tournefortiana L.,L.,,,,FUND. BIODIVERSIDAD:ANTHOS:48551,e6e19630a9415359fba90888864d17313873a984ac79a3677c1d62aac943f991,
1553,MALVACEAE,Malva trifida,NO_API_TAXON,False,KEEP_TAXONIC_RESPONSE,2026-08-19T17:29:43.541539+00:00,EXACT_CANONICAL_FOUND,Malva trifida,Malva trifida,Cav.,Synonym,,2504085,2504050,6ff1e084d7e1de5bce526a9952c96fbb0f13b4f2c615b0fc30c055f88bfb5483,,EXACT_CANONICAL_FOUND,Malva trifida,Malva trifida,Cav.,Synonym,,wfo-0000449607,wfo-0000449581,ccfc7e3ca85c8b80aa96eb52d4e50e07e1811d28916b544280d8a4f1a043ba72,,EXACT_CANONICAL_FOUND,Malva trifida,Malva trifida Cav.,Cav.,,,,FUND. BIODIVERSIDAD:ANTHOS:933397,e6e19630a9415359fba90888864d17313873a984ac79a3677c1d62aac943f991,
1554,ASTERACEAE,Mantisalca duriaei,NO_API_TAXON,False,KEEP_TAXONIC_RESPONSE,2026-08-19T17:29:43.541553+00:00,EXACT_CANONICAL_FOUND,Mantisalca duriaei,Mantisalca duriaei,(Spach) Briq. & Cavill.,Accepted,,3046706,3046706,6ff1e084d7e1de5bce526a9952c96fbb0f13b4f2c615b0fc30c055f88bfb5483,,EXACT_CANONICAL_FOUND,Mantisalca duriaei,Mantisalca duriaei,(Spach) Briq. & Cavill.,Accepted,,,wfo-0000079640,ccfc7e3ca85c8b80aa96eb52d4e50e07e1811d28916b544280d8a4f1a043ba72,,EXACT_CANONICAL_FOUND,Mantisalca duriaei,Mantisalca duriaei (Spach) Briq. & Cavill.,(Spach) Briq. & Cavill.,,,,FUND. BIODIVERSIDAD:ANTHOS:56899,e6e19630a9415359fba90888864d17313873a984ac79a3677c1d62aac943f991,
1557,LAMIACEAE,Marrubium supinum,NO_API_TAXON,False,KEEP_TAXONIC_RESPONSE,2026-08-19T17:29:43.541567+00:00,EXACT_CANONICAL_FOUND,Marrubium supinum,Marrubium supinum,(Stephan ex Willd.) Hu ex P'ei,Illegitimate,,3328796,120938,6ff1e084d7e1de5bce526a9952c96fbb0f13b4f2c615b0fc30c055f88bfb5483,,EXACT_CANONICAL_FOUND,Marrubium supinum,Marrubium supinum,L.,Accepted,,,wfo-0000236694,ccfc7e3ca85c8b80aa96eb52d4e50e07e1811d28916b544280d8a4f1a043ba72,,EXACT_CANONICAL_FOUND,Marrubium supinum,Marrubium supinum L.,L.,,,,FUND. BIODIVERSIDAD:ANTHOS:52157,e6e19630a9415359fba90888864d17313873a984ac79a3677c1d62aac943f991,
1562,PAPAVERACEAE,Meconopsis cambrica,NO_API_TAXON,False,KEEP_TAXONIC_RESPONSE,2026-08-19T17:29:43.541581+00:00,EXACT_CANONICAL_FOUND,Meconopsis cambrica,Meconopsis cambrica,(L.) Vig.,Synonym,,2560601,2502558,6ff1e084d7e1de5bce526a9952c96fbb0f13b4f2c615b0fc30c055f88bfb5483,,EXACT_CANONICAL_FOUND,Meconopsis cambrica,Meconopsis cambrica,(L.) Vig.,Synonym,,wfo-0001340903,wfo-0000448646,ccfc7e3ca85c8b80aa96eb52d4e50e07e1811d28916b544280d8a4f1a043ba72,,EXACT_CANONICAL_FOUND,Meconopsis cambrica,Meconopsis cambrica (L.) Vig.,(L.) Vig.,,,,FUND. BIODIVERSIDAD:ANTHOS:22380,e6e19630a9415359fba90888864d17313873a984ac79a3677c1d62aac943f991,
1576,OROBANCHACEAE,Melampyrum cristatum,NO_API_TAXON,False,KEEP_TAXONIC_RESPONSE,2026-08-19T17:29:43.541594+00:00,EXACT_CANONICAL_FOUND,Melampyrum cristatum,Melampyrum cristatum,L.,Accepted,,2507128,2507128,6ff1e084d7e1de5bce526a9952c96fbb0f13b4f2c615b0fc30c055f88bfb5483,,EXACT_CANONICAL_FOUND,Melampyrum cristatum,Melampyrum cristatum,Hablitz ex Steud.,Unchecked,,,wfo-0000451339,ccfc7e3ca85c8b80aa96eb52d4e50e07e1811d28916b544280d8a4f1a043ba72,,EXACT_CANONICAL_FOUND,Melampyrum cristatum,Melampyrum cristatum L.,L.,,,,FUND. BIODIVERSIDAD:ANTHOS:31422,e6e19630a9415359fba90888864d17313873a984ac79a3677c1d62aac943f991,
1577,OROBANCHACEAE,Melampyrum pratense subsp. latifolium,NO_EXACT_MATCH,False,KEEP_TAXONIC_RESPONSE,2026-08-19T17:29:43.541611+00:00,EXACT_CANONICAL_FOUND,Melampyrum pratense subsp. latifolium,Melampyrum pratense subsp. latifolium,Schübl. & G.Martens,Accepted,,3008341,3008341,6ff1e084d7e1de5bce526a9952c96fbb0f13b4f2c615b0fc30c055f88bfb5483,,EXACT_CANONICAL_FOUND,Melampyrum pratense subsp. latifolium,Melampyrum pratense subsp. latifolium,Schübl. & G.Martens,Accepted,,,wfo-0001428260,ccfc7e3ca85c8b80aa96eb52d4e50e07e1811d28916b544280d8a4f1a043ba72,,EXACT_CANONICAL_FOUND,Melampyrum pratense subsp. latifolium,Melampyrum pratense subsp. latifolium Schübl. & G. Martens,Schübl. & G. Martens,,,,FUND. BIODIVERSIDAD:ANTHOS:1180620,e6e19630a9415359fba90888864d17313873a984ac79a3677c1d62aac943f991,
1579,POACEAE,Melica ciliata subsp. ciliata,NO_EXACT_MATCH,False,KEEP_TAXONIC_RESPONSE,2026-08-19T17:29:43.541624+00:00,EXACT_CANONICAL_NOT_FOUND,,,,,,,,6ff1e084d7e1de5bce526a9952c96fbb0f13b4f2c615b0fc30c055f88bfb5483,,EXACT_CANONICAL_NOT_FOUND,,,,,,,,ccfc7e3ca85c8b80aa96eb52d4e50e07e1811d28916b544280d8a4f1a043ba72,,EXACT_CANONICAL_FOUND,Melica ciliata subsp. ciliata,Melica ciliata subsp. ciliata L.,L.,,,,FUND. BIODIVERSIDAD:ANTHOS:41823,e6e19630a9415359fba90888864d17313873a984ac79a3677c1d62aac943f991,
1580,POACEAE,Melica ciliata subsp. magnolii,NO_EXACT_MATCH,False,KEEP_TAXONIC_RESPONSE,2026-08-19T17:29:43.541639+00:00,EXACT_CANONICAL_FOUND,Melica ciliata subsp. magnolii,Melica ciliata subsp. magnolii,(Godr. & Gren.) K.Richt.,Synonym,,423496,423505,6ff1e084d7e1de5bce526a9952c96fbb0f13b4f2c615b0fc30c055f88bfb5483,,EXACT_CANONICAL_FOUND,Melica ciliata subsp. magnolii,Melica ciliata subsp. magnolii,(Gren. & Godr.) Husn.,Synonym,,wfo-0000879094,wfo-0000879103,ccfc7e3ca85c8b80aa96eb52d4e50e07e1811d28916b544280d8a4f1a043ba72,,EXACT_CANONICAL_FOUND,Melica ciliata subsp. magnolii,Melica ciliata subsp. magnolii (Gren. & Godr.) Husn.,(Gren. & Godr.) Husn.,,,,FUND. BIODIVERSIDAD:ANTHOS:1125150,e6e19630a9415359fba90888864d17313873a984ac79a3677c1d62aac943f991,
1584,FABACEAE,Melilotus altissima,NO_API_TAXON,False,KEEP_TAXONIC_RESPONSE,2026-08-19T17:29:43.541647+00:00,EXACT_CANONICAL_NOT_FOUND,,,,,,,,6ff1e084d7e1de5bce526a9952c96fbb0f13b4f2c615b0fc30c055f88bfb5483,,EXACT_CANONICAL_FOUND,Melilotus altissima,Melilotus altissima,Thuill.,Synonym,,wfo-0000185371,wfo-0000213861,ccfc7e3ca85c8b80aa96eb52d4e50e07e1811d28916b544280d8a4f1a043ba72,,EXACT_CANONICAL_NOT_FOUND,,,,,,,,e6e19630a9415359fba90888864d17313873a984ac79a3677c1d62aac943f991,
1589,FABACEAE,Melilotus spicatus,NO_API_TAXON,False,KEEP_TAXONIC_RESPONSE,2026-08-19T17:29:43.541658+00:00,EXACT_CANONICAL_FOUND,Melilotus spicatus,Melilotus spicatus,(Sm.) Breistr.,Synonym,,2367223,2367381,6ff1e084d7e1de5bce526a9952c96fbb0f13b4f2c615b0fc30c055f88bfb5483,,EXACT_CANONICAL_FOUND,Melilotus spicatus,Melilotus spicatus,(Sm.) Breistr.,Synonym,,wfo-0000185391,wfo-0000191261,ccfc7e3ca85c8b80aa96eb52d4e50e07e1811d28916b544280d8a4f1a043ba72,,EXACT_CANONICAL_FOUND,Melilotus spicatus,Melilotus spicatus (Sm.) Breistr.,(Sm.) Breistr.,,,,FUND. BIODIVERSIDAD:ANTHOS:1346671,e6e19630a9415359fba90888864d17313873a984ac79a3677c1d62aac943f991,
1598,LAMIACEAE,Mentha x dumetorum,UNPARSABLE_NAME,False,NO_RESPONSE_ALL_THREE,2026-08-19T17:29:43.541666+00:00,EXACT_CANONICAL_NOT_FOUND,,,,,,,,6ff1e084d7e1de5bce526a9952c96fbb0f13b4f2c615b0fc30c055f88bfb5483,,EXACT_CANONICAL_NOT_FOUND,,,,,,,,ccfc7e3ca85c8b80aa96eb52d4e50e07e1811d28916b544280d8a4f1a043ba72,,EXACT_CANONICAL_NOT_FOUND,,,,,,,,e6e19630a9415359fba90888864d17313873a984ac79a3677c1d62aac943f991,
1600,EUPHORBIACEAE,Mercurialis ambigua,NO_API_TAXON,False,KEEP_TAXONIC_RESPONSE,2026-08-19T17:29:43.541677+00:00,EXACT_CANONICAL_FOUND,Mercurialis ambigua,Mercurialis ambigua,L.f.,Synonym,,125710,125707,6ff1e084d7e1de5bce526a9952c96fbb0f13b4f2c615b0fc30c055f88bfb5483,,EXACT_CANONICAL_FOUND,Mercurialis ambigua,Mercurialis ambigua,L.f.,Synonym,,wfo-0000241716,wfo-0000241712,ccfc7e3ca85c8b80aa96eb52d4e50e07e1811d28916b544280d8a4f1a043ba72,,EXACT_CANONICAL_FOUND,Mercurialis ambigua,Mercurialis ambigua L. fil.,L. fil.,,,,FUND. BIODIVERSIDAD:ANTHOS:50340,e6e19630a9415359fba90888864d17313873a984ac79a3677c1d62aac943f991,
1602,EUPHORBIACEAE,Mercurialis huetii,NO_API_TAXON,False,KEEP_TAXONIC_RESPONSE,2026-08-19T17:29:43.541685+00:00,EXACT_CANONICAL_FOUND,Mercurialis huetii,Mercurialis huetii,Hanry,Accepted,,125750,125750,6ff1e084d7e1de5bce526a9952c96fbb0f13b4f2c615b0fc30c055f88bfb5483,,EXACT_CANONICAL_FOUND,Mercurialis huetii,Mercurialis huetii,Hanry,Accepted,,,wfo-0000241752,ccfc7e3ca85c8b80aa96eb52d4e50e07e1811d28916b544280d8a4f1a043ba72,,EXACT_CANONICAL_FOUND,Mercurialis huetii,Mercurialis huetii Hanry,Hanry,,,,FUND. BIODIVERSIDAD:ANTHOS:86269,e6e19630a9415359fba90888864d17313873a984ac79a3677c1d62aac943f991,
1604,EUPHORBIACEAE,Mercurialis tomentosa,NO_API_TAXON,False,KEEP_TAXONIC_RESPONSE,2026-08-19T17:29:43.541695+00:00,EXACT_CANONICAL_FOUND,Mercurialis tomentosa,Mercurialis tomentosa,L.,Accepted,,125793,125793,6ff1e084d7e1de5bce526a9952c96fbb0f13b4f2c615b0fc30c055f88bfb5483,,EXACT_CANONICAL_FOUND,Mercurialis tomentosa,Mercurialis tomentosa,L.,Accepted,,,wfo-0000241796,ccfc7e3ca85c8b80aa96eb52d4e50e07e1811d28916b544280d8a4f1a043ba72,,EXACT_CANONICAL_FOUND,Mercurialis tomentosa,Mercurialis tomentosa L.,L.,,,,FUND. BIODIVERSIDAD:ANTHOS:26219,e6e19630a9415359fba90888864d17313873a984ac79a3677c1d62aac943f991,
1605,COLCHICACEAE,Merendera montana,NO_API_TAXON,False,KEEP_TAXONIC_RESPONSE,2026-08-19T17:29:43.541705+00:00,EXACT_CANONICAL_FOUND,Merendera montana,Merendera montana,(L.) Lange,Synonym,,302900,281340,6ff1e084d7e1de5bce526a9952c96fbb0f13b4f2c615b0fc30c055f88bfb5483,,EXACT_CANONICAL_FOUND,Merendera montana,Merendera montana,(L.) Lange,Synonym,,wfo-0000763964,wfo-0000691310,ccfc7e3ca85c8b80aa96eb52d4e50e07e1811d28916b544280d8a4f1a043ba72,,EXACT_CANONICAL_FOUND,Merendera montana,Merendera montana (Loefl. ex L.) Lange in Willk. & Lange,(Loefl. ex L.) Lange in Willk. & Lange,,,,FUND. BIODIVERSIDAD:ANTHOS:35052,e6e19630a9415359fba90888864d17313873a984ac79a3677c1d62aac943f991,
1606,COLCHICACEAE,Merendera pyrenaica,NO_API_TAXON,False,KEEP_TAXONIC_RESPONSE,2026-08-19T17:29:43.541715+00:00,EXACT_CANONICAL_FOUND,Merendera pyrenaica,Merendera pyrenaica,(Pourr.) P.Fourn.,Synonym,,302900,309072,6ff1e084d7e1de5bce526a9952c96fbb0f13b4f2c615b0fc30c055f88bfb5483,,EXACT_CANONICAL_FOUND,Merendera pyrenaica,Merendera pyrenaica,Steud.,Synonym,,wfo-0000763964,wfo-0000770351,ccfc7e3ca85c8b80aa96eb52d4e50e07e1811d28916b544280d8a4f1a043ba72,,EXACT_CANONICAL_NOT_FOUND,,,,,,,,e6e19630a9415359fba90888864d17313873a984ac79a3677c1d62aac943f991,
1607,APIACEAE,Meum athamanticum,NO_API_TAXON,False,KEEP_TAXONIC_RESPONSE,2026-08-19T17:29:43.541724+00:00,EXACT_CANONICAL_FOUND,Meum athamanticum,Meum athamanticum,Jacq.,Accepted,,2365193,2365193,6ff1e084d7e1de5bce526a9952c96fbb0f13b4f2c615b0fc30c055f88bfb5483,,EXACT_CANONICAL_FOUND,Meum athamanticum,Meum athamanticum,Jacq.,Accepted,,,wfo-0000372873,ccfc7e3ca85c8b80aa96eb52d4e50e07e1811d28916b544280d8a4f1a043ba72,,EXACT_CANONICAL_FOUND,Meum athamanticum,Meum athamanticum Jacq.,Jacq.,,,,FUND. BIODIVERSIDAD:ANTHOS:40031,e6e19630a9415359fba90888864d17313873a984ac79a3677c1d62aac943f991,
1611,CARYOPHYLLACEAE,Minuartia campestris,NO_API_TAXON,False,KEEP_TAXONIC_RESPONSE,2026-08-19T17:29:43.541735+00:00,EXACT_CANONICAL_FOUND,Minuartia campestris,Minuartia campestris,L.,Accepted,,2370930,2370930,6ff1e084d7e1de5bce526a9952c96fbb0f13b4f2c615b0fc30c055f88bfb5483,,EXACT_CANONICAL_FOUND,Minuartia campestris,Minuartia campestris,L.,Accepted,,,wfo-0000375605,ccfc7e3ca85c8b80aa96eb52d4e50e07e1811d28916b544280d8a4f1a043ba72,,EXACT_CANONICAL_FOUND,Minuartia campestris,Minuartia campestris L.,L.,,,,FUND. BIODIVERSIDAD:ANTHOS:55026,e6e19630a9415359fba90888864d17313873a984ac79a3677c1d62aac943f991,
1612,CARYOPHYLLACEAE,Minuartia cymifera,NO_API_TAXON,False,KEEP_TAXONIC_RESPONSE,2026-08-19T17:29:43.541744+00:00,EXACT_CANONICAL_FOUND,Minuartia cymifera,Minuartia cymifera,(Rouy & Foucaud) Graebn.,Accepted,,2370926,2370926,6ff1e084d7e1de5bce526a9952c96fbb0f13b4f2c615b0fc30c055f88bfb5483,,EXACT_CANONICAL_FOUND,Minuartia cymifera,Minuartia cymifera,(Rouy & Foucaud) Graebn.,Synonym,,wfo-0000374840,wfo-0000375602,ccfc7e3ca85c8b80aa96eb52d4e50e07e1811d28916b544280d8a4f1a043ba72,,EXACT_CANONICAL_FOUND,Minuartia cymifera,Minuartia cymifera (Rouy & Foucaud) Graebn. in Asch. & Graebn.,(Rouy & Foucaud) Graebn. in Asch. & Graebn.,,,,FUND. BIODIVERSIDAD:ANTHOS:114883,e6e19630a9415359fba90888864d17313873a984ac79a3677c1d62aac943f991,
1613,CARYOPHYLLACEAE,Minuartia dichotoma,NO_API_TAXON,False,KEEP_TAXONIC_RESPONSE,2026-08-19T17:29:43.541754+00:00,EXACT_CANONICAL_FOUND,Minuartia dichotoma,Minuartia dichotoma,L.,Accepted,,2369593,2369593,6ff1e084d7e1de5bce526a9952c96fbb0f13b4f2c615b0fc30c055f88bfb5483,,EXACT_CANONICAL_FOUND,Minuartia dichotoma,Minuartia dichotoma,L.,Accepted,,,wfo-0000374804,ccfc7e3ca85c8b80aa96eb52d4e50e07e1811d28916b544280d8a4f1a043ba72,,EXACT_CANONICAL_FOUND,Minuartia dichotoma,Minuartia dichotoma Loefl. ex L.,Loefl. ex L.,,,,FUND. BIODIVERSIDAD:ANTHOS:53232,e6e19630a9415359fba90888864d17313873a984ac79a3677c1d62aac943f991,
1614,CARYOPHYLLACEAE,Minuartia funkii,NO_API_TAXON,False,KEEP_TAXONIC_RESPONSE,2026-08-19T17:29:43.541765+00:00,EXACT_CANONICAL_FOUND,Minuartia funkii,Minuartia funkii,(Jord.) Graebn.,Accepted,,2369581,2369581,6ff1e084d7e1de5bce526a9952c96fbb0f13b4f2c615b0fc30c055f88bfb5483,,EXACT_CANONICAL_FOUND,Minuartia funkii,Minuartia funkii,(Jord.) Graebn.,Accepted,,,wfo-0000374797,ccfc7e3ca85c8b80aa96eb52d4e50e07e1811d28916b544280d8a4f1a043ba72,,EXACT_CANONICAL_FOUND,Minuartia funkii,Minuartia funkii (Jord.) Graebn. in Asch. & Graebn.,(Jord.) Graebn. in Asch. & Graebn.,,,,FUND. BIODIVERSIDAD:ANTHOS:973098,e6e19630a9415359fba90888864d17313873a984ac79a3677c1d62aac943f991,
1617,CARYOPHYLLACEAE,Minuartia hybrida subsp. hybrida,NO_EXACT_MATCH,False,KEEP_TAXONIC_RESPONSE,2026-08-19T17:29:43.541776+00:00,EXACT_CANONICAL_NOT_FOUND,,,,,,,,6ff1e084d7e1de5bce526a9952c96fbb0f13b4f2c615b0fc30c055f88bfb5483,,EXACT_CANONICAL_FOUND,Minuartia hybrida subsp. hybrida,Minuartia hybrida subsp. hybrida,,Unchecked,,,wfo-1200108580,ccfc7e3ca85c8b80aa96eb52d4e50e07e1811d28916b544280d8a4f1a043ba72,,EXACT_CANONICAL_FOUND,Minuartia hybrida subsp. hybrida,Minuartia hybrida subsp. hybrida (Vill.) Schischk. in Kom.,(Vill.) Schischk. in Kom.,,,,FUND. BIODIVERSIDAD:ANTHOS:47895,e6e19630a9415359fba90888864d17313873a984ac79a3677c1d62aac943f991,
1618,CARYOPHYLLACEAE,Minuartia hybrida subsp. vaillantiana,NO_EXACT_MATCH,False,KEEP_TAXONIC_RESPONSE,2026-08-19T17:29:43.541788+00:00,EXACT_CANONICAL_FOUND,Minuartia hybrida subsp. vaillantiana,Minuartia hybrida subsp. vaillantiana,(Ser.) Friedrich,Synonym,,3259292,2932941,6ff1e084d7e1de5bce526a9952c96fbb0f13b4f2c615b0fc30c055f88bfb5483,,EXACT_CANONICAL_FOUND,Minuartia hybrida subsp. vaillantiana,Minuartia hybrida subsp. vaillantiana,(DC.) Friedrich,Synonym,,wfo-1200115319,wfo-1200112684,ccfc7e3ca85c8b80aa96eb52d4e50e07e1811d28916b544280d8a4f1a043ba72,,EXACT_CANONICAL_FOUND,Minuartia hybrida subsp. vaillantiana,Minuartia hybrida subsp. vaillantiana (Ser.) Friedrich in Hegi,(Ser.) Friedrich in Hegi,,,,FUND. BIODIVERSIDAD:ANTHOS:114886,e6e19630a9415359fba90888864d17313873a984ac79a3677c1d62aac943f991,
1620,CARYOPHYLLACEAE,Minuartia rubra,NO_API_TAXON,False,KEEP_TAXONIC_RESPONSE,2026-08-19T17:29:43.541798+00:00,EXACT_CANONICAL_FOUND,Minuartia rubra,Minuartia rubra,(Scop.) McNeill,Synonym,,2369709,2369641,6ff1e084d7e1de5bce526a9952c96fbb0f13b4f2c615b0fc30c055f88bfb5483,,EXACT_CANONICAL_FOUND,Minuartia rubra,Minuartia rubra,(Scop.) McNeill,Accepted,,,wfo-0000374840,ccfc7e3ca85c8b80aa96eb52d4e50e07e1811d28916b544280d8a4f1a043ba72,,EXACT_CANONICAL_FOUND,Minuartia rubra,Minuartia rubra (Scop.) McNeill,(Scop.) McNeill,,,,FUND. BIODIVERSIDAD:ANTHOS:44523,e6e19630a9415359fba90888864d17313873a984ac79a3677c1d62aac943f991,
1621,CARYOPHYLLACEAE,Minuartia verna,NO_API_TAXON,False,KEEP_TAXONIC_RESPONSE,2026-08-19T17:29:43.541808+00:00,EXACT_CANONICAL_FOUND,Minuartia verna,Minuartia verna,(L.) Hiern,Synonym,,2485159,2369324,6ff1e084d7e1de5bce526a9952c96fbb0f13b4f2c615b0fc30c055f88bfb5483,,EXACT_CANONICAL_FOUND,Minuartia verna,Minuartia verna,(L.) Hiern,Synonym,,wfo-0000438406,wfo-0000374615,ccfc7e3ca85c8b80aa96eb52d4e50e07e1811d28916b544280d8a4f1a043ba72,,EXACT_CANONICAL_FOUND,Minuartia verna,Minuartia verna (L.) Hiern,(L.) Hiern,,,,FUND. BIODIVERSIDAD:ANTHOS:21140,e6e19630a9415359fba90888864d17313873a984ac79a3677c1d62aac943f991,
1626,CARYOPHYLLACEAE,Moenchia erecta subsp. erecta,NO_EXACT_MATCH,False,KEEP_TAXONIC_RESPONSE,2026-08-19T17:29:43.541818+00:00,EXACT_CANONICAL_NOT_FOUND,,,,,,,,6ff1e084d7e1de5bce526a9952c96fbb0f13b4f2c615b0fc30c055f88bfb5483,,EXACT_CANONICAL_FOUND,Moenchia erecta subsp. erecta,Moenchia erecta subsp. erecta,,Synonym,,wfo-0000374656,wfo-0001291331,ccfc7e3ca85c8b80aa96eb52d4e50e07e1811d28916b544280d8a4f1a043ba72,,EXACT_CANONICAL_FOUND,Moenchia erecta subsp. erecta,"Moenchia erecta subsp. erecta (L.) G. Gaertn., B. Mey. & Schreb.","(L.) G. Gaertn., B. Mey. & Schreb.",,,,FUND. BIODIVERSIDAD:ANTHOS:48193,e6e19630a9415359fba90888864d17313873a984ac79a3677c1d62aac943f991,
1630,POACEAE,Molinia caerulea subsp. arundinacea,NO_EXACT_MATCH,False,KEEP_TAXONIC_RESPONSE,2026-08-19T17:29:43.541831+00:00,EXACT_CANONICAL_FOUND,Molinia caerulea subsp. arundinacea,Molinia caerulea subsp. arundinacea,(Schrank) K.Richt.,Synonym,,424756,541624,6ff1e084d7e1de5bce526a9952c96fbb0f13b4f2c615b0fc30c055f88bfb5483,,EXACT_CANONICAL_FOUND,Molinia caerulea subsp. arundinacea,Molinia caerulea subsp. arundinacea,(Schrank) Paul ex Grabherr,Synonym,,wfo-0000880418,wfo-0000880421,ccfc7e3ca85c8b80aa96eb52d4e50e07e1811d28916b544280d8a4f1a043ba72,,EXACT_CANONICAL_FOUND,Molinia caerulea subsp. arundinacea,Molinia caerulea subsp. arundinacea (Schrank) H. K.G.Paul,(Schrank) H. K.G.Paul,,,,FUND. BIODIVERSIDAD:ANTHOS:56097,e6e19630a9415359fba90888864d17313873a984ac79a3677c1d62aac943f991,
1633,PORTULACACEAE,Montia fontana subsp. chondrosperma,NO_EXACT_MATCH,False,KEEP_TAXONIC_RESPONSE,2026-08-19T17:29:43.541842+00:00,EXACT_CANONICAL_FOUND,Montia fontana subsp. chondrosperma,Montia fontana subsp. chondrosperma,(Fenzl) Walters,Synonym,,2910969,2512185,6ff1e084d7e1de5bce526a9952c96fbb0f13b4f2c615b0fc30c055f88bfb5483,,EXACT_CANONICAL_FOUND,Montia fontana subsp. chondrosperma,Montia fontana subsp. chondrosperma,(Fenzl) Walters,Accepted,,,wfo-0000453772,ccfc7e3ca85c8b80aa96eb52d4e50e07e1811d28916b544280d8a4f1a043ba72,,EXACT_CANONICAL_FOUND,Montia fontana subsp. chondrosperma,Montia fontana subsp. chondrosperma (Fenzl) Walters,(Fenzl) Walters,,,,FUND. BIODIVERSIDAD:ANTHOS:21016,e6e19630a9415359fba90888864d17313873a984ac79a3677c1d62aac943f991,
1635,BRASSICACEAE,Moricandia moricandioides,NO_API_TAXON,False,KEEP_TAXONIC_RESPONSE,2026-08-19T17:29:43.541853+00:00,EXACT_CANONICAL_FOUND,Moricandia moricandioides,Moricandia moricandioides,(Boiss.) Heywood,Accepted,,2360800,2360800,6ff1e084d7e1de5bce526a9952c96fbb0f13b4f2c615b0fc30c055f88bfb5483,,EXACT_CANONICAL_FOUND,Moricandia moricandioides,Moricandia moricandioides,(Boiss.) Heywood,Accepted,,,wfo-0000369739,ccfc7e3ca85c8b80aa96eb52d4e50e07e1811d28916b544280d8a4f1a043ba72,,EXACT_CANONICAL_FOUND,Moricandia moricandioides,Moricandia moricandioides (Boiss.) Heywood,(Boiss.) Heywood,,,,FUND. BIODIVERSIDAD:ANTHOS:78021,e6e19630a9415359fba90888864d17313873a984ac79a3677c1d62aac943f991,
1644,BORAGINACEAE,Myosotis decumbens subsp. teresiana,NO_EXACT_MATCH,False,KEEP_TAXONIC_RESPONSE,2026-08-19T17:29:43.541863+00:00,EXACT_CANONICAL_FOUND,Myosotis decumbens subsp. teresiana,Myosotis decumbens subsp. teresiana,(Sennen) Grau,Accepted,,2898475,2898475,6ff1e084d7e1de5bce526a9952c96fbb0f13b4f2c615b0fc30c055f88bfb5483,,EXACT_CANONICAL_FOUND,Myosotis decumbens subsp. teresiana,Myosotis decumbens subsp. teresiana,(Sennen) Grau,Unchecked,,,wfo-1200011421,ccfc7e3ca85c8b80aa96eb52d4e50e07e1811d28916b544280d8a4f1a043ba72,,EXACT_CANONICAL_FOUND,Myosotis decumbens subsp. teresiana,Myosotis decumbens subsp. teresiana (Sennen) Grau,(Sennen) Grau,,,,FUND. BIODIVERSIDAD:ANTHOS:29899,e6e19630a9415359fba90888864d17313873a984ac79a3677c1d62aac943f991,
1646,BORAGINACEAE,Myosotis discolor subsp. discolor,NO_EXACT_MATCH,False,KEEP_TAXONIC_RESPONSE,2026-08-19T17:29:43.541876+00:00,EXACT_CANONICAL_FOUND,Myosotis discolor subsp. discolor,Myosotis discolor subsp. discolor,,Accepted,,3257491,3257491,6ff1e084d7e1de5bce526a9952c96fbb0f13b4f2c615b0fc30c055f88bfb5483,,EXACT_CANONICAL_FOUND,Myosotis discolor subsp. discolor,Myosotis discolor subsp. discolor,,Synonym,,wfo-0000368130,wfo-0001215085,ccfc7e3ca85c8b80aa96eb52d4e50e07e1811d28916b544280d8a4f1a043ba72,,EXACT_CANONICAL_FOUND,Myosotis discolor subsp. discolor,Myosotis discolor subsp. discolor Pers.,Pers.,,,,FUND. BIODIVERSIDAD:ANTHOS:48694,e6e19630a9415359fba90888864d17313873a984ac79a3677c1d62aac943f991,
1647,BORAGINACEAE,Myosotis laxa subsp. caespitosa,NO_EXACT_MATCH,False,NO_RESPONSE_ALL_THREE,2026-08-19T17:29:43.541884+00:00,EXACT_CANONICAL_NOT_FOUND,,,,,,,,6ff1e084d7e1de5bce526a9952c96fbb0f13b4f2c615b0fc30c055f88bfb5483,,EXACT_CANONICAL_NOT_FOUND,,,,,,,,ccfc7e3ca85c8b80aa96eb52d4e50e07e1811d28916b544280d8a4f1a043ba72,,EXACT_CANONICAL_NOT_FOUND,,,,,,,,e6e19630a9415359fba90888864d17313873a984ac79a3677c1d62aac943f991,
1650,BORAGINACEAE,Myosotis ramosissima subsp. globularis,NO_EXACT_MATCH,False,KEEP_TAXONIC_RESPONSE,2026-08-19T17:29:43.541910+00:00,EXACT_CANONICAL_FOUND,Myosotis ramosissima subsp. globularis,Myosotis ramosissima subsp. globularis,(Samp.) Grau,Accepted,,2898465,2898465,6ff1e084d7e1de5bce526a9952c96fbb0f13b4f2c615b0fc30c055f88bfb5483,,EXACT_CANONICAL_FOUND,Myosotis ramosissima subsp. globularis,Myosotis ramosissima subsp. globularis,(Samp.) Grau,Accepted,,,wfo-0000745527,ccfc7e3ca85c8b80aa96eb52d4e50e07e1811d28916b544280d8a4f1a043ba72,,EXACT_CANONICAL_NOT_FOUND,,,,,,,,e6e19630a9415359fba90888864d17313873a984ac79a3677c1d62aac943f991,
1651,BORAGINACEAE,Myosotis ramosissima subsp. gracillima,NO_EXACT_MATCH,False,KEEP_TAXONIC_RESPONSE,2026-08-19T17:29:43.541920+00:00,EXACT_CANONICAL_FOUND,Myosotis ramosissima subsp. gracillima,Myosotis ramosissima subsp. gracillima,(Loscos & J.Pardo) Rivas Mart.,Accepted,,2358286,2358286,6ff1e084d7e1de5bce526a9952c96fbb0f13b4f2c615b0fc30c055f88bfb5483,,EXACT_CANONICAL_FOUND,Myosotis ramosissima subsp. gracillima,Myosotis ramosissima subsp. gracillima,(Loscos & J.Pardo) Rivas Mart.,Accepted,,,wfo-0001363704,ccfc7e3ca85c8b80aa96eb52d4e50e07e1811d28916b544280d8a4f1a043ba72,,EXACT_CANONICAL_FOUND,Myosotis ramosissima subsp. gracillima,Myosotis ramosissima subsp. gracillima (Loscos & J. Pardo) Rivas Mart.,(Loscos & J. Pardo) Rivas Mart.,,,,FUND. BIODIVERSIDAD:ANTHOS:29875,e6e19630a9415359fba90888864d17313873a984ac79a3677c1d62aac943f991,
1652,BORAGINACEAE,Myosotis ramosissima subsp. ramosissima,NO_EXACT_MATCH,False,KEEP_TAXONIC_RESPONSE,2026-08-19T17:29:43.541932+00:00,EXACT_CANONICAL_FOUND,Myosotis ramosissima subsp. ramosissima,Myosotis ramosissima subsp. ramosissima,,Accepted,,3257513,3257513,6ff1e084d7e1de5bce526a9952c96fbb0f13b4f2c615b0fc30c055f88bfb5483,,EXACT_CANONICAL_FOUND,Myosotis ramosissima subsp. ramosissima,Myosotis ramosissima subsp. ramosissima,,Unchecked,,,wfo-1200107730,ccfc7e3ca85c8b80aa96eb52d4e50e07e1811d28916b544280d8a4f1a043ba72,,EXACT_CANONICAL_FOUND,Myosotis ramosissima subsp. ramosissima,Myosotis ramosissima subsp. ramosissima Rochel in Schult.,Rochel in Schult.,,,,FUND. BIODIVERSIDAD:ANTHOS:45054,e6e19630a9415359fba90888864d17313873a984ac79a3677c1d62aac943f991,
1658,APIACEAE,Myrrhoides nodosa,NO_API_TAXON,False,KEEP_TAXONIC_RESPONSE,2026-08-19T17:29:43.541941+00:00,EXACT_CANONICAL_FOUND,Myrrhoides nodosa,Myrrhoides nodosa,(L.) Cannon,Synonym,,2714279,2363883,6ff1e084d7e1de5bce526a9952c96fbb0f13b4f2c615b0fc30c055f88bfb5483,,EXACT_CANONICAL_FOUND,Myrrhoides nodosa,Myrrhoides nodosa,(L.) Cannon,Synonym,,wfo-0000599054,wfo-0000371989,ccfc7e3ca85c8b80aa96eb52d4e50e07e1811d28916b544280d8a4f1a043ba72,,EXACT_CANONICAL_FOUND,Myrrhoides nodosa,Myrrhoides nodosa (L.) Cannon,(L.) Cannon,,,,FUND. BIODIVERSIDAD:ANTHOS:27822,e6e19630a9415359fba90888864d17313873a984ac79a3677c1d62aac943f991,
1662,AMARYLLIDACEAE,Narcissus bulbocodium subsp. bulbocodium,NO_EXACT_MATCH,False,KEEP_TAXONIC_RESPONSE,2026-08-19T17:29:43.541955+00:00,EXACT_CANONICAL_FOUND,Narcissus bulbocodium subsp. bulbocodium,Narcissus bulbocodium subsp. bulbocodium,,Accepted,,309110,309110,6ff1e084d7e1de5bce526a9952c96fbb0f13b4f2c615b0fc30c055f88bfb5483,,EXACT_CANONICAL_FOUND,Narcissus bulbocodium subsp. bulbocodium,Narcissus bulbocodium subsp. bulbocodium,,Accepted,,,wfo-0000770389,ccfc7e3ca85c8b80aa96eb52d4e50e07e1811d28916b544280d8a4f1a043ba72,,EXACT_CANONICAL_NOT_FOUND,,,,,,,,e6e19630a9415359fba90888864d17313873a984ac79a3677c1d62aac943f991,
1666,AMARYLLIDACEAE,Narcissus pseudonarcissus subsp. portensis,NO_EXACT_MATCH,False,KEEP_TAXONIC_RESPONSE,2026-08-19T17:29:43.541964+00:00,EXACT_CANONICAL_FOUND,Narcissus pseudonarcissus subsp. portensis,Narcissus pseudonarcissus subsp. portensis,(Pugsley) A.Fern.,Synonym,,281984,309117,6ff1e084d7e1de5bce526a9952c96fbb0f13b4f2c615b0fc30c055f88bfb5483,,EXACT_CANONICAL_FOUND,Narcissus pseudonarcissus subsp. portensis,Narcissus pseudonarcissus subsp. portensis,(Pugsley) A.Fern.,Synonym,,wfo-0000704988,wfo-0000770396,ccfc7e3ca85c8b80aa96eb52d4e50e07e1811d28916b544280d8a4f1a043ba72,,EXACT_CANONICAL_FOUND,Narcissus pseudonarcissus subsp. portensis,Narcissus pseudonarcissus subsp. portensis (Pugsley) A. Fern.,(Pugsley) A. Fern.,,,,FUND. BIODIVERSIDAD:ANTHOS:49046,e6e19630a9415359fba90888864d17313873a984ac79a3677c1d62aac943f991,
1669,AMARYLLIDACEAE,Narcissus triandrus subsp. pallidulus,NO_EXACT_MATCH,False,KEEP_TAXONIC_RESPONSE,2026-08-19T17:29:43.541974+00:00,EXACT_CANONICAL_FOUND,Narcissus triandrus subsp. pallidulus,Narcissus triandrus subsp. pallidulus,(Graells) Rivas Goday,Accepted,,282525,282525,6ff1e084d7e1de5bce526a9952c96fbb0f13b4f2c615b0fc30c055f88bfb5483,,EXACT_CANONICAL_FOUND,Narcissus triandrus subsp. pallidulus,Narcissus triandrus subsp. pallidulus,(Graells) Rivas Goday,Accepted,,,wfo-0000702547,ccfc7e3ca85c8b80aa96eb52d4e50e07e1811d28916b544280d8a4f1a043ba72,,EXACT_CANONICAL_FOUND,Narcissus triandrus subsp. pallidulus,Narcissus triandrus subsp. pallidulus (Graells) Rivas Goday,(Graells) Rivas Goday,,,,FUND. BIODIVERSIDAD:ANTHOS:35502,e6e19630a9415359fba90888864d17313873a984ac79a3677c1d62aac943f991,
1670,AMARYLLIDACEAE,Narcissus triandrus subsp. triandrus,NO_EXACT_MATCH,False,KEEP_TAXONIC_RESPONSE,2026-08-19T17:29:43.541986+00:00,EXACT_CANONICAL_FOUND,Narcissus triandrus subsp. triandrus,Narcissus triandrus subsp. triandrus,,Accepted,,477317,477317,6ff1e084d7e1de5bce526a9952c96fbb0f13b4f2c615b0fc30c055f88bfb5483,,EXACT_CANONICAL_FOUND,Narcissus triandrus subsp. triandrus,Narcissus triandrus subsp. triandrus,,Unchecked,,,wfo-0001406851,ccfc7e3ca85c8b80aa96eb52d4e50e07e1811d28916b544280d8a4f1a043ba72,,EXACT_CANONICAL_FOUND,Narcissus triandrus subsp. triandrus,Narcissus triandrus subsp. triandrus L.,L.,,,,FUND. BIODIVERSIDAD:ANTHOS:35499,e6e19630a9415359fba90888864d17313873a984ac79a3677c1d62aac943f991,
1673,POACEAE,Neoschischkinia nebulosa,NO_API_TAXON,False,KEEP_TAXONIC_RESPONSE,2026-08-19T17:29:43.541994+00:00,EXACT_CANONICAL_FOUND,Neoschischkinia nebulosa,Neoschischkinia nebulosa,(Boiss. & Reut.) Tzvelev,Synonym,,389981,425773,6ff1e084d7e1de5bce526a9952c96fbb0f13b4f2c615b0fc30c055f88bfb5483,,EXACT_CANONICAL_FOUND,Neoschischkinia nebulosa,Neoschischkinia nebulosa,(Boiss. & Reut.) Tzvelev,Synonym,,wfo-0000844060,wfo-0000881474,ccfc7e3ca85c8b80aa96eb52d4e50e07e1811d28916b544280d8a4f1a043ba72,,EXACT_CANONICAL_NOT_FOUND,,,,,,,,e6e19630a9415359fba90888864d17313873a984ac79a3677c1d62aac943f991,
1674,POACEAE,Neoschischkinia truncatula subsp. duriaei,NO_API_TAXON,False,NO_RESPONSE_ALL_THREE,2026-08-19T17:29:43.542004+00:00,EXACT_CANONICAL_NOT_FOUND,,,,,,,,6ff1e084d7e1de5bce526a9952c96fbb0f13b4f2c615b0fc30c055f88bfb5483,,EXACT_CANONICAL_NOT_FOUND,,,,,,,,ccfc7e3ca85c8b80aa96eb52d4e50e07e1811d28916b544280d8a4f1a043ba72,,EXACT_CANONICAL_NOT_FOUND,,,,,,,,e6e19630a9415359fba90888864d17313873a984ac79a3677c1d62aac943f991,
1678,LAMIACEAE,Nepeta beltranii,NO_API_TAXON,False,KEEP_TAXONIC_RESPONSE,2026-08-19T17:29:43.542013+00:00,EXACT_CANONICAL_FOUND,Nepeta beltranii,Nepeta beltranii,Pau,Synonym,,475774,134458,6ff1e084d7e1de5bce526a9952c96fbb0f13b4f2c615b0fc30c055f88bfb5483,,EXACT_CANONICAL_FOUND,Nepeta beltranii,Nepeta beltranii,Pau,Synonym,,wfo-0001427172,wfo-0000250789,ccfc7e3ca85c8b80aa96eb52d4e50e07e1811d28916b544280d8a4f1a043ba72,,EXACT_CANONICAL_NOT_FOUND,,,,,,,,e6e19630a9415359fba90888864d17313873a984ac79a3677c1d62aac943f991,
1680,LAMIACEAE,Nepeta hispanica,NO_API_TAXON,False,KEEP_TAXONIC_RESPONSE,2026-08-19T17:29:43.542026+00:00,EXACT_CANONICAL_FOUND,Nepeta hispanica,Nepeta hispanica,Boiss. & Reut.,Accepted,,134659,134659,6ff1e084d7e1de5bce526a9952c96fbb0f13b4f2c615b0fc30c055f88bfb5483,,EXACT_CANONICAL_FOUND,Nepeta hispanica,Nepeta hispanica,Boiss. & Reut.,Accepted,,,wfo-0000251009,ccfc7e3ca85c8b80aa96eb52d4e50e07e1811d28916b544280d8a4f1a043ba72,,EXACT_CANONICAL_FOUND,Nepeta hispanica,Nepeta hispanica Boiss. & Reut. in Boiss.,Boiss. & Reut. in Boiss.,,,,FUND. BIODIVERSIDAD:ANTHOS:78486,e6e19630a9415359fba90888864d17313873a984ac79a3677c1d62aac943f991,
1681,LAMIACEAE,Nepeta nepetella,NO_API_TAXON,False,KEEP_TAXONIC_RESPONSE,2026-08-19T17:29:43.542035+00:00,EXACT_CANONICAL_FOUND,Nepeta nepetella,Nepeta nepetella,L.,Accepted,,134823,134823,6ff1e084d7e1de5bce526a9952c96fbb0f13b4f2c615b0fc30c055f88bfb5483,,EXACT_CANONICAL_FOUND,Nepeta nepetella,Nepeta nepetella,L.,Accepted,,,wfo-0000251187,ccfc7e3ca85c8b80aa96eb52d4e50e07e1811d28916b544280d8a4f1a043ba72,,EXACT_CANONICAL_FOUND,Nepeta nepetella,Nepeta nepetella L.,L.,,,,FUND. BIODIVERSIDAD:ANTHOS:30412,e6e19630a9415359fba90888864d17313873a984ac79a3677c1d62aac943f991,
1682,LAMIACEAE,Nepeta nepetella subsp. aragonensis,NO_API_TAXON,False,KEEP_TAXONIC_RESPONSE,2026-08-19T17:29:43.542047+00:00,EXACT_CANONICAL_FOUND,Nepeta nepetella subsp. aragonensis,Nepeta nepetella subsp. aragonensis,(Lam.) Nyman,Accepted,,134826,134826,6ff1e084d7e1de5bce526a9952c96fbb0f13b4f2c615b0fc30c055f88bfb5483,,EXACT_CANONICAL_FOUND,Nepeta nepetella subsp. aragonensis,Nepeta nepetella subsp. aragonensis,(Lam.) Nyman,Accepted,,,wfo-0000251190,ccfc7e3ca85c8b80aa96eb52d4e50e07e1811d28916b544280d8a4f1a043ba72,,EXACT_CANONICAL_FOUND,Nepeta nepetella subsp. aragonensis,Nepeta nepetella subsp. aragonensis (Lam.) Nyman,(Lam.) Nyman,,,,FUND. BIODIVERSIDAD:ANTHOS:55589,e6e19630a9415359fba90888864d17313873a984ac79a3677c1d62aac943f991,
1683,LAMIACEAE,Nepeta nepetella subsp. cordifolia,NO_API_TAXON,False,KEEP_TAXONIC_RESPONSE,2026-08-19T17:29:43.542056+00:00,EXACT_CANONICAL_FOUND,Nepeta nepetella subsp. cordifolia,Nepeta nepetella subsp. cordifolia,(Willk.) Ubera & Valdés,Synonym,,134826,134829,6ff1e084d7e1de5bce526a9952c96fbb0f13b4f2c615b0fc30c055f88bfb5483,,EXACT_CANONICAL_FOUND,Nepeta nepetella subsp. cordifolia,Nepeta nepetella subsp. cordifolia,(Willk.) Ubera & Valdés,Synonym,,wfo-0000251190,wfo-0000251193,ccfc7e3ca85c8b80aa96eb52d4e50e07e1811d28916b544280d8a4f1a043ba72,,EXACT_CANONICAL_NOT_FOUND,,,,,,,,e6e19630a9415359fba90888864d17313873a984ac79a3677c1d62aac943f991,
1684,LAMIACEAE,Nepeta tuberosa,NO_API_TAXON,False,KEEP_TAXONIC_RESPONSE,2026-08-19T17:29:43.542067+00:00,EXACT_CANONICAL_FOUND,Nepeta tuberosa,Nepeta tuberosa,L.,Accepted,,135050,135050,6ff1e084d7e1de5bce526a9952c96fbb0f13b4f2c615b0fc30c055f88bfb5483,,EXACT_CANONICAL_FOUND,Nepeta tuberosa,Nepeta tuberosa,L.,Accepted,,,wfo-0000251432,ccfc7e3ca85c8b80aa96eb52d4e50e07e1811d28916b544280d8a4f1a043ba72,,EXACT_CANONICAL_FOUND,Nepeta tuberosa,Nepeta tuberosa L.,L.,,,,FUND. BIODIVERSIDAD:ANTHOS:30406,e6e19630a9415359fba90888864d17313873a984ac79a3677c1d62aac943f991,
1685,BRASSICACEAE,Neslia paniculata subsp. thracica,NO_EXACT_MATCH,False,KEEP_TAXONIC_RESPONSE,2026-08-19T17:29:43.542077+00:00,EXACT_CANONICAL_FOUND,Neslia paniculata subsp. thracica,Neslia paniculata subsp. thracica,(Velen.) Bornm.,Accepted,,2871247,2871247,6ff1e084d7e1de5bce526a9952c96fbb0f13b4f2c615b0fc30c055f88bfb5483,,EXACT_CANONICAL_FOUND,Neslia paniculata subsp. thracica,Neslia paniculata subsp. thracica,(Velen.) Bornm.,Synonym,,wfo-0000380271,wfo-0000735639,ccfc7e3ca85c8b80aa96eb52d4e50e07e1811d28916b544280d8a4f1a043ba72,,EXACT_CANONICAL_FOUND,Neslia paniculata subsp. thracica,Neslia paniculata subsp. thracica (Velen.) Bornm.,(Velen.) Bornm.,,,,FUND. BIODIVERSIDAD:ANTHOS:22982,e6e19630a9415359fba90888864d17313873a984ac79a3677c1d62aac943f991,
1687,RANUNCULACEAE,Nigella gallica,NO_API_TAXON,False,KEEP_TAXONIC_RESPONSE,2026-08-19T17:29:43.542088+00:00,EXACT_CANONICAL_FOUND,Nigella gallica,Nigella gallica,Jord.,Accepted,,2381713,2381713,6ff1e084d7e1de5bce526a9952c96fbb0f13b4f2c615b0fc30c055f88bfb5483,,EXACT_CANONICAL_FOUND,Nigella gallica,Nigella gallica,Jord.,Accepted,,,wfo-0000380704,ccfc7e3ca85c8b80aa96eb52d4e50e07e1811d28916b544280d8a4f1a043ba72,,EXACT_CANONICAL_FOUND,Nigella gallica,Nigella gallica Jord.,Jord.,,,,FUND. BIODIVERSIDAD:ANTHOS:21809,e6e19630a9415359fba90888864d17313873a984ac79a3677c1d62aac943f991,
1688,BRASSICACEAE,Noccaea stenoptera,NO_API_TAXON,False,KEEP_TAXONIC_RESPONSE,2026-08-19T17:29:43.542096+00:00,EXACT_CANONICAL_FOUND,Noccaea stenoptera,Noccaea stenoptera,(Boiss. & Reut.) F.K.Mey.,Accepted,,2381176,2381176,6ff1e084d7e1de5bce526a9952c96fbb0f13b4f2c615b0fc30c055f88bfb5483,,EXACT_CANONICAL_FOUND,Noccaea stenoptera,Noccaea stenoptera,(Boiss. & Reut.) F.K.Mey.,Accepted,,,wfo-0001037057,ccfc7e3ca85c8b80aa96eb52d4e50e07e1811d28916b544280d8a4f1a043ba72,,EXACT_CANONICAL_NOT_FOUND,,,,,,,,e6e19630a9415359fba90888864d17313873a984ac79a3677c1d62aac943f991,
1690,BORAGINACEAE,Nonea micrantha,NO_API_TAXON,False,KEEP_TAXONIC_RESPONSE,2026-08-19T17:29:43.542106+00:00,EXACT_CANONICAL_FOUND,Nonea micrantha,Nonea micrantha,Boiss. & Reut.,Accepted,,2380014,2380014,6ff1e084d7e1de5bce526a9952c96fbb0f13b4f2c615b0fc30c055f88bfb5483,,EXACT_CANONICAL_FOUND,Nonea micrantha,Nonea micrantha,Boiss. & Reut.,Accepted,,,wfo-0000379750,ccfc7e3ca85c8b80aa96eb52d4e50e07e1811d28916b544280d8a4f1a043ba72,,EXACT_CANONICAL_FOUND,Nonea micrantha,Nonea micrantha Boiss. & Reut.,Boiss. & Reut.,,,,FUND. BIODIVERSIDAD:ANTHOS:56646,e6e19630a9415359fba90888864d17313873a984ac79a3677c1d62aac943f991,
1691,OROBANCHACEAE,Odontites eliassennenii,NO_API_TAXON,False,KEEP_TAXONIC_RESPONSE,2026-08-19T17:29:43.542116+00:00,EXACT_CANONICAL_FOUND,Odontites eliassennenii,Odontites eliassennenii,Pau,Synonym,,2397059,2396876,6ff1e084d7e1de5bce526a9952c96fbb0f13b4f2c615b0fc30c055f88bfb5483,,EXACT_CANONICAL_FOUND,Odontites eliassennenii,Odontites eliassennenii,Pau,Synonym,,wfo-0001043602,wfo-0000388571,ccfc7e3ca85c8b80aa96eb52d4e50e07e1811d28916b544280d8a4f1a043ba72,,EXACT_CANONICAL_NOT_FOUND,,,,,,,,e6e19630a9415359fba90888864d17313873a984ac79a3677c1d62aac943f991,
1692,OROBANCHACEAE,Odontites kaliformis,NO_API_TAXON,False,KEEP_TAXONIC_RESPONSE,2026-08-19T17:29:43.542126+00:00,EXACT_CANONICAL_FOUND,Odontites kaliformis,Odontites kaliformis,(Pourr. ex Willd.) Pau,Accepted,,2396918,2396918,6ff1e084d7e1de5bce526a9952c96fbb0f13b4f2c615b0fc30c055f88bfb5483,,EXACT_CANONICAL_FOUND,Odontites kaliformis,Odontites kaliformis,(Pourr. ex Willd.) Pau,Accepted,,,wfo-0001260153,ccfc7e3ca85c8b80aa96eb52d4e50e07e1811d28916b544280d8a4f1a043ba72,,EXACT_CANONICAL_FOUND,Odontites kaliformis,Odontites kaliformis (Pourr. ex Willd.) Pau,(Pourr. ex Willd.) Pau,,,,FUND. BIODIVERSIDAD:ANTHOS:182822,e6e19630a9415359fba90888864d17313873a984ac79a3677c1d62aac943f991,
1693,OROBANCHACEAE,Odontites longiflora,NO_API_TAXON,False,NO_RESPONSE_ALL_THREE,2026-08-19T17:29:43.542134+00:00,EXACT_CANONICAL_NOT_FOUND,,,,,,,,6ff1e084d7e1de5bce526a9952c96fbb0f13b4f2c615b0fc30c055f88bfb5483,,EXACT_CANONICAL_NOT_FOUND,,,,,,,,ccfc7e3ca85c8b80aa96eb52d4e50e07e1811d28916b544280d8a4f1a043ba72,,EXACT_CANONICAL_NOT_FOUND,,,,,,,,e6e19630a9415359fba90888864d17313873a984ac79a3677c1d62aac943f991,
1695,OROBANCHACEAE,Odontites recordonii,NO_API_TAXON,False,KEEP_TAXONIC_RESPONSE,2026-08-19T17:29:43.542143+00:00,EXACT_CANONICAL_FOUND,Odontites recordonii,Odontites recordonii,Burnat & Barbey,Accepted,,2397059,2397059,6ff1e084d7e1de5bce526a9952c96fbb0f13b4f2c615b0fc30c055f88bfb5483,,EXACT_CANONICAL_FOUND,Odontites recordonii,Odontites recordonii,Burnat & Barbey,Accepted,,,wfo-0001043602,ccfc7e3ca85c8b80aa96eb52d4e50e07e1811d28916b544280d8a4f1a043ba72,,EXACT_CANONICAL_FOUND,Odontites recordonii,Odontites recordonii Burnat & Barbey,Burnat & Barbey,,,,FUND. BIODIVERSIDAD:ANTHOS:31564,e6e19630a9415359fba90888864d17313873a984ac79a3677c1d62aac943f991,
1696,OROBANCHACEAE,Odontites verna,NO_API_TAXON,False,NO_RESPONSE_ALL_THREE,2026-08-19T17:29:43.542152+00:00,EXACT_CANONICAL_NOT_FOUND,,,,,,,,6ff1e084d7e1de5bce526a9952c96fbb0f13b4f2c615b0fc30c055f88bfb5483,,EXACT_CANONICAL_NOT_FOUND,,,,,,,,ccfc7e3ca85c8b80aa96eb52d4e50e07e1811d28916b544280d8a4f1a043ba72,,EXACT_CANONICAL_NOT_FOUND,,,,,,,,e6e19630a9415359fba90888864d17313873a984ac79a3677c1d62aac943f991,
1697,OROBANCHACEAE,Odontites verna subsp. serotina,NO_API_TAXON,False,NO_RESPONSE_ALL_THREE,2026-08-19T17:29:43.542162+00:00,EXACT_CANONICAL_NOT_FOUND,,,,,,,,6ff1e084d7e1de5bce526a9952c96fbb0f13b4f2c615b0fc30c055f88bfb5483,,EXACT_CANONICAL_NOT_FOUND,,,,,,,,ccfc7e3ca85c8b80aa96eb52d4e50e07e1811d28916b544280d8a4f1a043ba72,,EXACT_CANONICAL_NOT_FOUND,,,,,,,,e6e19630a9415359fba90888864d17313873a984ac79a3677c1d62aac943f991,
1698,OROBANCHACEAE,Odontites verna subsp. verna,NO_API_TAXON,False,NO_RESPONSE_ALL_THREE,2026-08-19T17:29:43.542172+00:00,EXACT_CANONICAL_NOT_FOUND,,,,,,,,6ff1e084d7e1de5bce526a9952c96fbb0f13b4f2c615b0fc30c055f88bfb5483,,EXACT_CANONICAL_NOT_FOUND,,,,,,,,ccfc7e3ca85c8b80aa96eb52d4e50e07e1811d28916b544280d8a4f1a043ba72,,EXACT_CANONICAL_NOT_FOUND,,,,,,,,e6e19630a9415359fba90888864d17313873a984ac79a3677c1d62aac943f991,
1699,OROBANCHACEAE,Odontites vernus,NO_API_TAXON,False,KEEP_TAXONIC_RESPONSE,2026-08-19T17:29:43.542181+00:00,EXACT_CANONICAL_FOUND,Odontites vernus,Odontites vernus,(Bellardi) Dumort.,Accepted,,2397090,2397090,6ff1e084d7e1de5bce526a9952c96fbb0f13b4f2c615b0fc30c055f88bfb5483,,EXACT_CANONICAL_FOUND,Odontites vernus,Odontites vernus,(Bellardi) Dumort.,Accepted,,,wfo-0001136632,ccfc7e3ca85c8b80aa96eb52d4e50e07e1811d28916b544280d8a4f1a043ba72,,EXACT_CANONICAL_FOUND,Odontites vernus,Odontites vernus (Bellardi) Dumort.,(Bellardi) Dumort.,,,,FUND. BIODIVERSIDAD:ANTHOS:31577,e6e19630a9415359fba90888864d17313873a984ac79a3677c1d62aac943f991,
1700,OROBANCHACEAE,Odontites viscosa,NO_API_TAXON,False,NO_RESPONSE_ALL_THREE,2026-08-19T17:29:43.542190+00:00,EXACT_CANONICAL_NOT_FOUND,,,,,,,,6ff1e084d7e1de5bce526a9952c96fbb0f13b4f2c615b0fc30c055f88bfb5483,,EXACT_CANONICAL_NOT_FOUND,,,,,,,,ccfc7e3ca85c8b80aa96eb52d4e50e07e1811d28916b544280d8a4f1a043ba72,,EXACT_CANONICAL_NOT_FOUND,,,,,,,,e6e19630a9415359fba90888864d17313873a984ac79a3677c1d62aac943f991,
1708,ONAGRACEAE,Oenothera glazioviana,NO_API_TAXON,False,KEEP_TAXONIC_RESPONSE,2026-08-19T17:29:43.542199+00:00,EXACT_CANONICAL_FOUND,Oenothera glazioviana,Oenothera glazioviana,Micheli,Accepted,,2398876,2398876,6ff1e084d7e1de5bce526a9952c96fbb0f13b4f2c615b0fc30c055f88bfb5483,,EXACT_CANONICAL_FOUND,Oenothera glazioviana,Oenothera glazioviana,Micheli,Accepted,,,wfo-0000389393,ccfc7e3ca85c8b80aa96eb52d4e50e07e1811d28916b544280d8a4f1a043ba72,,EXACT_CANONICAL_FOUND,Oenothera glazioviana,Oenothera glazioviana Micheli in Mart.,Micheli in Mart.,,,,FUND. BIODIVERSIDAD:ANTHOS:27588,e6e19630a9415359fba90888864d17313873a984ac79a3677c1d62aac943f991,
1712,FABACEAE,Onobrychis argentea subsp. hispanica,NO_API_TAXON,False,KEEP_TAXONIC_RESPONSE,2026-08-19T17:29:43.542210+00:00,EXACT_CANONICAL_FOUND,Onobrychis argentea subsp. hispanica,Onobrychis argentea subsp. hispanica,(Širj.) P.W.Ball,Synonym,,2389181,2873330,6ff1e084d7e1de5bce526a9952c96fbb0f13b4f2c615b0fc30c055f88bfb5483,,EXACT_CANONICAL_FOUND,Onobrychis argentea subsp. hispanica,Onobrychis argentea subsp. hispanica,(Širj.) P.W.Ball,Synonym,,wfo-0000191439,wfo-0000214165,ccfc7e3ca85c8b80aa96eb52d4e50e07e1811d28916b544280d8a4f1a043ba72,,EXACT_CANONICAL_FOUND,Onobrychis argentea subsp. hispanica,Onobrychis argentea subsp. hispanica (irj.) P.W. Ball,(irj.) P.W. Ball,,,,FUND. BIODIVERSIDAD:ANTHOS:25805,e6e19630a9415359fba90888864d17313873a984ac79a3677c1d62aac943f991,
1713,FABACEAE,Onobrychis saxatilis,NO_API_TAXON,False,KEEP_TAXONIC_RESPONSE,2026-08-19T17:29:43.542219+00:00,EXACT_CANONICAL_FOUND,Onobrychis saxatilis,Onobrychis saxatilis,(L.) Lam.,Accepted,,2388938,2388938,6ff1e084d7e1de5bce526a9952c96fbb0f13b4f2c615b0fc30c055f88bfb5483,,EXACT_CANONICAL_FOUND,Onobrychis saxatilis,Onobrychis saxatilis,(L.) Lam.,Accepted,,,wfo-0000205002,ccfc7e3ca85c8b80aa96eb52d4e50e07e1811d28916b544280d8a4f1a043ba72,,EXACT_CANONICAL_FOUND,Onobrychis saxatilis,Onobrychis saxatilis (L.) Lam.,(L.) Lam.,,,,FUND. BIODIVERSIDAD:ANTHOS:25802,e6e19630a9415359fba90888864d17313873a984ac79a3677c1d62aac943f991,
1714,FABACEAE,Onobrychis supina,NO_API_TAXON,False,KEEP_TAXONIC_RESPONSE,2026-08-19T17:29:43.542229+00:00,EXACT_CANONICAL_FOUND,Onobrychis supina,Onobrychis supina,(Vill.) DC.,Accepted,,2389292,2389292,6ff1e084d7e1de5bce526a9952c96fbb0f13b4f2c615b0fc30c055f88bfb5483,,EXACT_CANONICAL_FOUND,Onobrychis supina,Onobrychis supina,(Vill.) DC.,Accepted,,,wfo-0000191464,ccfc7e3ca85c8b80aa96eb52d4e50e07e1811d28916b544280d8a4f1a043ba72,,EXACT_CANONICAL_FOUND,Onobrychis supina,Onobrychis supina (Chaix ex Vill.) DC. in Lam. & DC.,(Chaix ex Vill.) DC. in Lam. & DC.,,,,FUND. BIODIVERSIDAD:ANTHOS:39260,e6e19630a9415359fba90888864d17313873a984ac79a3677c1d62aac943f991,
1716,FABACEAE,Ononis aragonensis,NO_API_TAXON,False,KEEP_TAXONIC_RESPONSE,2026-08-19T17:29:43.542239+00:00,EXACT_CANONICAL_FOUND,Ononis aragonensis,Ononis aragonensis,Asso,Accepted,,2389543,2389543,6ff1e084d7e1de5bce526a9952c96fbb0f13b4f2c615b0fc30c055f88bfb5483,,EXACT_CANONICAL_FOUND,Ononis aragonensis,Ononis aragonensis,Asso,Accepted,,,wfo-0000212845,ccfc7e3ca85c8b80aa96eb52d4e50e07e1811d28916b544280d8a4f1a043ba72,,EXACT_CANONICAL_FOUND,Ononis aragonensis,Ononis aragonensis Asso,Asso,,,,FUND. BIODIVERSIDAD:ANTHOS:39405,e6e19630a9415359fba90888864d17313873a984ac79a3677c1d62aac943f991,
1717,FABACEAE,Ononis fruticosa,NO_API_TAXON,False,KEEP_TAXONIC_RESPONSE,2026-08-19T17:29:43.542249+00:00,EXACT_CANONICAL_FOUND,Ononis fruticosa,Ononis fruticosa,L.,Accepted,,2389650,2389650,6ff1e084d7e1de5bce526a9952c96fbb0f13b4f2c615b0fc30c055f88bfb5483,,EXACT_CANONICAL_FOUND,Ononis fruticosa,Ononis fruticosa,L.,Accepted,,,wfo-0000212865,ccfc7e3ca85c8b80aa96eb52d4e50e07e1811d28916b544280d8a4f1a043ba72,,EXACT_CANONICAL_FOUND,Ononis fruticosa,Ononis fruticosa L.,L.,,,,FUND. BIODIVERSIDAD:ANTHOS:25092,e6e19630a9415359fba90888864d17313873a984ac79a3677c1d62aac943f991,
1718,FABACEAE,Ononis minutissima,NO_API_TAXON,False,KEEP_TAXONIC_RESPONSE,2026-08-19T17:29:43.542258+00:00,EXACT_CANONICAL_FOUND,Ononis minutissima,Ononis minutissima,L.,Accepted,,2389385,2389385,6ff1e084d7e1de5bce526a9952c96fbb0f13b4f2c615b0fc30c055f88bfb5483,,EXACT_CANONICAL_FOUND,Ononis minutissima,Ononis minutissima,L.,Accepted,,,wfo-0000212876,ccfc7e3ca85c8b80aa96eb52d4e50e07e1811d28916b544280d8a4f1a043ba72,,EXACT_CANONICAL_FOUND,Ononis minutissima,Ononis minutissima L.,L.,,,,FUND. BIODIVERSIDAD:ANTHOS:39408,e6e19630a9415359fba90888864d17313873a984ac79a3677c1d62aac943f991,
1721,FABACEAE,Ononis natrix subsp. natrix,NO_EXACT_MATCH,False,KEEP_TAXONIC_RESPONSE,2026-08-19T17:29:43.542269+00:00,EXACT_CANONICAL_FOUND,Ononis natrix subsp. natrix,Ononis natrix subsp. natrix,,Accepted,,3036604,3036604,6ff1e084d7e1de5bce526a9952c96fbb0f13b4f2c615b0fc30c055f88bfb5483,,EXACT_CANONICAL_FOUND,Ononis natrix subsp. natrix,Ononis natrix subsp. natrix,,Accepted,,,wfo-0000212887,ccfc7e3ca85c8b80aa96eb52d4e50e07e1811d28916b544280d8a4f1a043ba72,,EXACT_CANONICAL_NOT_FOUND,,,,,,,,e6e19630a9415359fba90888864d17313873a984ac79a3677c1d62aac943f991,
1723,FABACEAE,Ononis reclinata subsp. mollis,NO_EXACT_MATCH,False,KEEP_TAXONIC_RESPONSE,2026-08-19T17:29:43.542281+00:00,EXACT_CANONICAL_FOUND,Ononis reclinata subsp. mollis,Ononis reclinata subsp. mollis,(Savi) Bég.,Synonym,,2933986,2912608,6ff1e084d7e1de5bce526a9952c96fbb0f13b4f2c615b0fc30c055f88bfb5483,,EXACT_CANONICAL_FOUND,Ononis reclinata subsp. mollis,Ononis reclinata subsp. mollis,(Savi) Bég.,Synonym,,wfo-0001428327,wfo-0001447875,ccfc7e3ca85c8b80aa96eb52d4e50e07e1811d28916b544280d8a4f1a043ba72,,EXACT_CANONICAL_FOUND,Ononis reclinata subsp. mollis,Ononis reclinata subsp. mollis (Savi) Bég.,(Savi) Bég.,,,,FUND. BIODIVERSIDAD:ANTHOS:846227,e6e19630a9415359fba90888864d17313873a984ac79a3677c1d62aac943f991,
1726,FABACEAE,Ononis spinosa subsp. australis,NO_EXACT_MATCH,False,KEEP_TAXONIC_RESPONSE,2026-08-19T17:29:43.542292+00:00,EXACT_CANONICAL_FOUND,Ononis spinosa subsp. australis,Ononis spinosa subsp. australis,(Širj.) Greuter & Burdet,Accepted,,2389426,2389426,6ff1e084d7e1de5bce526a9952c96fbb0f13b4f2c615b0fc30c055f88bfb5483,,EXACT_CANONICAL_FOUND,Ononis spinosa subsp. australis,Ononis spinosa subsp. australis,(Širj.) Greuter & Burdet,Accepted,,,wfo-0001062239,ccfc7e3ca85c8b80aa96eb52d4e50e07e1811d28916b544280d8a4f1a043ba72,,EXACT_CANONICAL_FOUND,Ononis spinosa subsp. australis,Ononis spinosa subsp. australis (irj.) Greuter & Burdet,(irj.) Greuter & Burdet,,,,FUND. BIODIVERSIDAD:ANTHOS:84327,e6e19630a9415359fba90888864d17313873a984ac79a3677c1d62aac943f991,
1727,FABACEAE,Ononis spinosa subsp. maritima,NO_EXACT_MATCH,False,KEEP_TAXONIC_RESPONSE,2026-08-19T17:29:43.542305+00:00,EXACT_CANONICAL_FOUND,Ononis spinosa subsp. maritima,Ononis spinosa subsp. maritima,(Dumort.) P.Fourn.,Synonym,,2912782,2912781,6ff1e084d7e1de5bce526a9952c96fbb0f13b4f2c615b0fc30c055f88bfb5483,,EXACT_CANONICAL_FOUND,Ononis spinosa subsp. maritima,Ononis spinosa subsp. maritima,(Dumort.) P.Fourn.,Synonym,,wfo-0000186975,wfo-0000185408,ccfc7e3ca85c8b80aa96eb52d4e50e07e1811d28916b544280d8a4f1a043ba72,,EXACT_CANONICAL_FOUND,Ononis spinosa subsp. maritima,Ononis spinosa subsp. maritima (Dumort.) P. Fourn.,(Dumort.) P. Fourn.,,,,FUND. BIODIVERSIDAD:ANTHOS:25148,e6e19630a9415359fba90888864d17313873a984ac79a3677c1d62aac943f991,
1729,FABACEAE,Ononis striata,NO_API_TAXON,False,KEEP_TAXONIC_RESPONSE,2026-08-19T17:29:43.542315+00:00,EXACT_CANONICAL_FOUND,Ononis striata,Ononis striata,Gouan,Accepted,,2389415,2389415,6ff1e084d7e1de5bce526a9952c96fbb0f13b4f2c615b0fc30c055f88bfb5483,,EXACT_CANONICAL_FOUND,Ononis striata,Ononis striata,Gouan,Accepted,,,wfo-0000213904,ccfc7e3ca85c8b80aa96eb52d4e50e07e1811d28916b544280d8a4f1a043ba72,,EXACT_CANONICAL_FOUND,Ononis striata,Ononis striata Gouan,Gouan,,,,FUND. BIODIVERSIDAD:ANTHOS:25140,e6e19630a9415359fba90888864d17313873a984ac79a3677c1d62aac943f991,
1730,FABACEAE,Ononis tridentata,NO_API_TAXON,False,KEEP_TAXONIC_RESPONSE,2026-08-19T17:29:43.542325+00:00,EXACT_CANONICAL_FOUND,Ononis tridentata,Ononis tridentata,L.,Accepted,,2389461,2389461,6ff1e084d7e1de5bce526a9952c96fbb0f13b4f2c615b0fc30c055f88bfb5483,,EXACT_CANONICAL_FOUND,Ononis tridentata,Ononis tridentata,L.,Accepted,,,wfo-0000212923,ccfc7e3ca85c8b80aa96eb52d4e50e07e1811d28916b544280d8a4f1a043ba72,,EXACT_CANONICAL_FOUND,Ononis tridentata,Ononis tridentata L.,L.,,,,FUND. BIODIVERSIDAD:ANTHOS:55271,e6e19630a9415359fba90888864d17313873a984ac79a3677c1d62aac943f991,
1731,FABACEAE,Ononis viscosa subsp. breviflora,NO_EXACT_MATCH,False,KEEP_TAXONIC_RESPONSE,2026-08-19T17:29:43.542336+00:00,EXACT_CANONICAL_FOUND,Ononis viscosa subsp. breviflora,Ononis viscosa subsp. breviflora,(DC.) Nyman,Accepted,,2873076,2873076,6ff1e084d7e1de5bce526a9952c96fbb0f13b4f2c615b0fc30c055f88bfb5483,,EXACT_CANONICAL_FOUND,Ononis viscosa subsp. breviflora,Ononis viscosa subsp. breviflora,(DC.) Nyman,Accepted,,,wfo-0000212928,ccfc7e3ca85c8b80aa96eb52d4e50e07e1811d28916b544280d8a4f1a043ba72,,EXACT_CANONICAL_FOUND,Ononis viscosa subsp. breviflora,Ononis viscosa subsp. breviflora (DC.) Nyman,(DC.) Nyman,,,,FUND. BIODIVERSIDAD:ANTHOS:25124,e6e19630a9415359fba90888864d17313873a984ac79a3677c1d62aac943f991,
1732,ASTERACEAE,Onopordon acanthium,NO_API_TAXON,False,NO_RESPONSE_ALL_THREE,2026-08-19T17:29:43.542345+00:00,EXACT_CANONICAL_NOT_FOUND,,,,,,,,6ff1e084d7e1de5bce526a9952c96fbb0f13b4f2c615b0fc30c055f88bfb5483,,EXACT_CANONICAL_NOT_FOUND,,,,,,,,ccfc7e3ca85c8b80aa96eb52d4e50e07e1811d28916b544280d8a4f1a043ba72,,EXACT_CANONICAL_NOT_FOUND,,,,,,,,e6e19630a9415359fba90888864d17313873a984ac79a3677c1d62aac943f991,
1733,ASTERACEAE,Onopordon corymbosum,NO_API_TAXON,False,NO_RESPONSE_ALL_THREE,2026-08-19T17:29:43.542354+00:00,EXACT_CANONICAL_NOT_FOUND,,,,,,,,6ff1e084d7e1de5bce526a9952c96fbb0f13b4f2c615b0fc30c055f88bfb5483,,EXACT_CANONICAL_NOT_FOUND,,,,,,,,ccfc7e3ca85c8b80aa96eb52d4e50e07e1811d28916b544280d8a4f1a043ba72,,EXACT_CANONICAL_NOT_FOUND,,,,,,,,e6e19630a9415359fba90888864d17313873a984ac79a3677c1d62aac943f991,
1734,ASTERACEAE,Onopordon nervosum,NO_API_TAXON,False,NO_RESPONSE_ALL_THREE,2026-08-19T17:29:43.542364+00:00,EXACT_CANONICAL_NOT_FOUND,,,,,,,,6ff1e084d7e1de5bce526a9952c96fbb0f13b4f2c615b0fc30c055f88bfb5483,,EXACT_CANONICAL_NOT_FOUND,,,,,,,,ccfc7e3ca85c8b80aa96eb52d4e50e07e1811d28916b544280d8a4f1a043ba72,,EXACT_CANONICAL_NOT_FOUND,,,,,,,,e6e19630a9415359fba90888864d17313873a984ac79a3677c1d62aac943f991,
1736,ASTERACEAE,Onopordum acaulon,NO_API_TAXON,False,KEEP_TAXONIC_RESPONSE,2026-08-19T17:29:43.542373+00:00,EXACT_CANONICAL_FOUND,Onopordum acaulon,Onopordum acaulon,L.,Accepted,,3043413,3043413,6ff1e084d7e1de5bce526a9952c96fbb0f13b4f2c615b0fc30c055f88bfb5483,,EXACT_CANONICAL_FOUND,Onopordum acaulon,Onopordum acaulon,L.,Accepted,,,wfo-0000035453,ccfc7e3ca85c8b80aa96eb52d4e50e07e1811d28916b544280d8a4f1a043ba72,,EXACT_CANONICAL_FOUND,Onopordum acaulon,Onopordum acaulon L.,L.,,,,FUND. BIODIVERSIDAD:ANTHOS:33910,e6e19630a9415359fba90888864d17313873a984ac79a3677c1d62aac943f991,
1737,ASTERACEAE,Onopordum corymbosum,NO_API_TAXON,False,KEEP_TAXONIC_RESPONSE,2026-08-19T17:29:43.542384+00:00,EXACT_CANONICAL_FOUND,Onopordum corymbosum,Onopordum corymbosum,Boiss.,Illegitimate,,3043430,3043427,6ff1e084d7e1de5bce526a9952c96fbb0f13b4f2c615b0fc30c055f88bfb5483,,EXACT_CANONICAL_FOUND,Onopordum corymbosum,Onopordum corymbosum,Boiss.,Synonym,,wfo-0000016533,wfo-0000017823,ccfc7e3ca85c8b80aa96eb52d4e50e07e1811d28916b544280d8a4f1a043ba72,,EXACT_CANONICAL_FOUND,Onopordum corymbosum,Onopordum corymbosum Willk.,Willk.,,,,FUND. BIODIVERSIDAD:ANTHOS:934202,e6e19630a9415359fba90888864d17313873a984ac79a3677c1d62aac943f991,
1738,ASTERACEAE,Onopordum nervosum,NO_API_TAXON,False,KEEP_TAXONIC_RESPONSE,2026-08-19T17:29:43.542392+00:00,EXACT_CANONICAL_FOUND,Onopordum nervosum,Onopordum nervosum,Gaudin ex Rouy,Illegitimate,,3043406,3043405,6ff1e084d7e1de5bce526a9952c96fbb0f13b4f2c615b0fc30c055f88bfb5483,,EXACT_CANONICAL_FOUND,Onopordum nervosum,Onopordum nervosum,Gaud. ex Rouy,Unchecked,,,wfo-0000011988,ccfc7e3ca85c8b80aa96eb52d4e50e07e1811d28916b544280d8a4f1a043ba72,,EXACT_CANONICAL_FOUND,Onopordum nervosum,Onopordum nervosum Boiss.,Boiss.,,,,FUND. BIODIVERSIDAD:ANTHOS:33916,e6e19630a9415359fba90888864d17313873a984ac79a3677c1d62aac943f991,
1741,ORCHIDACEAE,Ophrys arnoldii,NO_API_TAXON,False,KEEP_TAXONIC_RESPONSE,2026-08-19T17:29:43.542402+00:00,EXACT_CANONICAL_FOUND,Ophrys arnoldii,Ophrys arnoldii,P.Delforge,Synonym,,141158,140819,6ff1e084d7e1de5bce526a9952c96fbb0f13b4f2c615b0fc30c055f88bfb5483,,EXACT_CANONICAL_FOUND,Ophrys arnoldii,Ophrys arnoldii,P.Delforge,Synonym,,wfo-0000257840,wfo-0000257481,ccfc7e3ca85c8b80aa96eb52d4e50e07e1811d28916b544280d8a4f1a043ba72,,EXACT_CANONICAL_NOT_FOUND,,,,,,,,e6e19630a9415359fba90888864d17313873a984ac79a3677c1d62aac943f991,
1743,ORCHIDACEAE,Ophrys bilunulata,NO_API_TAXON,False,KEEP_TAXONIC_RESPONSE,2026-08-19T17:29:43.542485+00:00,EXACT_CANONICAL_FOUND,Ophrys bilunulata,Ophrys bilunulata,Risso,Synonym,,336255,140890,6ff1e084d7e1de5bce526a9952c96fbb0f13b4f2c615b0fc30c055f88bfb5483,,EXACT_CANONICAL_FOUND,Ophrys bilunulata,Ophrys bilunulata,Risso,Synonym,,wfo-0000257840,wfo-0000257555,ccfc7e3ca85c8b80aa96eb52d4e50e07e1811d28916b544280d8a4f1a043ba72,,EXACT_CANONICAL_NOT_FOUND,,,,,,,,e6e19630a9415359fba90888864d17313873a984ac79a3677c1d62aac943f991,
1744,ORCHIDACEAE,Ophrys castellana,NO_API_TAXON,False,KEEP_TAXONIC_RESPONSE,2026-08-19T17:29:43.542499+00:00,EXACT_CANONICAL_FOUND,Ophrys castellana,Ophrys × castellana,Devillers-Tersch. & Devillers,Synonym,,140781,140950,6ff1e084d7e1de5bce526a9952c96fbb0f13b4f2c615b0fc30c055f88bfb5483,,EXACT_CANONICAL_FOUND,Ophrys castellana,Ophrys castellana,Devillers-Tersch. & Devillers,Synonym,,wfo-0000257440,wfo-0000257619,ccfc7e3ca85c8b80aa96eb52d4e50e07e1811d28916b544280d8a4f1a043ba72,,EXACT_CANONICAL_NOT_FOUND,,,,,,,,e6e19630a9415359fba90888864d17313873a984ac79a3677c1d62aac943f991,
1745,ORCHIDACEAE,Ophrys dyris,NO_API_TAXON,False,KEEP_TAXONIC_RESPONSE,2026-08-19T17:29:43.542512+00:00,EXACT_CANONICAL_FOUND,Ophrys dyris,Ophrys dyris,Maire,Synonym,,141546,141052,6ff1e084d7e1de5bce526a9952c96fbb0f13b4f2c615b0fc30c055f88bfb5483,,EXACT_CANONICAL_FOUND,Ophrys dyris,Ophrys dyris,Maire,Synonym,,wfo-0000258235,wfo-0000257730,ccfc7e3ca85c8b80aa96eb52d4e50e07e1811d28916b544280d8a4f1a043ba72,,EXACT_CANONICAL_NOT_FOUND,,,,,,,,e6e19630a9415359fba90888864d17313873a984ac79a3677c1d62aac943f991,
1746,ORCHIDACEAE,Ophrys ficalhoana,NO_API_TAXON,False,KEEP_TAXONIC_RESPONSE,2026-08-19T17:29:43.542527+00:00,EXACT_CANONICAL_FOUND,Ophrys ficalhoana,Ophrys ficalhoana,(J.A.Guim.) Wucherpf.,Synonym,,141835,521618,6ff1e084d7e1de5bce526a9952c96fbb0f13b4f2c615b0fc30c055f88bfb5483,,EXACT_CANONICAL_FOUND,Ophrys ficalhoana,Ophrys ficalhoana,J.A.Guim.,Unchecked,,,wfo-0001222998,ccfc7e3ca85c8b80aa96eb52d4e50e07e1811d28916b544280d8a4f1a043ba72,,EXACT_CANONICAL_NOT_FOUND,,,,,,,,e6e19630a9415359fba90888864d17313873a984ac79a3677c1d62aac943f991,
1748,ORCHIDACEAE,Ophrys incubacea,NO_API_TAXON,False,KEEP_TAXONIC_RESPONSE,2026-08-19T17:29:43.542540+00:00,EXACT_CANONICAL_FOUND,Ophrys incubacea,Ophrys incubacea,Bianca,Synonym,,141757,141274,6ff1e084d7e1de5bce526a9952c96fbb0f13b4f2c615b0fc30c055f88bfb5483,,EXACT_CANONICAL_FOUND,Ophrys incubacea,Ophrys incubacea,Bianca,Synonym,,wfo-0000258459,wfo-0000257962,ccfc7e3ca85c8b80aa96eb52d4e50e07e1811d28916b544280d8a4f1a043ba72,,EXACT_CANONICAL_NOT_FOUND,,,,,,,,e6e19630a9415359fba90888864d17313873a984ac79a3677c1d62aac943f991,
1750,ORCHIDACEAE,Ophrys lupercalis,NO_API_TAXON,False,KEEP_TAXONIC_RESPONSE,2026-08-19T17:29:43.542555+00:00,EXACT_CANONICAL_FOUND,Ophrys lupercalis,Ophrys lupercalis,Devillers-Tersch. & Devillers,Synonym,,141158,141390,6ff1e084d7e1de5bce526a9952c96fbb0f13b4f2c615b0fc30c055f88bfb5483,,EXACT_CANONICAL_FOUND,Ophrys lupercalis,Ophrys lupercalis,Devillers-Tersch. & Devillers,Synonym,,wfo-0000257840,wfo-0000258083,ccfc7e3ca85c8b80aa96eb52d4e50e07e1811d28916b544280d8a4f1a043ba72,,EXACT_CANONICAL_NOT_FOUND,,,,,,,,e6e19630a9415359fba90888864d17313873a984ac79a3677c1d62aac943f991,
1752,ORCHIDACEAE,Ophrys passionis,NO_API_TAXON,False,KEEP_TAXONIC_RESPONSE,2026-08-19T17:29:43.542567+00:00,EXACT_CANONICAL_FOUND,Ophrys passionis,Ophrys passionis,Sennen,Synonym,,141787,351341,6ff1e084d7e1de5bce526a9952c96fbb0f13b4f2c615b0fc30c055f88bfb5483,,EXACT_CANONICAL_FOUND,Ophrys passionis,Ophrys passionis,Sennen ex Devillers-Tersch. & Devillers,Synonym,,wfo-0000258484,wfo-0000258267,ccfc7e3ca85c8b80aa96eb52d4e50e07e1811d28916b544280d8a4f1a043ba72,,EXACT_CANONICAL_NOT_FOUND,,,,,,,,e6e19630a9415359fba90888864d17313873a984ac79a3677c1d62aac943f991,
1753,ORCHIDACEAE,Ophrys picta,NO_API_TAXON,False,KEEP_TAXONIC_RESPONSE,2026-08-19T17:29:43.542581+00:00,EXACT_CANONICAL_FOUND,Ophrys picta,Ophrys picta,Link,Synonym,,141698,141601,6ff1e084d7e1de5bce526a9952c96fbb0f13b4f2c615b0fc30c055f88bfb5483,,EXACT_CANONICAL_FOUND,Ophrys picta,Ophrys picta,Link,Synonym,,wfo-0000258396,wfo-0000258294,ccfc7e3ca85c8b80aa96eb52d4e50e07e1811d28916b544280d8a4f1a043ba72,,EXACT_CANONICAL_NOT_FOUND,,,,,,,,e6e19630a9415359fba90888864d17313873a984ac79a3677c1d62aac943f991,
1754,ORCHIDACEAE,Ophrys riojana,NO_API_TAXON,False,KEEP_TAXONIC_RESPONSE,2026-08-19T17:29:43.542594+00:00,EXACT_CANONICAL_FOUND,Ophrys riojana,Ophrys riojana,C.E.Hermos.,Synonym,,141756,141666,6ff1e084d7e1de5bce526a9952c96fbb0f13b4f2c615b0fc30c055f88bfb5483,,EXACT_CANONICAL_FOUND,Ophrys riojana,Ophrys riojana,C.E.Hermos.,Synonym,,wfo-0000258458,wfo-0000258362,ccfc7e3ca85c8b80aa96eb52d4e50e07e1811d28916b544280d8a4f1a043ba72,,EXACT_CANONICAL_NOT_FOUND,,,,,,,,e6e19630a9415359fba90888864d17313873a984ac79a3677c1d62aac943f991,
1755,ORCHIDACEAE,Ophrys santonica,NO_API_TAXON,False,KEEP_TAXONIC_RESPONSE,2026-08-19T17:29:43.542606+00:00,EXACT_CANONICAL_FOUND,Ophrys santonica,Ophrys santonica,J.M.Mathé & Melki,Synonym,,141718,141685,6ff1e084d7e1de5bce526a9952c96fbb0f13b4f2c615b0fc30c055f88bfb5483,,EXACT_CANONICAL_FOUND,Ophrys santonica,Ophrys santonica,J.M.Mathé & Melki,Synonym,,wfo-0000258418,wfo-0000258383,ccfc7e3ca85c8b80aa96eb52d4e50e07e1811d28916b544280d8a4f1a043ba72,,EXACT_CANONICAL_NOT_FOUND,,,,,,,,e6e19630a9415359fba90888864d17313873a984ac79a3677c1d62aac943f991,
1757,ORCHIDACEAE,Ophrys scolopax subsp. scolopax,NO_EXACT_MATCH,False,KEEP_TAXONIC_RESPONSE,2026-08-19T17:29:43.542622+00:00,EXACT_CANONICAL_FOUND,Ophrys scolopax subsp. scolopax,Ophrys scolopax subsp. scolopax,,Accepted,,141718,141718,6ff1e084d7e1de5bce526a9952c96fbb0f13b4f2c615b0fc30c055f88bfb5483,,EXACT_CANONICAL_FOUND,Ophrys scolopax subsp. scolopax,Ophrys scolopax subsp. scolopax,,Accepted,,,wfo-0000258418,ccfc7e3ca85c8b80aa96eb52d4e50e07e1811d28916b544280d8a4f1a043ba72,,EXACT_CANONICAL_NOT_FOUND,,,,,,,,e6e19630a9415359fba90888864d17313873a984ac79a3677c1d62aac943f991,
1761,ORCHIDACEAE,Ophrys vasconica,NO_API_TAXON,False,KEEP_TAXONIC_RESPONSE,2026-08-19T17:29:43.542634+00:00,EXACT_CANONICAL_FOUND,Ophrys vasconica,Ophrys × vasconica,(O.Danesch & E.Danesch) P.Delforge,Synonym,,459903,141892,6ff1e084d7e1de5bce526a9952c96fbb0f13b4f2c615b0fc30c055f88bfb5483,,EXACT_CANONICAL_FOUND,Ophrys vasconica,Ophrys vasconica,(O.Danesch & E.Danesch) P.Delforge,Synonym,,wfo-0001427187,wfo-0000258592,ccfc7e3ca85c8b80aa96eb52d4e50e07e1811d28916b544280d8a4f1a043ba72,,EXACT_CANONICAL_NOT_FOUND,,,,,,,,e6e19630a9415359fba90888864d17313873a984ac79a3677c1d62aac943f991,
1762,ORCHIDACEAE,Ophrys x manfredoniae,UNPARSABLE_NAME,False,NO_RESPONSE_ALL_THREE,2026-08-19T17:29:43.542649+00:00,EXACT_CANONICAL_NOT_FOUND,,,,,,,,6ff1e084d7e1de5bce526a9952c96fbb0f13b4f2c615b0fc30c055f88bfb5483,,EXACT_CANONICAL_NOT_FOUND,,,,,,,,ccfc7e3ca85c8b80aa96eb52d4e50e07e1811d28916b544280d8a4f1a043ba72,,EXACT_CANONICAL_NOT_FOUND,,,,,,,,e6e19630a9415359fba90888864d17313873a984ac79a3677c1d62aac943f991,
1764,ORCHIDACEAE,Orchis champagneuxii,NO_API_TAXON,False,KEEP_TAXONIC_RESPONSE,2026-08-19T17:29:43.542662+00:00,EXACT_CANONICAL_FOUND,Orchis champagneuxii,Orchis champagneuxii,Barnéoud,Synonym,,345904,142335,6ff1e084d7e1de5bce526a9952c96fbb0f13b4f2c615b0fc30c055f88bfb5483,,EXACT_CANONICAL_FOUND,Orchis champagneuxii,Orchis champagneuxii,Barnéoud,Synonym,,wfo-0000807667,wfo-0000259043,ccfc7e3ca85c8b80aa96eb52d4e50e07e1811d28916b544280d8a4f1a043ba72,,EXACT_CANONICAL_NOT_FOUND,,,,,,,,e6e19630a9415359fba90888864d17313873a984ac79a3677c1d62aac943f991,
1765,ORCHIDACEAE,Orchis fragrans,NO_API_TAXON,False,KEEP_TAXONIC_RESPONSE,2026-08-19T17:29:43.542681+00:00,EXACT_CANONICAL_FOUND,Orchis fragrans,Orchis fragrans,Ten.,Illegitimate,,99287,142544,6ff1e084d7e1de5bce526a9952c96fbb0f13b4f2c615b0fc30c055f88bfb5483,,EXACT_CANONICAL_FOUND,Orchis fragrans,Orchis fragrans,Ten.,Synonym,,wfo-0000982438,wfo-0000259271,ccfc7e3ca85c8b80aa96eb52d4e50e07e1811d28916b544280d8a4f1a043ba72,,EXACT_CANONICAL_NOT_FOUND,,,,,,,,e6e19630a9415359fba90888864d17313873a984ac79a3677c1d62aac943f991,
1770,ORCHIDACEAE,Orchis morio,NO_API_TAXON,False,KEEP_TAXONIC_RESPONSE,2026-08-19T17:29:43.542695+00:00,EXACT_CANONICAL_FOUND,Orchis morio,Orchis morio,L.,Synonym,,8585,142922,6ff1e084d7e1de5bce526a9952c96fbb0f13b4f2c615b0fc30c055f88bfb5483,,EXACT_CANONICAL_FOUND,Orchis morio,Orchis morio,L.,Synonym,,wfo-0000968477,wfo-0000259672,ccfc7e3ca85c8b80aa96eb52d4e50e07e1811d28916b544280d8a4f1a043ba72,,EXACT_CANONICAL_FOUND,Orchis morio,Orchis morio L.,L.,,,,FUND. BIODIVERSIDAD:ANTHOS:38728,e6e19630a9415359fba90888864d17313873a984ac79a3677c1d62aac943f991,
1771,ORCHIDACEAE,Orchis picta,NO_API_TAXON,False,KEEP_TAXONIC_RESPONSE,2026-08-19T17:29:43.542708+00:00,EXACT_CANONICAL_FOUND,Orchis picta,Orchis picta,Loisel.,Synonym,,219584,143074,6ff1e084d7e1de5bce526a9952c96fbb0f13b4f2c615b0fc30c055f88bfb5483,,EXACT_CANONICAL_FOUND,Orchis picta,Orchis picta,Loisel.,Synonym,,wfo-0000339348,wfo-0000259839,ccfc7e3ca85c8b80aa96eb52d4e50e07e1811d28916b544280d8a4f1a043ba72,,EXACT_CANONICAL_NOT_FOUND,,,,,,,,e6e19630a9415359fba90888864d17313873a984ac79a3677c1d62aac943f991,
1774,ORCHIDACEAE,Orchis ustulata,NO_API_TAXON,False,KEEP_TAXONIC_RESPONSE,2026-08-19T17:29:43.542721+00:00,EXACT_CANONICAL_FOUND,Orchis ustulata,Orchis ustulata,L.,Synonym,,134151,143371,6ff1e084d7e1de5bce526a9952c96fbb0f13b4f2c615b0fc30c055f88bfb5483,,EXACT_CANONICAL_FOUND,Orchis ustulata,Orchis ustulata,L.,Synonym,,wfo-0000250472,wfo-0000260145,ccfc7e3ca85c8b80aa96eb52d4e50e07e1811d28916b544280d8a4f1a043ba72,,EXACT_CANONICAL_FOUND,Orchis ustulata,Orchis ustulata L.,L.,,,,FUND. BIODIVERSIDAD:ANTHOS:38744,e6e19630a9415359fba90888864d17313873a984ac79a3677c1d62aac943f991,
1775,POACEAE,Oreochloa confusa,NO_API_TAXON,False,KEEP_TAXONIC_RESPONSE,2026-08-19T17:29:43.542737+00:00,EXACT_CANONICAL_FOUND,Oreochloa confusa,Oreochloa confusa,(Coincy) Rouy,Accepted,,426499,426499,6ff1e084d7e1de5bce526a9952c96fbb0f13b4f2c615b0fc30c055f88bfb5483,,EXACT_CANONICAL_FOUND,Oreochloa confusa,Oreochloa confusa,(Coincy) Rouy,Accepted,,,wfo-0000882230,ccfc7e3ca85c8b80aa96eb52d4e50e07e1811d28916b544280d8a4f1a043ba72,,EXACT_CANONICAL_FOUND,Oreochloa confusa,Oreochloa confusa (Coincy) Rouy,(Coincy) Rouy,,,,FUND. BIODIVERSIDAD:ANTHOS:36512,e6e19630a9415359fba90888864d17313873a984ac79a3677c1d62aac943f991,
1782,FABACEAE,Ornithopus perpusillus,NO_API_TAXON,False,KEEP_TAXONIC_RESPONSE,2026-08-19T17:29:43.542750+00:00,EXACT_CANONICAL_FOUND,Ornithopus perpusillus,Ornithopus perpusillus,L.,Accepted,,2388060,2388060,6ff1e084d7e1de5bce526a9952c96fbb0f13b4f2c615b0fc30c055f88bfb5483,,EXACT_CANONICAL_FOUND,Ornithopus perpusillus,Ornithopus perpusillus,L.,Accepted,,,wfo-0000205797,ccfc7e3ca85c8b80aa96eb52d4e50e07e1811d28916b544280d8a4f1a043ba72,,EXACT_CANONICAL_FOUND,Ornithopus perpusillus,Ornithopus perpusillus L.,L.,,,,FUND. BIODIVERSIDAD:ANTHOS:1124516,e6e19630a9415359fba90888864d17313873a984ac79a3677c1d62aac943f991,
1784,OROBANCHACEAE,Orobanche amethystea,NO_API_TAXON,False,KEEP_TAXONIC_RESPONSE,2026-08-19T17:29:43.542765+00:00,EXACT_CANONICAL_FOUND,Orobanche amethystea,Orobanche amethystea,Thuill.,Accepted,,2396716,2396716,6ff1e084d7e1de5bce526a9952c96fbb0f13b4f2c615b0fc30c055f88bfb5483,,EXACT_CANONICAL_FOUND,Orobanche amethystea,Orobanche amethystea,Thuill.,Accepted,,,wfo-0000388441,ccfc7e3ca85c8b80aa96eb52d4e50e07e1811d28916b544280d8a4f1a043ba72,,EXACT_CANONICAL_FOUND,Orobanche amethystea,Orobanche amethystea Thuill.,Thuill.,,,,FUND. BIODIVERSIDAD:ANTHOS:50457,e6e19630a9415359fba90888864d17313873a984ac79a3677c1d62aac943f991,
1788,OROBANCHACEAE,Orobanche laevis,NO_API_TAXON,False,KEEP_TAXONIC_RESPONSE,2026-08-19T17:29:43.542776+00:00,EXACT_CANONICAL_FOUND,Orobanche laevis,Orobanche laevis,L.,Synonym,,2396694,2395876,6ff1e084d7e1de5bce526a9952c96fbb0f13b4f2c615b0fc30c055f88bfb5483,,EXACT_CANONICAL_FOUND,Orobanche laevis,Orobanche laevis,Geners. ex Wallr.,Synonym,,wfo-0000388535,wfo-0000387921,ccfc7e3ca85c8b80aa96eb52d4e50e07e1811d28916b544280d8a4f1a043ba72,,EXACT_CANONICAL_NOT_FOUND,,,,,,,,e6e19630a9415359fba90888864d17313873a984ac79a3677c1d62aac943f991,
1789,OROBANCHACEAE,Orobanche latisquama,NO_API_TAXON,False,KEEP_TAXONIC_RESPONSE,2026-08-19T17:29:43.542792+00:00,EXACT_CANONICAL_FOUND,Orobanche latisquama,Orobanche latisquama,(F.W.Schultz) Batt.,Accepted,,2395858,2395858,6ff1e084d7e1de5bce526a9952c96fbb0f13b4f2c615b0fc30c055f88bfb5483,,EXACT_CANONICAL_FOUND,Orobanche latisquama,Orobanche latisquama,(F.W.Schultz) Batt.,Accepted,,,wfo-0000387904,ccfc7e3ca85c8b80aa96eb52d4e50e07e1811d28916b544280d8a4f1a043ba72,,EXACT_CANONICAL_FOUND,Orobanche latisquama,Orobanche latisquama (F.W. Schultz) Batt. in Batt. & Trab.,(F.W. Schultz) Batt. in Batt. & Trab.,,,,FUND. BIODIVERSIDAD:ANTHOS:845752,e6e19630a9415359fba90888864d17313873a984ac79a3677c1d62aac943f991,
1790,OROBANCHACEAE,Orobanche leptantha,NO_API_TAXON,False,KEEP_TAXONIC_RESPONSE,2026-08-19T17:29:43.542804+00:00,EXACT_CANONICAL_FOUND,Orobanche leptantha,Orobanche leptantha,Pomel,Accepted,,2395833,2395833,6ff1e084d7e1de5bce526a9952c96fbb0f13b4f2c615b0fc30c055f88bfb5483,,EXACT_CANONICAL_FOUND,Orobanche leptantha,Orobanche leptantha,Pomel,Accepted,,,wfo-0000387884,ccfc7e3ca85c8b80aa96eb52d4e50e07e1811d28916b544280d8a4f1a043ba72,,EXACT_CANONICAL_NOT_FOUND,,,,,,,,e6e19630a9415359fba90888864d17313873a984ac79a3677c1d62aac943f991,
1793,OROBANCHACEAE,Orobanche rapum-genistae,NO_API_TAXON,False,KEEP_TAXONIC_RESPONSE,2026-08-19T17:29:43.542819+00:00,EXACT_CANONICAL_FOUND,Orobanche rapum-genistae,Orobanche rapum-genistae,Thuill.,Accepted,,2395596,2395596,6ff1e084d7e1de5bce526a9952c96fbb0f13b4f2c615b0fc30c055f88bfb5483,,EXACT_CANONICAL_FOUND,Orobanche rapum-genistae,Orobanche rapum-genistae,Thuill.,Accepted,,,wfo-0000387699,ccfc7e3ca85c8b80aa96eb52d4e50e07e1811d28916b544280d8a4f1a043ba72,,EXACT_CANONICAL_FOUND,Orobanche rapum-genistae,Orobanche rapum-genistae Thuill.,Thuill.,,,,FUND. BIODIVERSIDAD:ANTHOS:1124654,e6e19630a9415359fba90888864d17313873a984ac79a3677c1d62aac943f991,
1794,OROBANCHACEAE,Orobanche santolinae,NO_API_TAXON,False,KEEP_TAXONIC_RESPONSE,2026-08-19T17:29:43.542831+00:00,EXACT_CANONICAL_FOUND,Orobanche santolinae,Orobanche santolinae,Loscos & J.Pardo,Accepted,,2395608,2395608,6ff1e084d7e1de5bce526a9952c96fbb0f13b4f2c615b0fc30c055f88bfb5483,,EXACT_CANONICAL_FOUND,Orobanche santolinae,Orobanche santolinae,Loscos & J.Pardo,Accepted,,,wfo-0001263077,ccfc7e3ca85c8b80aa96eb52d4e50e07e1811d28916b544280d8a4f1a043ba72,,EXACT_CANONICAL_NOT_FOUND,,,,,,,,e6e19630a9415359fba90888864d17313873a984ac79a3677c1d62aac943f991,
1798,OXALIDACEAE,Oxalis articulata,NO_API_TAXON,False,KEEP_TAXONIC_RESPONSE,2026-08-19T17:29:43.542844+00:00,EXACT_CANONICAL_FOUND,Oxalis articulata,Oxalis articulata,Savigny,Accepted,,2394837,2394837,6ff1e084d7e1de5bce526a9952c96fbb0f13b4f2c615b0fc30c055f88bfb5483,,EXACT_CANONICAL_FOUND,Oxalis articulata,Oxalis articulata,Savigny,Accepted,,,wfo-0000387301,ccfc7e3ca85c8b80aa96eb52d4e50e07e1811d28916b544280d8a4f1a043ba72,,EXACT_CANONICAL_FOUND,Oxalis articulata,Oxalis articulata Savigny in Lam.,Savigny in Lam.,,,,FUND. BIODIVERSIDAD:ANTHOS:77178,e6e19630a9415359fba90888864d17313873a984ac79a3677c1d62aac943f991,
1801,PAEONIACEAE,Paeonia officinalis subsp. microcarpa,NO_EXACT_MATCH,False,KEEP_TAXONIC_RESPONSE,2026-08-19T17:29:43.542861+00:00,EXACT_CANONICAL_FOUND,Paeonia officinalis subsp. microcarpa,Paeonia officinalis subsp. microcarpa,Nyman,Accepted,,519244,519244,6ff1e084d7e1de5bce526a9952c96fbb0f13b4f2c615b0fc30c055f88bfb5483,,EXACT_CANONICAL_FOUND,Paeonia officinalis subsp. microcarpa,Paeonia officinalis subsp. microcarpa,Nyman,Accepted,,,wfo-0000735383,ccfc7e3ca85c8b80aa96eb52d4e50e07e1811d28916b544280d8a4f1a043ba72,,EXACT_CANONICAL_FOUND,Paeonia officinalis subsp. microcarpa,Paeonia officinalis subsp. microcarpa (Boiss. & Reut.) Nyman,(Boiss. & Reut.) Nyman,,,,FUND. BIODIVERSIDAD:ANTHOS:63803,e6e19630a9415359fba90888864d17313873a984ac79a3677c1d62aac943f991,
1803,ASTERACEAE,Pallenis spinosa subsp. spinosa,NO_EXACT_MATCH,False,KEEP_TAXONIC_RESPONSE,2026-08-19T17:29:43.542875+00:00,EXACT_CANONICAL_FOUND,Pallenis spinosa subsp. spinosa,Pallenis spinosa subsp. spinosa,,Accepted,,3114112,3114112,6ff1e084d7e1de5bce526a9952c96fbb0f13b4f2c615b0fc30c055f88bfb5483,,EXACT_CANONICAL_FOUND,Pallenis spinosa subsp. spinosa,Pallenis spinosa subsp. spinosa,,Accepted,,,wfo-0000108570,ccfc7e3ca85c8b80aa96eb52d4e50e07e1811d28916b544280d8a4f1a043ba72,,EXACT_CANONICAL_FOUND,Pallenis spinosa subsp. spinosa,Pallenis spinosa subsp. spinosa (L.) Cass. in F. Cuvier,(L.) Cass. in F. Cuvier,,,,FUND. BIODIVERSIDAD:ANTHOS:33055,e6e19630a9415359fba90888864d17313873a984ac79a3677c1d62aac943f991,
1805,PAPAVERACEAE,Papaver argemone,NO_API_TAXON,False,KEEP_TAXONIC_RESPONSE,2026-08-19T17:29:43.542901+00:00,EXACT_CANONICAL_FOUND,Papaver argemone,Papaver argemone,L.,Synonym,,2425878,2560689,6ff1e084d7e1de5bce526a9952c96fbb0f13b4f2c615b0fc30c055f88bfb5483,,EXACT_CANONICAL_FOUND,Papaver argemone,Papaver argemone,L.,Synonym,,wfo-0000404705,wfo-0000480350,ccfc7e3ca85c8b80aa96eb52d4e50e07e1811d28916b544280d8a4f1a043ba72,,EXACT_CANONICAL_FOUND,Papaver argemone,Papaver argemone L.,L.,,,,FUND. BIODIVERSIDAD:ANTHOS:22369,e6e19630a9415359fba90888864d17313873a984ac79a3677c1d62aac943f991,
1807,PAPAVERACEAE,Papaver hybridum,NO_API_TAXON,False,KEEP_TAXONIC_RESPONSE,2026-08-19T17:29:43.542914+00:00,EXACT_CANONICAL_FOUND,Papaver hybridum,Papaver hybridum,(L.) Spenn.,Illegitimate,,2425876,2560733,6ff1e084d7e1de5bce526a9952c96fbb0f13b4f2c615b0fc30c055f88bfb5483,,EXACT_CANONICAL_FOUND,Papaver hybridum,Papaver hybridum,L.,Synonym,,wfo-1000000007,wfo-0000480384,ccfc7e3ca85c8b80aa96eb52d4e50e07e1811d28916b544280d8a4f1a043ba72,,EXACT_CANONICAL_FOUND,Papaver hybridum,Papaver hybridum L.,L.,,,,FUND. BIODIVERSIDAD:ANTHOS:1124587,e6e19630a9415359fba90888864d17313873a984ac79a3677c1d62aac943f991,
1809,PAPAVERACEAE,Papaver somniferum subsp. setigerum,NO_EXACT_MATCH,False,KEEP_TAXONIC_RESPONSE,2026-08-19T17:29:43.542931+00:00,EXACT_CANONICAL_FOUND,Papaver somniferum subsp. setigerum,Papaver somniferum subsp. setigerum,(DC.) Arcang.,Accepted,,2578309,2578309,6ff1e084d7e1de5bce526a9952c96fbb0f13b4f2c615b0fc30c055f88bfb5483,,EXACT_CANONICAL_FOUND,Papaver somniferum subsp. setigerum,Papaver somniferum subsp. setigerum,(DC.) Arcang.,Synonym,,wfo-0000481026,wfo-0000490879,ccfc7e3ca85c8b80aa96eb52d4e50e07e1811d28916b544280d8a4f1a043ba72,,EXACT_CANONICAL_FOUND,Papaver somniferum subsp. setigerum,Papaver somniferum subsp. setigerum (DC.) Arcang.,(DC.) Arcang.,,,,FUND. BIODIVERSIDAD:ANTHOS:22339,e6e19630a9415359fba90888864d17313873a984ac79a3677c1d62aac943f991,
1811,POACEAE,Parapholis strigosa,NO_API_TAXON,False,KEEP_TAXONIC_RESPONSE,2026-08-19T17:29:43.542944+00:00,EXACT_CANONICAL_FOUND,Parapholis strigosa,Parapholis strigosa,(Dumort.) C.E.Hubb.,Accepted,,431058,431058,6ff1e084d7e1de5bce526a9952c96fbb0f13b4f2c615b0fc30c055f88bfb5483,,EXACT_CANONICAL_FOUND,Parapholis strigosa,Parapholis strigosa,(Dumort.) C.E.Hubb.,Accepted,,,wfo-0000887104,ccfc7e3ca85c8b80aa96eb52d4e50e07e1811d28916b544280d8a4f1a043ba72,,EXACT_CANONICAL_FOUND,Parapholis strigosa,Parapholis strigosa (Dumort.) C.E.Hubb.,(Dumort.) C.E.Hubb.,,,,FUND. BIODIVERSIDAD:ANTHOS:37429,e6e19630a9415359fba90888864d17313873a984ac79a3677c1d62aac943f991,
1819,CARYOPHYLLACEAE,Paronychia capitata var. capitata,NO_EXACT_MATCH,False,NO_RESPONSE_ALL_THREE,2026-08-19T17:29:43.542960+00:00,EXACT_CANONICAL_NOT_FOUND,,,,,,,,6ff1e084d7e1de5bce526a9952c96fbb0f13b4f2c615b0fc30c055f88bfb5483,,EXACT_CANONICAL_NOT_FOUND,,,,,,,,ccfc7e3ca85c8b80aa96eb52d4e50e07e1811d28916b544280d8a4f1a043ba72,,EXACT_CANONICAL_NOT_FOUND,,,,,,,,e6e19630a9415359fba90888864d17313873a984ac79a3677c1d62aac943f991,
1820,CARYOPHYLLACEAE,Paronychia kapela,NO_API_TAXON,False,KEEP_TAXONIC_RESPONSE,2026-08-19T17:29:43.542970+00:00,EXACT_CANONICAL_FOUND,Paronychia kapela,Paronychia kapela,(Hacq.) A.Kern.,Accepted,,2530396,2530396,6ff1e084d7e1de5bce526a9952c96fbb0f13b4f2c615b0fc30c055f88bfb5483,,EXACT_CANONICAL_FOUND,Paronychia kapela,Paronychia kapela,(Hacq.) A.Kern.,Accepted,,,wfo-0000465480,ccfc7e3ca85c8b80aa96eb52d4e50e07e1811d28916b544280d8a4f1a043ba72,,EXACT_CANONICAL_FOUND,Paronychia kapela,Paronychia kapela (Hacq.) A. Kern.,(Hacq.) A. Kern.,,,,FUND. BIODIVERSIDAD:ANTHOS:21380,e6e19630a9415359fba90888864d17313873a984ac79a3677c1d62aac943f991,
1821,CARYOPHYLLACEAE,Paronychia kapela subsp. kapela,NO_API_TAXON,False,KEEP_TAXONIC_RESPONSE,2026-08-19T17:29:43.542981+00:00,EXACT_CANONICAL_FOUND,Paronychia kapela subsp. kapela,Paronychia kapela subsp. kapela,,Accepted,,3260133,3260133,6ff1e084d7e1de5bce526a9952c96fbb0f13b4f2c615b0fc30c055f88bfb5483,,EXACT_CANONICAL_FOUND,Paronychia kapela subsp. kapela,Paronychia kapela subsp. kapela,,Unchecked,,,wfo-1200108111,ccfc7e3ca85c8b80aa96eb52d4e50e07e1811d28916b544280d8a4f1a043ba72,,EXACT_CANONICAL_FOUND,Paronychia kapela subsp. kapela,Paronychia kapela subsp. kapela (Hacq.) A. Kern.,(Hacq.) A. Kern.,,,,FUND. BIODIVERSIDAD:ANTHOS:119754,e6e19630a9415359fba90888864d17313873a984ac79a3677c1d62aac943f991,
1824,POACEAE,Paspalum paspalodes,NO_API_TAXON,False,KEEP_TAXONIC_RESPONSE,2026-08-19T17:29:43.542992+00:00,EXACT_CANONICAL_FOUND,Paspalum paspalodes,Paspalum paspalodes,(Michx.) Scribn.,Synonym,,431506,432041,6ff1e084d7e1de5bce526a9952c96fbb0f13b4f2c615b0fc30c055f88bfb5483,,EXACT_CANONICAL_FOUND,Paspalum paspalodes,Paspalum paspalodes,(Michx.) Scribn.,Synonym,,wfo-0000887584,wfo-0000888165,ccfc7e3ca85c8b80aa96eb52d4e50e07e1811d28916b544280d8a4f1a043ba72,,EXACT_CANONICAL_FOUND,Paspalum paspalodes,Paspalum paspalodes (Michx.) Scribn.,(Michx.) Scribn.,,,,FUND. BIODIVERSIDAD:ANTHOS:37697,e6e19630a9415359fba90888864d17313873a984ac79a3677c1d62aac943f991,
1825,APIACEAE,Pastinaca sativa subsp. sylvestris,NO_EXACT_MATCH,False,KEEP_TAXONIC_RESPONSE,2026-08-19T17:29:43.543004+00:00,EXACT_CANONICAL_FOUND,Pastinaca sativa subsp. sylvestris,Pastinaca sativa subsp. sylvestris,(Mill.) Rouy & E.G.Camus,Synonym,,3257984,2898292,6ff1e084d7e1de5bce526a9952c96fbb0f13b4f2c615b0fc30c055f88bfb5483,,EXACT_CANONICAL_FOUND,Pastinaca sativa subsp. sylvestris,Pastinaca sativa subsp. sylvestris,(Mill.) Rouy & E.G.Camus,Synonym,,wfo-0001316370,wfo-0000745365,ccfc7e3ca85c8b80aa96eb52d4e50e07e1811d28916b544280d8a4f1a043ba72,,EXACT_CANONICAL_FOUND,Pastinaca sativa subsp. sylvestris,Pastinaca sativa subsp. sylvestris (Mill.) Rouy & E.G. Camus in Rouy & Foucaud,(Mill.) Rouy & E.G. Camus in Rouy & Foucaud,,,,FUND. BIODIVERSIDAD:ANTHOS:55458,e6e19630a9415359fba90888864d17313873a984ac79a3677c1d62aac943f991,
1826,OROBANCHACEAE,Pedicularis schizocalyx,NO_API_TAXON,False,KEEP_TAXONIC_RESPONSE,2026-08-19T17:29:43.543014+00:00,EXACT_CANONICAL_FOUND,Pedicularis schizocalyx,Pedicularis schizocalyx,(Lange) Steininger,Accepted,,2550314,2550314,6ff1e084d7e1de5bce526a9952c96fbb0f13b4f2c615b0fc30c055f88bfb5483,,EXACT_CANONICAL_FOUND,Pedicularis schizocalyx,Pedicularis schizocalyx,(Lange) Steininger,Accepted,,,wfo-0000475186,ccfc7e3ca85c8b80aa96eb52d4e50e07e1811d28916b544280d8a4f1a043ba72,,EXACT_CANONICAL_FOUND,Pedicularis schizocalyx,Pedicularis schizocalyx (Lange) Steininger,(Lange) Steininger,,,,FUND. BIODIVERSIDAD:ANTHOS:1124352,e6e19630a9415359fba90888864d17313873a984ac79a3677c1d62aac943f991,
1827,OROBANCHACEAE,Pedicularis sylvatica,NO_API_TAXON,False,KEEP_TAXONIC_RESPONSE,2026-08-19T17:29:43.543024+00:00,EXACT_CANONICAL_FOUND,Pedicularis sylvatica,Pedicularis sylvatica,L.,Accepted,,2550419,2550419,6ff1e084d7e1de5bce526a9952c96fbb0f13b4f2c615b0fc30c055f88bfb5483,,EXACT_CANONICAL_FOUND,Pedicularis sylvatica,Pedicularis sylvatica,L.,Accepted,,,wfo-0000475239,ccfc7e3ca85c8b80aa96eb52d4e50e07e1811d28916b544280d8a4f1a043ba72,,EXACT_CANONICAL_FOUND,Pedicularis sylvatica,Pedicularis sylvatica L.,L.,,,,FUND. BIODIVERSIDAD:ANTHOS:1124707,e6e19630a9415359fba90888864d17313873a984ac79a3677c1d62aac943f991,
1830,POLYGONACEAE,Persicaria bistorta,NO_API_TAXON,False,KEEP_TAXONIC_RESPONSE,2026-08-19T17:29:43.543035+00:00,EXACT_CANONICAL_FOUND,Persicaria bistorta,Persicaria bistorta,(L.) Samp.,Synonym,,2676824,2571994,6ff1e084d7e1de5bce526a9952c96fbb0f13b4f2c615b0fc30c055f88bfb5483,,EXACT_CANONICAL_FOUND,Persicaria bistorta,Persicaria bistorta,(L.) Samp.,Accepted,,,wfo-0000488076,ccfc7e3ca85c8b80aa96eb52d4e50e07e1811d28916b544280d8a4f1a043ba72,,EXACT_CANONICAL_NOT_FOUND,,,,,,,,e6e19630a9415359fba90888864d17313873a984ac79a3677c1d62aac943f991,
1833,POLYGONACEAE,Persicaria minus,NO_API_TAXON,False,NO_RESPONSE_ALL_THREE,2026-08-19T17:29:43.543045+00:00,EXACT_CANONICAL_NOT_FOUND,,,,,,,,6ff1e084d7e1de5bce526a9952c96fbb0f13b4f2c615b0fc30c055f88bfb5483,,EXACT_CANONICAL_NOT_FOUND,,,,,,,,ccfc7e3ca85c8b80aa96eb52d4e50e07e1811d28916b544280d8a4f1a043ba72,,EXACT_CANONICAL_NOT_FOUND,,,,,,,,e6e19630a9415359fba90888864d17313873a984ac79a3677c1d62aac943f991,
1834,CARYOPHYLLACEAE,Petrorhagia nanteuilii,NO_API_TAXON,False,KEEP_TAXONIC_RESPONSE,2026-08-19T17:29:43.543055+00:00,EXACT_CANONICAL_FOUND,Petrorhagia nanteuilii,Petrorhagia nanteuilii,(Burnat) P.W.Ball & Heywood,Accepted,,2409396,2409396,6ff1e084d7e1de5bce526a9952c96fbb0f13b4f2c615b0fc30c055f88bfb5483,,EXACT_CANONICAL_FOUND,Petrorhagia nanteuilii,Petrorhagia nanteuilii,(Burnat) P.W.Ball & Heywood,Accepted,,,wfo-0000395430,ccfc7e3ca85c8b80aa96eb52d4e50e07e1811d28916b544280d8a4f1a043ba72,,EXACT_CANONICAL_FOUND,Petrorhagia nanteuilii,Petrorhagia nanteuilii (Burnat) P.W. Ball & Heywood,(Burnat) P.W. Ball & Heywood,,,,FUND. BIODIVERSIDAD:ANTHOS:21696,e6e19630a9415359fba90888864d17313873a984ac79a3677c1d62aac943f991,
1836,APIACEAE,Petroselinum crispum,NO_API_TAXON,False,KEEP_TAXONIC_RESPONSE,2026-08-19T17:29:43.543065+00:00,EXACT_CANONICAL_FOUND,Petroselinum crispum,Petroselinum crispum,(Mill.) Fuss,Accepted,,2898243,2898243,6ff1e084d7e1de5bce526a9952c96fbb0f13b4f2c615b0fc30c055f88bfb5483,,EXACT_CANONICAL_FOUND,Petroselinum crispum,Petroselinum crispum,(Mill.) Fuss,Accepted,,,wfo-0000745326,ccfc7e3ca85c8b80aa96eb52d4e50e07e1811d28916b544280d8a4f1a043ba72,,EXACT_CANONICAL_FOUND,Petroselinum crispum,Petroselinum crispum (Mill.) Fuss,(Mill.) Fuss,,,,FUND. BIODIVERSIDAD:ANTHOS:28233,e6e19630a9415359fba90888864d17313873a984ac79a3677c1d62aac943f991,
1837,APIACEAE,Petroselinum segetum,NO_API_TAXON,False,KEEP_TAXONIC_RESPONSE,2026-08-19T17:29:43.543075+00:00,EXACT_CANONICAL_FOUND,Petroselinum segetum,Petroselinum segetum,(L.) W.D.J.Koch,Synonym,,2473837,2406772,6ff1e084d7e1de5bce526a9952c96fbb0f13b4f2c615b0fc30c055f88bfb5483,,EXACT_CANONICAL_FOUND,Petroselinum segetum,Petroselinum segetum,(L.) W.D.J.Koch,Synonym,,wfo-0000431444,wfo-0000393576,ccfc7e3ca85c8b80aa96eb52d4e50e07e1811d28916b544280d8a4f1a043ba72,,EXACT_CANONICAL_FOUND,Petroselinum segetum,Petroselinum segetum (L.) W.D.J. Koch,(L.) W.D.J. Koch,,,,FUND. BIODIVERSIDAD:ANTHOS:28237,e6e19630a9415359fba90888864d17313873a984ac79a3677c1d62aac943f991,
1838,APIACEAE,Peucedanum carvifolia,NO_API_TAXON,False,KEEP_TAXONIC_RESPONSE,2026-08-19T17:29:43.543084+00:00,EXACT_CANONICAL_NOT_FOUND,,,,,,,,6ff1e084d7e1de5bce526a9952c96fbb0f13b4f2c615b0fc30c055f88bfb5483,,EXACT_CANONICAL_FOUND,Peucedanum carvifolia,Peucedanum carvifolia,Vill.,Synonym,,wfo-0000509049,wfo-0000393792,ccfc7e3ca85c8b80aa96eb52d4e50e07e1811d28916b544280d8a4f1a043ba72,,EXACT_CANONICAL_FOUND,Peucedanum carvifolia,Peucedanum carvifolia Crantz ex Vill.,Crantz ex Vill.,,,,FUND. BIODIVERSIDAD:ANTHOS:28323,e6e19630a9415359fba90888864d17313873a984ac79a3677c1d62aac943f991,
1840,APIACEAE,Peucedanum ostruthium,NO_API_TAXON,False,KEEP_TAXONIC_RESPONSE,2026-08-19T17:29:43.543095+00:00,EXACT_CANONICAL_FOUND,Peucedanum ostruthium,Peucedanum ostruthium,(L.) W.D.J.Koch,Accepted,,2403688,2403688,6ff1e084d7e1de5bce526a9952c96fbb0f13b4f2c615b0fc30c055f88bfb5483,,EXACT_CANONICAL_FOUND,Peucedanum ostruthium,Peucedanum ostruthium,(L.) W.D.J.Koch,Accepted,,,wfo-0000391825,ccfc7e3ca85c8b80aa96eb52d4e50e07e1811d28916b544280d8a4f1a043ba72,,EXACT_CANONICAL_FOUND,Peucedanum ostruthium,Peucedanum ostruthium (L.) W.D.J. Koch,(L.) W.D.J. Koch,,,,FUND. BIODIVERSIDAD:ANTHOS:40019,e6e19630a9415359fba90888864d17313873a984ac79a3677c1d62aac943f991,
1843,ASTERACEAE,Phagnalon saxatilis,NO_API_TAXON,False,NO_RESPONSE_ALL_THREE,2026-08-19T17:29:43.543104+00:00,EXACT_CANONICAL_NOT_FOUND,,,,,,,,6ff1e084d7e1de5bce526a9952c96fbb0f13b4f2c615b0fc30c055f88bfb5483,,EXACT_CANONICAL_NOT_FOUND,,,,,,,,ccfc7e3ca85c8b80aa96eb52d4e50e07e1811d28916b544280d8a4f1a043ba72,,EXACT_CANONICAL_NOT_FOUND,,,,,,,,e6e19630a9415359fba90888864d17313873a984ac79a3677c1d62aac943f991,
1844,ASTERACEAE,Phagnalon sordidum,NO_API_TAXON,False,KEEP_TAXONIC_RESPONSE,2026-08-19T17:29:43.543114+00:00,EXACT_CANONICAL_FOUND,Phagnalon sordidum,Phagnalon sordidum,(L.) Rchb.,Accepted,,3087539,3087539,6ff1e084d7e1de5bce526a9952c96fbb0f13b4f2c615b0fc30c055f88bfb5483,,EXACT_CANONICAL_FOUND,Phagnalon sordidum,Phagnalon sordidum,(L.) Rchb.,Accepted,,,wfo-0000116383,ccfc7e3ca85c8b80aa96eb52d4e50e07e1811d28916b544280d8a4f1a043ba72,,EXACT_CANONICAL_FOUND,Phagnalon sordidum,Phagnalon sordidum (L.) Rchb.,(L.) Rchb.,,,,FUND. BIODIVERSIDAD:ANTHOS:32914,e6e19630a9415359fba90888864d17313873a984ac79a3677c1d62aac943f991,
1845,ASTERACEAE,Phalacrocarpum oppositifolium,NO_API_TAXON,False,KEEP_TAXONIC_RESPONSE,2026-08-19T17:29:43.543124+00:00,EXACT_CANONICAL_FOUND,Phalacrocarpum oppositifolium,Phalacrocarpum oppositifolium,(Brot.) Willk.,Accepted,,3112061,3112061,6ff1e084d7e1de5bce526a9952c96fbb0f13b4f2c615b0fc30c055f88bfb5483,,EXACT_CANONICAL_FOUND,Phalacrocarpum oppositifolium,Phalacrocarpum oppositifolium,(Brot.) Willk.,Accepted,,,wfo-0000117187,ccfc7e3ca85c8b80aa96eb52d4e50e07e1811d28916b544280d8a4f1a043ba72,,EXACT_CANONICAL_FOUND,Phalacrocarpum oppositifolium,Phalacrocarpum oppositifolium (Brot.) Willk.,(Brot.) Willk.,,,,FUND. BIODIVERSIDAD:ANTHOS:103448,e6e19630a9415359fba90888864d17313873a984ac79a3677c1d62aac943f991,
1849,OROBANCHACEAE,Phelipanche arenaria,NO_API_TAXON,False,KEEP_TAXONIC_RESPONSE,2026-08-19T17:29:43.543134+00:00,EXACT_CANONICAL_FOUND,Phelipanche arenaria,Phelipanche arenaria,(Borkh.) Pomel,Synonym,,2396694,2552907,6ff1e084d7e1de5bce526a9952c96fbb0f13b4f2c615b0fc30c055f88bfb5483,,EXACT_CANONICAL_FOUND,Phelipanche arenaria,Phelipanche arenaria,(Borkh.) Pomel,Synonym,,wfo-0000388425,wfo-0000476573,ccfc7e3ca85c8b80aa96eb52d4e50e07e1811d28916b544280d8a4f1a043ba72,,EXACT_CANONICAL_NOT_FOUND,,,,,,,,e6e19630a9415359fba90888864d17313873a984ac79a3677c1d62aac943f991,
1850,OROBANCHACEAE,Phelipanche cernua,NO_API_TAXON,False,KEEP_TAXONIC_RESPONSE,2026-08-19T17:29:43.543143+00:00,EXACT_CANONICAL_FOUND,Phelipanche cernua,Phelipanche cernua,Pomel,Synonym,,2997202,2552842,6ff1e084d7e1de5bce526a9952c96fbb0f13b4f2c615b0fc30c055f88bfb5483,,EXACT_CANONICAL_FOUND,Phelipanche cernua,Phelipanche cernua,Pomel,Synonym,,wfo-0001337546,wfo-0000476545,ccfc7e3ca85c8b80aa96eb52d4e50e07e1811d28916b544280d8a4f1a043ba72,,EXACT_CANONICAL_NOT_FOUND,,,,,,,,e6e19630a9415359fba90888864d17313873a984ac79a3677c1d62aac943f991,
1851,OROBANCHACEAE,Phelipanche lavandulaceoides,NO_API_TAXON,False,KEEP_TAXONIC_RESPONSE,2026-08-19T17:29:43.543154+00:00,EXACT_CANONICAL_FOUND,Phelipanche lavandulaceoides,Phelipanche lavandulaceoides,"Carlón, G.Gómez, M.Laínz, Moreno Mor., Ó.Sánchez & Schneew.",Unplaced,,,2897006,6ff1e084d7e1de5bce526a9952c96fbb0f13b4f2c615b0fc30c055f88bfb5483,,EXACT_CANONICAL_FOUND,Phelipanche lavandulaceoides,Phelipanche lavandulaceoides,"Carlón, G.Gómez, M.Laínz, Moreno Mor., Ó.Sánchez & Schneew.",Unchecked,,,wfo-0000744431,ccfc7e3ca85c8b80aa96eb52d4e50e07e1811d28916b544280d8a4f1a043ba72,,EXACT_CANONICAL_NOT_FOUND,,,,,,,,e6e19630a9415359fba90888864d17313873a984ac79a3677c1d62aac943f991,
1852,OROBANCHACEAE,Phelipanche purpurea subsp. bohemica,NO_API_TAXON,False,KEEP_TAXONIC_RESPONSE,2026-08-19T17:29:43.543164+00:00,EXACT_CANONICAL_FOUND,Phelipanche purpurea subsp. bohemica,Phelipanche purpurea subsp. bohemica,(Čelak.) Zázvorka,Synonym,,2395433,2550492,6ff1e084d7e1de5bce526a9952c96fbb0f13b4f2c615b0fc30c055f88bfb5483,,EXACT_CANONICAL_FOUND,Phelipanche purpurea subsp. bohemica,Phelipanche purpurea subsp. bohemica,(Čelak.) Zázvorka,Synonym,,wfo-0001359601,wfo-0001358554,ccfc7e3ca85c8b80aa96eb52d4e50e07e1811d28916b544280d8a4f1a043ba72,,EXACT_CANONICAL_NOT_FOUND,,,,,,,,e6e19630a9415359fba90888864d17313873a984ac79a3677c1d62aac943f991,
1853,OROBANCHACEAE,Phelipanche rosmarina,NO_API_TAXON,False,KEEP_TAXONIC_RESPONSE,2026-08-19T17:29:43.543174+00:00,EXACT_CANONICAL_FOUND,Phelipanche rosmarina,Phelipanche rosmarina,"(Welw. ex Beck) Banfi, Galasso & Soldano",Synonym,,2395581,2552830,6ff1e084d7e1de5bce526a9952c96fbb0f13b4f2c615b0fc30c055f88bfb5483,,EXACT_CANONICAL_FOUND,Phelipanche rosmarina,Phelipanche rosmarina,"(Welw. ex Beck) Banfi, Galasso & Soldano",Synonym,,wfo-0000387684,wfo-0000476534,ccfc7e3ca85c8b80aa96eb52d4e50e07e1811d28916b544280d8a4f1a043ba72,,EXACT_CANONICAL_NOT_FOUND,,,,,,,,e6e19630a9415359fba90888864d17313873a984ac79a3677c1d62aac943f991,
1857,POACEAE,Phleum alpinum subsp. alpinum,NO_EXACT_MATCH,False,KEEP_TAXONIC_RESPONSE,2026-08-19T17:29:43.543183+00:00,EXACT_CANONICAL_NOT_FOUND,,,,,,,,6ff1e084d7e1de5bce526a9952c96fbb0f13b4f2c615b0fc30c055f88bfb5483,,EXACT_CANONICAL_FOUND,Phleum alpinum subsp. alpinum,Phleum alpinum subsp. alpinum,,Synonym,,wfo-0000889952,wfo-0001097564,ccfc7e3ca85c8b80aa96eb52d4e50e07e1811d28916b544280d8a4f1a043ba72,,EXACT_CANONICAL_NOT_FOUND,,,,,,,,e6e19630a9415359fba90888864d17313873a984ac79a3677c1d62aac943f991,
1860,POACEAE,Phleum pratense subsp. bertolonii,NO_EXACT_MATCH,False,KEEP_TAXONIC_RESPONSE,2026-08-19T17:29:43.543194+00:00,EXACT_CANONICAL_FOUND,Phleum pratense subsp. bertolonii,Phleum pratense subsp. bertolonii,(DC.) Bornm.,Synonym,,433748,433853,6ff1e084d7e1de5bce526a9952c96fbb0f13b4f2c615b0fc30c055f88bfb5483,,EXACT_CANONICAL_FOUND,Phleum pratense subsp. bertolonii,Phleum pratense subsp. bertolonii,(DC.) Şerb. & Nyár.,Synonym,,wfo-0000889984,wfo-0000890100,ccfc7e3ca85c8b80aa96eb52d4e50e07e1811d28916b544280d8a4f1a043ba72,,EXACT_CANONICAL_FOUND,Phleum pratense subsp. bertolonii,Phleum pratense subsp. bertolonii (DC.) Bornm.,(DC.) Bornm.,,,,FUND. BIODIVERSIDAD:ANTHOS:53806,e6e19630a9415359fba90888864d17313873a984ac79a3677c1d62aac943f991,
1862,LAMIACEAE,Phlomis lychnitis,NO_API_TAXON,False,KEEP_TAXONIC_RESPONSE,2026-08-19T17:29:43.543204+00:00,EXACT_CANONICAL_FOUND,Phlomis lychnitis,Phlomis lychnitis,L.,Accepted,,152303,152303,6ff1e084d7e1de5bce526a9952c96fbb0f13b4f2c615b0fc30c055f88bfb5483,,EXACT_CANONICAL_FOUND,Phlomis lychnitis,Phlomis lychnitis,L.,Accepted,,,wfo-0000269372,ccfc7e3ca85c8b80aa96eb52d4e50e07e1811d28916b544280d8a4f1a043ba72,,EXACT_CANONICAL_FOUND,Phlomis lychnitis,Phlomis lychnitis L.,L.,,,,FUND. BIODIVERSIDAD:ANTHOS:30196,e6e19630a9415359fba90888864d17313873a984ac79a3677c1d62aac943f991,
1865,CAMPANULACEAE,Phyteuma hemisphaericum,NO_API_TAXON,False,KEEP_TAXONIC_RESPONSE,2026-08-19T17:29:43.543215+00:00,EXACT_CANONICAL_FOUND,Phyteuma hemisphaericum,Phyteuma hemisphaericum,L.,Accepted,,355405,355405,6ff1e084d7e1de5bce526a9952c96fbb0f13b4f2c615b0fc30c055f88bfb5483,,EXACT_CANONICAL_FOUND,Phyteuma hemisphaericum,Phyteuma hemisphaericum,L.,Accepted,,,wfo-0000817589,ccfc7e3ca85c8b80aa96eb52d4e50e07e1811d28916b544280d8a4f1a043ba72,,EXACT_CANONICAL_FOUND,Phyteuma hemisphaericum,Phyteuma hemisphaericum L.,L.,,,,FUND. BIODIVERSIDAD:ANTHOS:43173,e6e19630a9415359fba90888864d17313873a984ac79a3677c1d62aac943f991,
1868,CAMPANULACEAE,Phyteuma spicatum,NO_API_TAXON,False,KEEP_TAXONIC_RESPONSE,2026-08-19T17:29:43.543225+00:00,EXACT_CANONICAL_FOUND,Phyteuma spicatum,Phyteuma spicatum,L.,Accepted,,354623,354623,6ff1e084d7e1de5bce526a9952c96fbb0f13b4f2c615b0fc30c055f88bfb5483,,EXACT_CANONICAL_FOUND,Phyteuma spicatum,Phyteuma spicatum,L.,Accepted,,,wfo-0000816739,ccfc7e3ca85c8b80aa96eb52d4e50e07e1811d28916b544280d8a4f1a043ba72,,EXACT_CANONICAL_FOUND,Phyteuma spicatum,Phyteuma spicatum L.,L.,,,,FUND. BIODIVERSIDAD:ANTHOS:32507,e6e19630a9415359fba90888864d17313873a984ac79a3677c1d62aac943f991,
1869,PINACEAE,Picea abies subsp. abies,NO_EXACT_MATCH,False,NO_RESPONSE_ALL_THREE,2026-08-19T17:29:43.543233+00:00,EXACT_CANONICAL_NOT_FOUND,,,,,,,,6ff1e084d7e1de5bce526a9952c96fbb0f13b4f2c615b0fc30c055f88bfb5483,,EXACT_CANONICAL_NOT_FOUND,,,,,,,,ccfc7e3ca85c8b80aa96eb52d4e50e07e1811d28916b544280d8a4f1a043ba72,,EXACT_CANONICAL_NOT_FOUND,,,,,,,,e6e19630a9415359fba90888864d17313873a984ac79a3677c1d62aac943f991,
1871,ASTERACEAE,Picris echioides,NO_API_TAXON,False,KEEP_TAXONIC_RESPONSE,2026-08-19T17:29:43.543243+00:00,EXACT_CANONICAL_FOUND,Picris echioides,Picris echioides,L.,Synonym,,3074351,3074344,6ff1e084d7e1de5bce526a9952c96fbb0f13b4f2c615b0fc30c055f88bfb5483,,EXACT_CANONICAL_FOUND,Picris echioides,Picris echioides,L.,Synonym,,wfo-0000123886,wfo-0000059157,ccfc7e3ca85c8b80aa96eb52d4e50e07e1811d28916b544280d8a4f1a043ba72,,EXACT_CANONICAL_NOT_FOUND,,,,,,,,e6e19630a9415359fba90888864d17313873a984ac79a3677c1d62aac943f991,
1873,ASTERACEAE,Picris hispanica,NO_API_TAXON,False,KEEP_TAXONIC_RESPONSE,2026-08-19T17:29:43.543253+00:00,EXACT_CANONICAL_FOUND,Picris hispanica,Picris hispanica,(Willd.) P.D.Sell,Accepted,,3072345,3072345,6ff1e084d7e1de5bce526a9952c96fbb0f13b4f2c615b0fc30c055f88bfb5483,,EXACT_CANONICAL_FOUND,Picris hispanica,Picris hispanica,(Willd.) P.D.Sell,Accepted,,,wfo-0000064702,ccfc7e3ca85c8b80aa96eb52d4e50e07e1811d28916b544280d8a4f1a043ba72,,EXACT_CANONICAL_FOUND,Picris hispanica,Picris hispanica (Willd.) P.D. Sell,(Willd.) P.D. Sell,,,,FUND. BIODIVERSIDAD:ANTHOS:856491,e6e19630a9415359fba90888864d17313873a984ac79a3677c1d62aac943f991,
1874,ASTERACEAE,Pilosella capillata,NO_API_TAXON,False,KEEP_TAXONIC_RESPONSE,2026-08-19T17:29:43.543263+00:00,EXACT_CANONICAL_FOUND,Pilosella capillata,Pilosella capillata,(Arv.-Touv.) Mateo,Synonym,,3307328,3073940,6ff1e084d7e1de5bce526a9952c96fbb0f13b4f2c615b0fc30c055f88bfb5483,,EXACT_CANONICAL_FOUND,Pilosella capillata,Pilosella capillata,(Arv.-Touv.) Mateo,Synonym,,wfo-0000060496,wfo-0000087572,ccfc7e3ca85c8b80aa96eb52d4e50e07e1811d28916b544280d8a4f1a043ba72,,EXACT_CANONICAL_NOT_FOUND,,,,,,,,e6e19630a9415359fba90888864d17313873a984ac79a3677c1d62aac943f991,
1875,ASTERACEAE,Pilosella castellana,NO_API_TAXON,False,KEEP_TAXONIC_RESPONSE,2026-08-19T17:29:43.543271+00:00,EXACT_CANONICAL_FOUND,Pilosella castellana,Pilosella castellana,(Boiss. & Reut.) F.W.Schultz & Sch.Bip.,Accepted,,3071361,3071361,6ff1e084d7e1de5bce526a9952c96fbb0f13b4f2c615b0fc30c055f88bfb5483,,EXACT_CANONICAL_FOUND,Pilosella castellana,Pilosella castellana,(Boiss. & Reut.) F.W.Schultz & Sch.Bip.,Accepted,,,wfo-0000102668,ccfc7e3ca85c8b80aa96eb52d4e50e07e1811d28916b544280d8a4f1a043ba72,,EXACT_CANONICAL_FOUND,Pilosella castellana,Pilosella castellana (Boiss. & Reut.) F.W. Schultz & Sch. Bip.,(Boiss. & Reut.) F.W. Schultz & Sch. Bip.,,,,FUND. BIODIVERSIDAD:ANTHOS:1124335,e6e19630a9415359fba90888864d17313873a984ac79a3677c1d62aac943f991,
1876,ASTERACEAE,Pilosella galiciana,NO_API_TAXON,False,KEEP_TAXONIC_RESPONSE,2026-08-19T17:29:43.543282+00:00,EXACT_CANONICAL_FOUND,Pilosella galiciana,Pilosella galiciana,(Pau) M.Laínz,Synonym,,3307438,3071842,6ff1e084d7e1de5bce526a9952c96fbb0f13b4f2c615b0fc30c055f88bfb5483,,EXACT_CANONICAL_FOUND,Pilosella galiciana,Pilosella galiciana,(Pau) M.Laínz,Accepted,,,wfo-1000040508,ccfc7e3ca85c8b80aa96eb52d4e50e07e1811d28916b544280d8a4f1a043ba72,,EXACT_CANONICAL_FOUND,Pilosella galiciana,Pilosella galiciana (Pau) M. Laínz,(Pau) M. Laínz,,,,FUND. BIODIVERSIDAD:ANTHOS:118904,e6e19630a9415359fba90888864d17313873a984ac79a3677c1d62aac943f991,
1878,ASTERACEAE,Pilosella pintodasilvae,NO_API_TAXON,False,KEEP_TAXONIC_RESPONSE,2026-08-19T17:29:43.543291+00:00,EXACT_CANONICAL_FOUND,Pilosella pintodasilvae,Pilosella pintodasilvae,(de Retz) Mateo,Synonym,,3307296,3073654,6ff1e084d7e1de5bce526a9952c96fbb0f13b4f2c615b0fc30c055f88bfb5483,,EXACT_CANONICAL_FOUND,Pilosella pintodasilvae,Pilosella pintodasilvae,(de Retz) Mateo,Accepted,,,wfo-1000054856,ccfc7e3ca85c8b80aa96eb52d4e50e07e1811d28916b544280d8a4f1a043ba72,,EXACT_CANONICAL_NOT_FOUND,,,,,,,,e6e19630a9415359fba90888864d17313873a984ac79a3677c1d62aac943f991,
1879,ASTERACEAE,Pilosella pseudopilosella,NO_API_TAXON,False,KEEP_TAXONIC_RESPONSE,2026-08-19T17:29:43.543302+00:00,EXACT_CANONICAL_FOUND,Pilosella pseudopilosella,Pilosella pseudopilosella,(Ten.) Soják,Accepted,,3073741,3073741,6ff1e084d7e1de5bce526a9952c96fbb0f13b4f2c615b0fc30c055f88bfb5483,,EXACT_CANONICAL_FOUND,Pilosella pseudopilosella,Pilosella pseudopilosella,(Ten.) Soják,Accepted,,,wfo-0000095981,ccfc7e3ca85c8b80aa96eb52d4e50e07e1811d28916b544280d8a4f1a043ba72,,EXACT_CANONICAL_FOUND,Pilosella pseudopilosella,Pilosella pseudopilosella (Ten.) Soják,(Ten.) Soják,,,,FUND. BIODIVERSIDAD:ANTHOS:100839,e6e19630a9415359fba90888864d17313873a984ac79a3677c1d62aac943f991,
1880,ASTERACEAE,Pilosella saussureoides,NO_API_TAXON,False,KEEP_TAXONIC_RESPONSE,2026-08-19T17:29:43.543311+00:00,EXACT_CANONICAL_FOUND,Pilosella saussureoides,Pilosella saussureoides,Arv.-Touv.,Synonym,,3307449,3073781,6ff1e084d7e1de5bce526a9952c96fbb0f13b4f2c615b0fc30c055f88bfb5483,,EXACT_CANONICAL_FOUND,Pilosella saussureoides,Pilosella saussureoides,Arv.-Touv.,Accepted,,,wfo-0000063444,ccfc7e3ca85c8b80aa96eb52d4e50e07e1811d28916b544280d8a4f1a043ba72,,EXACT_CANONICAL_FOUND,Pilosella saussureoides,Pilosella saussureoides Arv.-Touv.,Arv.-Touv.,,,,FUND. BIODIVERSIDAD:ANTHOS:1467240,e6e19630a9415359fba90888864d17313873a984ac79a3677c1d62aac943f991,
1881,ASTERACEAE,Pilosella sp.,UNPARSABLE_NAME,False,NO_RESPONSE_ALL_THREE,2026-08-19T17:29:43.543319+00:00,EXACT_CANONICAL_NOT_FOUND,,,,,,,,6ff1e084d7e1de5bce526a9952c96fbb0f13b4f2c615b0fc30c055f88bfb5483,,EXACT_CANONICAL_NOT_FOUND,,,,,,,,ccfc7e3ca85c8b80aa96eb52d4e50e07e1811d28916b544280d8a4f1a043ba72,,EXACT_CANONICAL_NOT_FOUND,,,,,,,,e6e19630a9415359fba90888864d17313873a984ac79a3677c1d62aac943f991,
1882,ASTERACEAE,Pilosella subtardans,NO_API_TAXON,False,KEEP_TAXONIC_RESPONSE,2026-08-19T17:29:43.543328+00:00,EXACT_CANONICAL_FOUND,Pilosella subtardans,Pilosella subtardans,(Nägeli & Peter) Soják,Synonym,,3307447,3073884,6ff1e084d7e1de5bce526a9952c96fbb0f13b4f2c615b0fc30c055f88bfb5483,,EXACT_CANONICAL_FOUND,Pilosella subtardans,Pilosella subtardans,(Nägeli & Peter) Soják,Accepted,,,wfo-0000120185,ccfc7e3ca85c8b80aa96eb52d4e50e07e1811d28916b544280d8a4f1a043ba72,,EXACT_CANONICAL_NOT_FOUND,,,,,,,,e6e19630a9415359fba90888864d17313873a984ac79a3677c1d62aac943f991,
1883,ASTERACEAE,Pilosella tricholepia,NO_API_TAXON,False,KEEP_TAXONIC_RESPONSE,2026-08-19T17:29:43.543338+00:00,EXACT_CANONICAL_FOUND,Pilosella tricholepia,Pilosella tricholepia,(Nägeli & Peter) Dostál,Synonym,,2928699,2927446,6ff1e084d7e1de5bce526a9952c96fbb0f13b4f2c615b0fc30c055f88bfb5483,,EXACT_CANONICAL_FOUND,Pilosella tricholepia,Pilosella tricholepia,(Nägeli & Peter) Mateo,Synonym,,wfo-0000068649,wfo-0000062773,ccfc7e3ca85c8b80aa96eb52d4e50e07e1811d28916b544280d8a4f1a043ba72,,EXACT_CANONICAL_NOT_FOUND,,,,,,,,e6e19630a9415359fba90888864d17313873a984ac79a3677c1d62aac943f991,
1884,ASTERACEAE,Pilosella vahlii,NO_API_TAXON,False,KEEP_TAXONIC_RESPONSE,2026-08-19T17:29:43.543347+00:00,EXACT_CANONICAL_FOUND,Pilosella vahlii,Pilosella vahlii,(Froel.) F.W.Schultz & Sch.Bip.,Accepted,,3073897,3073897,6ff1e084d7e1de5bce526a9952c96fbb0f13b4f2c615b0fc30c055f88bfb5483,,EXACT_CANONICAL_FOUND,Pilosella vahlii,Pilosella vahlii,(Froel.) F.W.Schultz & Sch.Bip.,Accepted,,,wfo-0000127579,ccfc7e3ca85c8b80aa96eb52d4e50e07e1811d28916b544280d8a4f1a043ba72,,EXACT_CANONICAL_FOUND,Pilosella vahlii,Pilosella vahlii (Froel.) F.W. Schultz & Sch. Bip.,(Froel.) F.W. Schultz & Sch. Bip.,,,,FUND. BIODIVERSIDAD:ANTHOS:68534,e6e19630a9415359fba90888864d17313873a984ac79a3677c1d62aac943f991,
1885,APIACEAE,Pimpinella espanensis,NO_API_TAXON,False,KEEP_TAXONIC_RESPONSE,2026-08-19T17:29:43.543358+00:00,EXACT_CANONICAL_FOUND,Pimpinella espanensis,Pimpinella espanensis,M.Hiroe,Synonym,,3010035,2402618,6ff1e084d7e1de5bce526a9952c96fbb0f13b4f2c615b0fc30c055f88bfb5483,,EXACT_CANONICAL_FOUND,Pimpinella espanensis,Pimpinella espanensis,M.Hiroe,Synonym,,wfo-0001346295,wfo-0000391051,ccfc7e3ca85c8b80aa96eb52d4e50e07e1811d28916b544280d8a4f1a043ba72,,EXACT_CANONICAL_FOUND,Pimpinella espanensis,Pimpinella espanensis M. Hiroe,M. Hiroe,,,,FUND. BIODIVERSIDAD:ANTHOS:850204,e6e19630a9415359fba90888864d17313873a984ac79a3677c1d62aac943f991,
1886,APIACEAE,Pimpinella gracilis,NO_API_TAXON,False,KEEP_TAXONIC_RESPONSE,2026-08-19T17:29:43.543367+00:00,EXACT_CANONICAL_FOUND,Pimpinella gracilis,Pimpinella gracilis,Bisch.,Synonym,,2402410,2403082,6ff1e084d7e1de5bce526a9952c96fbb0f13b4f2c615b0fc30c055f88bfb5483,,EXACT_CANONICAL_FOUND,Pimpinella gracilis,Pimpinella gracilis,(Boiss.) Pau,Synonym,,wfo-0001346295,wfo-0000391362,ccfc7e3ca85c8b80aa96eb52d4e50e07e1811d28916b544280d8a4f1a043ba72,,EXACT_CANONICAL_NOT_FOUND,,,,,,,,e6e19630a9415359fba90888864d17313873a984ac79a3677c1d62aac943f991,
1887,APIACEAE,Pimpinella major,NO_API_TAXON,False,KEEP_TAXONIC_RESPONSE,2026-08-19T17:29:43.543381+00:00,EXACT_CANONICAL_FOUND,Pimpinella major,Pimpinella major,(L.) Huds.,Accepted,,2403195,2403195,6ff1e084d7e1de5bce526a9952c96fbb0f13b4f2c615b0fc30c055f88bfb5483,,EXACT_CANONICAL_FOUND,Pimpinella major,Pimpinella major,Huds.,Accepted,,,wfo-0000391450,ccfc7e3ca85c8b80aa96eb52d4e50e07e1811d28916b544280d8a4f1a043ba72,,EXACT_CANONICAL_FOUND,Pimpinella major,Pimpinella major (L.) Huds.,(L.) Huds.,,,,FUND. BIODIVERSIDAD:ANTHOS:27933,e6e19630a9415359fba90888864d17313873a984ac79a3677c1d62aac943f991,
1889,APIACEAE,Pimpinella villosa,NO_API_TAXON,False,KEEP_TAXONIC_RESPONSE,2026-08-19T17:29:43.543390+00:00,EXACT_CANONICAL_FOUND,Pimpinella villosa,Pimpinella villosa,Schousb.,Accepted,,2405351,2405351,6ff1e084d7e1de5bce526a9952c96fbb0f13b4f2c615b0fc30c055f88bfb5483,,EXACT_CANONICAL_FOUND,Pimpinella villosa,Pimpinella villosa,Schousb.,Accepted,,,wfo-0000392699,ccfc7e3ca85c8b80aa96eb52d4e50e07e1811d28916b544280d8a4f1a043ba72,,EXACT_CANONICAL_FOUND,Pimpinella villosa,Pimpinella villosa Schousb.,Schousb.,,,,FUND. BIODIVERSIDAD:ANTHOS:27932,e6e19630a9415359fba90888864d17313873a984ac79a3677c1d62aac943f991,
1899,POACEAE,Piptatherum miliaceum,NO_API_TAXON,False,KEEP_TAXONIC_RESPONSE,2026-08-19T17:29:43.543400+00:00,EXACT_CANONICAL_FOUND,Piptatherum miliaceum,Piptatherum miliaceum,(L.) Coss.,Synonym,,474057,434465,6ff1e084d7e1de5bce526a9952c96fbb0f13b4f2c615b0fc30c055f88bfb5483,,EXACT_CANONICAL_FOUND,Piptatherum miliaceum,Piptatherum miliaceum,Coss.,Accepted,,,wfo-0000890733,ccfc7e3ca85c8b80aa96eb52d4e50e07e1811d28916b544280d8a4f1a043ba72,,EXACT_CANONICAL_FOUND,Piptatherum miliaceum,Piptatherum miliaceum (L.) Coss.,(L.) Coss.,,,,FUND. BIODIVERSIDAD:ANTHOS:37473,e6e19630a9415359fba90888864d17313873a984ac79a3677c1d62aac943f991,
1900,POACEAE,Piptatherum paradoxum,NO_API_TAXON,False,KEEP_TAXONIC_RESPONSE,2026-08-19T17:29:43.543409+00:00,EXACT_CANONICAL_FOUND,Piptatherum paradoxum,Piptatherum paradoxum,(L.) P.Beauv.,Synonym,,523782,434477,6ff1e084d7e1de5bce526a9952c96fbb0f13b4f2c615b0fc30c055f88bfb5483,,EXACT_CANONICAL_FOUND,Piptatherum paradoxum,Piptatherum paradoxum,(L.) P.Beauv.,Synonym,,wfo-0001429265,wfo-0000890745,ccfc7e3ca85c8b80aa96eb52d4e50e07e1811d28916b544280d8a4f1a043ba72,,EXACT_CANONICAL_FOUND,Piptatherum paradoxum,Piptatherum paradoxum (L.) P. Beauv.,(L.) P. Beauv.,,,,FUND. BIODIVERSIDAD:ANTHOS:37489,e6e19630a9415359fba90888864d17313873a984ac79a3677c1d62aac943f991,
1903,CRASSULACEAE,Pistorinia hispanica,NO_API_TAXON,False,KEEP_TAXONIC_RESPONSE,2026-08-19T17:29:43.543418+00:00,EXACT_CANONICAL_FOUND,Pistorinia hispanica,Pistorinia hispanica,(L.) DC.,Accepted,,2410947,2410947,6ff1e084d7e1de5bce526a9952c96fbb0f13b4f2c615b0fc30c055f88bfb5483,,EXACT_CANONICAL_FOUND,Pistorinia hispanica,Pistorinia hispanica,(L.) DC.,Accepted,,,wfo-0000396379,ccfc7e3ca85c8b80aa96eb52d4e50e07e1811d28916b544280d8a4f1a043ba72,,EXACT_CANONICAL_FOUND,Pistorinia hispanica,Pistorinia hispanica (L.) DC.,(L.) DC.,,,,FUND. BIODIVERSIDAD:ANTHOS:1124328,e6e19630a9415359fba90888864d17313873a984ac79a3677c1d62aac943f991,
1904,FABACEAE,Pisum sativum subsp. elatius,NO_EXACT_MATCH,False,KEEP_TAXONIC_RESPONSE,2026-08-19T17:29:43.543430+00:00,EXACT_CANONICAL_FOUND,Pisum sativum subsp. elatius,Pisum sativum subsp. elatius,(M.Bieb.) Asch. & Graebn.,Synonym,,2351525,2873072,6ff1e084d7e1de5bce526a9952c96fbb0f13b4f2c615b0fc30c055f88bfb5483,,EXACT_CANONICAL_FOUND,Pisum sativum subsp. elatius,Pisum sativum subsp. elatius,(M.Bieb.) Asch. & Graebn.,Synonym,,wfo-0000214337,wfo-0000212723,ccfc7e3ca85c8b80aa96eb52d4e50e07e1811d28916b544280d8a4f1a043ba72,,EXACT_CANONICAL_FOUND,Pisum sativum subsp. elatius,Pisum sativum subsp. elatius (M. Bieb.) Asch. & Graebn.,(M. Bieb.) Asch. & Graebn.,,,,FUND. BIODIVERSIDAD:ANTHOS:50558,e6e19630a9415359fba90888864d17313873a984ac79a3677c1d62aac943f991,
1907,PLANTAGINACEAE,Plantago alpina,NO_API_TAXON,False,KEEP_TAXONIC_RESPONSE,2026-08-19T17:29:43.543439+00:00,EXACT_CANONICAL_FOUND,Plantago alpina,Plantago alpina,L.,Accepted,,2571391,2571391,6ff1e084d7e1de5bce526a9952c96fbb0f13b4f2c615b0fc30c055f88bfb5483,,EXACT_CANONICAL_FOUND,Plantago alpina,Plantago alpina,L.,Accepted,,,wfo-0000487694,ccfc7e3ca85c8b80aa96eb52d4e50e07e1811d28916b544280d8a4f1a043ba72,,EXACT_CANONICAL_FOUND,Plantago alpina,Plantago alpina L.,L.,,,,FUND. BIODIVERSIDAD:ANTHOS:40935,e6e19630a9415359fba90888864d17313873a984ac79a3677c1d62aac943f991,
1908,PLANTAGINACEAE,Plantago atrata subsp. discolor,NO_EXACT_MATCH,False,KEEP_TAXONIC_RESPONSE,2026-08-19T17:29:43.543450+00:00,EXACT_CANONICAL_FOUND,Plantago atrata subsp. discolor,Plantago atrata subsp. discolor,(Gand.) M.Laínz,Synonym,,3233399,2571328,6ff1e084d7e1de5bce526a9952c96fbb0f13b4f2c615b0fc30c055f88bfb5483,,EXACT_CANONICAL_FOUND,Plantago atrata subsp. discolor,Plantago atrata subsp. discolor,(Gand.) M.Laínz,Synonym,,wfo-0001428489,wfo-0001368649,ccfc7e3ca85c8b80aa96eb52d4e50e07e1811d28916b544280d8a4f1a043ba72,,EXACT_CANONICAL_NOT_FOUND,,,,,,,,e6e19630a9415359fba90888864d17313873a984ac79a3677c1d62aac943f991,
1911,PLANTAGINACEAE,Plantago holosteum,NO_API_TAXON,False,KEEP_TAXONIC_RESPONSE,2026-08-19T17:29:43.543459+00:00,EXACT_CANONICAL_FOUND,Plantago holosteum,Plantago holosteum,Scop.,Synonym,,2570774,2557174,6ff1e084d7e1de5bce526a9952c96fbb0f13b4f2c615b0fc30c055f88bfb5483,,EXACT_CANONICAL_FOUND,Plantago holosteum,Plantago holosteum,Scop.,Synonym,,wfo-0000487291,wfo-0000478449,ccfc7e3ca85c8b80aa96eb52d4e50e07e1811d28916b544280d8a4f1a043ba72,,EXACT_CANONICAL_FOUND,Plantago holosteum,Plantago holosteum Scop.,Scop.,,,,FUND. BIODIVERSIDAD:ANTHOS:43066,e6e19630a9415359fba90888864d17313873a984ac79a3677c1d62aac943f991,
1914,PLANTAGINACEAE,Plantago loeflingii,NO_API_TAXON,False,KEEP_TAXONIC_RESPONSE,2026-08-19T17:29:43.543470+00:00,EXACT_CANONICAL_FOUND,Plantago loeflingii,Plantago loeflingii,L.,Accepted,,2569861,2569861,6ff1e084d7e1de5bce526a9952c96fbb0f13b4f2c615b0fc30c055f88bfb5483,,EXACT_CANONICAL_FOUND,Plantago loeflingii,Plantago loeflingii,L.,Accepted,,,wfo-0000486624,ccfc7e3ca85c8b80aa96eb52d4e50e07e1811d28916b544280d8a4f1a043ba72,,EXACT_CANONICAL_FOUND,Plantago loeflingii,Plantago loeflingii Loefl. ex L.,Loefl. ex L.,,,,FUND. BIODIVERSIDAD:ANTHOS:50566,e6e19630a9415359fba90888864d17313873a984ac79a3677c1d62aac943f991,
1916,PLANTAGINACEAE,Plantago maritima subsp. serpentina,NO_EXACT_MATCH,False,KEEP_TAXONIC_RESPONSE,2026-08-19T17:29:43.543480+00:00,EXACT_CANONICAL_FOUND,Plantago maritima subsp. serpentina,Plantago maritima subsp. serpentina,(All.) Arcang.,Illegitimate,,2570566,2889303,6ff1e084d7e1de5bce526a9952c96fbb0f13b4f2c615b0fc30c055f88bfb5483,,EXACT_CANONICAL_FOUND,Plantago maritima subsp. serpentina,Plantago maritima subsp. serpentina,(All.) Arcang.,Synonym,,wfo-0000487279,wfo-0000741773,ccfc7e3ca85c8b80aa96eb52d4e50e07e1811d28916b544280d8a4f1a043ba72,,EXACT_CANONICAL_FOUND,Plantago maritima subsp. serpentina,Plantago maritima subsp. serpentina (All.) Arcang.,(All.) Arcang.,,,,FUND. BIODIVERSIDAD:ANTHOS:31892,e6e19630a9415359fba90888864d17313873a984ac79a3677c1d62aac943f991,
1918,PLANTAGINACEAE,Plantago monosperma subsp. discolor,NO_API_TAXON,False,KEEP_TAXONIC_RESPONSE,2026-08-19T17:29:43.543492+00:00,EXACT_CANONICAL_FOUND,Plantago monosperma subsp. discolor,Plantago monosperma subsp. discolor,(Gand.) M.Laínz,Accepted,,3233399,3233399,6ff1e084d7e1de5bce526a9952c96fbb0f13b4f2c615b0fc30c055f88bfb5483,,EXACT_CANONICAL_FOUND,Plantago monosperma subsp. discolor,Plantago monosperma subsp. discolor,(Gand.) M.Laínz,Accepted,,,wfo-0001428489,ccfc7e3ca85c8b80aa96eb52d4e50e07e1811d28916b544280d8a4f1a043ba72,,EXACT_CANONICAL_FOUND,Plantago monosperma subsp. discolor,Plantago monosperma subsp. discolor (Gand.) M. Laínz,(Gand.) M. Laínz,,,,FUND. BIODIVERSIDAD:ANTHOS:31917,e6e19630a9415359fba90888864d17313873a984ac79a3677c1d62aac943f991,
1919,PLANTAGINACEAE,Plantago sempervirens,NO_API_TAXON,False,KEEP_TAXONIC_RESPONSE,2026-08-19T17:29:43.543502+00:00,EXACT_CANONICAL_FOUND,Plantago sempervirens,Plantago sempervirens,Crantz,Accepted,,2570583,2570583,6ff1e084d7e1de5bce526a9952c96fbb0f13b4f2c615b0fc30c055f88bfb5483,,EXACT_CANONICAL_FOUND,Plantago sempervirens,Plantago sempervirens,Crantz,Accepted,,,wfo-0000487165,ccfc7e3ca85c8b80aa96eb52d4e50e07e1811d28916b544280d8a4f1a043ba72,,EXACT_CANONICAL_FOUND,Plantago sempervirens,Plantago sempervirens Crantz,Crantz,,,,FUND. BIODIVERSIDAD:ANTHOS:31954,e6e19630a9415359fba90888864d17313873a984ac79a3677c1d62aac943f991,
1924,ORCHIDACEAE,Platanthera clorantha,NO_API_TAXON,False,NO_RESPONSE_ALL_THREE,2026-08-19T17:29:43.543512+00:00,EXACT_CANONICAL_NOT_FOUND,,,,,,,,6ff1e084d7e1de5bce526a9952c96fbb0f13b4f2c615b0fc30c055f88bfb5483,,EXACT_CANONICAL_NOT_FOUND,,,,,,,,ccfc7e3ca85c8b80aa96eb52d4e50e07e1811d28916b544280d8a4f1a043ba72,,EXACT_CANONICAL_NOT_FOUND,,,,,,,,e6e19630a9415359fba90888864d17313873a984ac79a3677c1d62aac943f991,
1925,PLATANACEAE,Platanus hispanica,NO_API_TAXON,False,KEEP_TAXONIC_RESPONSE,2026-08-19T17:29:43.543523+00:00,EXACT_CANONICAL_FOUND,Platanus hispanica,Platanus × hispanica,Mill. ex Münchh.,Artificial Hybrid,,2570290,2570290,6ff1e084d7e1de5bce526a9952c96fbb0f13b4f2c615b0fc30c055f88bfb5483,,EXACT_CANONICAL_FOUND,Platanus hispanica,Platanus hispanica,Mill. ex Münchh.,Unchecked,,,wfo-0000486955,ccfc7e3ca85c8b80aa96eb52d4e50e07e1811d28916b544280d8a4f1a043ba72,,EXACT_CANONICAL_FOUND,Platanus hispanica,Platanus hispanica Mill. ex Münchh.,Mill. ex Münchh.,,,,FUND. BIODIVERSIDAD:ANTHOS:58860,e6e19630a9415359fba90888864d17313873a984ac79a3677c1d62aac943f991,
1926,PAPAVERACEAE,Platycapnos spicata,NO_API_TAXON,False,KEEP_TAXONIC_RESPONSE,2026-08-19T17:29:43.543534+00:00,EXACT_CANONICAL_FOUND,Platycapnos spicata,Platycapnos spicata,(L.) Bernh.,Accepted,,2537059,2537059,6ff1e084d7e1de5bce526a9952c96fbb0f13b4f2c615b0fc30c055f88bfb5483,,EXACT_CANONICAL_FOUND,Platycapnos spicata,Platycapnos spicata,(L.) Bernh.,Synonym,,wfo-0000468978,wfo-0001090275,ccfc7e3ca85c8b80aa96eb52d4e50e07e1811d28916b544280d8a4f1a043ba72,,EXACT_CANONICAL_FOUND,Platycapnos spicata,Platycapnos spicata (L.) Bernh.,(L.) Bernh.,,,,FUND. BIODIVERSIDAD:ANTHOS:22483,e6e19630a9415359fba90888864d17313873a984ac79a3677c1d62aac943f991,
1932,POACEAE,Poa bulbosa var. vivipara,NO_EXACT_MATCH,False,KEEP_TAXONIC_RESPONSE,2026-08-19T17:29:43.543546+00:00,EXACT_CANONICAL_FOUND,Poa bulbosa var. vivipara,Poa bulbosa var. vivipara,Koeler,Synonym,,435458,435474,6ff1e084d7e1de5bce526a9952c96fbb0f13b4f2c615b0fc30c055f88bfb5483,,EXACT_CANONICAL_FOUND,Poa bulbosa var. vivipara,Poa bulbosa var. vivipara,Koeler,Synonym,,wfo-0000891824,wfo-0000891841,ccfc7e3ca85c8b80aa96eb52d4e50e07e1811d28916b544280d8a4f1a043ba72,,EXACT_CANONICAL_NOT_FOUND,,,,,,,,e6e19630a9415359fba90888864d17313873a984ac79a3677c1d62aac943f991,
1934,POACEAE,Poa chaixii,NO_API_TAXON,False,KEEP_TAXONIC_RESPONSE,2026-08-19T17:29:43.543557+00:00,EXACT_CANONICAL_FOUND,Poa chaixii,Poa chaixii,Vill.,Accepted,,435556,435556,6ff1e084d7e1de5bce526a9952c96fbb0f13b4f2c615b0fc30c055f88bfb5483,,EXACT_CANONICAL_FOUND,Poa chaixii,Poa chaixii,Vill.,Accepted,,,wfo-0000891929,ccfc7e3ca85c8b80aa96eb52d4e50e07e1811d28916b544280d8a4f1a043ba72,,EXACT_CANONICAL_FOUND,Poa chaixii,Poa chaixii Vill.,Vill.,,,,FUND. BIODIVERSIDAD:ANTHOS:36292,e6e19630a9415359fba90888864d17313873a984ac79a3677c1d62aac943f991,
1936,POACEAE,Poa feratiana,NO_API_TAXON,False,KEEP_TAXONIC_RESPONSE,2026-08-19T17:29:43.543567+00:00,EXACT_CANONICAL_FOUND,Poa feratiana,Poa feratiana,Boiss. & Reut.,Synonym,,437547,435890,6ff1e084d7e1de5bce526a9952c96fbb0f13b4f2c615b0fc30c055f88bfb5483,,EXACT_CANONICAL_FOUND,Poa feratiana,Poa feratiana,Boiss. & Reut.,Synonym,,wfo-0000894135,wfo-0000892293,ccfc7e3ca85c8b80aa96eb52d4e50e07e1811d28916b544280d8a4f1a043ba72,,EXACT_CANONICAL_NOT_FOUND,,,,,,,,e6e19630a9415359fba90888864d17313873a984ac79a3677c1d62aac943f991,
1939,POACEAE,Poa nemoralis,NO_API_TAXON,False,KEEP_TAXONIC_RESPONSE,2026-08-19T17:29:43.543576+00:00,EXACT_CANONICAL_FOUND,Poa nemoralis,Poa nemoralis,L.,Accepted,,436600,436600,6ff1e084d7e1de5bce526a9952c96fbb0f13b4f2c615b0fc30c055f88bfb5483,,EXACT_CANONICAL_FOUND,Poa nemoralis,Poa nemoralis,L.,Accepted,,,wfo-0000893068,ccfc7e3ca85c8b80aa96eb52d4e50e07e1811d28916b544280d8a4f1a043ba72,,EXACT_CANONICAL_FOUND,Poa nemoralis,Poa nemoralis L.,L.,,,,FUND. BIODIVERSIDAD:ANTHOS:1124760,e6e19630a9415359fba90888864d17313873a984ac79a3677c1d62aac943f991,
1940,POACEAE,Poa pratensis subsp. angustifolia,NO_EXACT_MATCH,False,KEEP_TAXONIC_RESPONSE,2026-08-19T17:29:43.543588+00:00,EXACT_CANONICAL_FOUND,Poa pratensis subsp. angustifolia,Poa pratensis subsp. angustifolia,(L.) Dumort.,Synonym,,435167,436922,6ff1e084d7e1de5bce526a9952c96fbb0f13b4f2c615b0fc30c055f88bfb5483,,EXACT_CANONICAL_FOUND,Poa pratensis subsp. angustifolia,Poa pratensis subsp. angustifolia,(L.) H.Lindb.,Synonym,,wfo-0000891510,wfo-0000893412,ccfc7e3ca85c8b80aa96eb52d4e50e07e1811d28916b544280d8a4f1a043ba72,,EXACT_CANONICAL_NOT_FOUND,,,,,,,,e6e19630a9415359fba90888864d17313873a984ac79a3677c1d62aac943f991,
1941,POACEAE,Poa trivialis subsp. sylvicola,NO_EXACT_MATCH,False,KEEP_TAXONIC_RESPONSE,2026-08-19T17:29:43.543598+00:00,EXACT_CANONICAL_FOUND,Poa trivialis subsp. sylvicola,Poa trivialis subsp. sylvicola,(Guss.) H.Lindb.,Synonym,,437547,437554,6ff1e084d7e1de5bce526a9952c96fbb0f13b4f2c615b0fc30c055f88bfb5483,,EXACT_CANONICAL_FOUND,Poa trivialis subsp. sylvicola,Poa trivialis subsp. sylvicola,(Guss.) H.Lindb.,Synonym,,wfo-0000894135,wfo-0000894141,ccfc7e3ca85c8b80aa96eb52d4e50e07e1811d28916b544280d8a4f1a043ba72,,EXACT_CANONICAL_NOT_FOUND,,,,,,,,e6e19630a9415359fba90888864d17313873a984ac79a3677c1d62aac943f991,
1942,POACEAE,Poa trivialis subsp. trivialis,NO_EXACT_MATCH,False,KEEP_TAXONIC_RESPONSE,2026-08-19T17:29:43.543609+00:00,EXACT_CANONICAL_NOT_FOUND,,,,,,,,6ff1e084d7e1de5bce526a9952c96fbb0f13b4f2c615b0fc30c055f88bfb5483,,EXACT_CANONICAL_FOUND,Poa trivialis subsp. trivialis,Poa trivialis subsp. trivialis,,Synonym,,wfo-0000894135,wfo-0001096889,ccfc7e3ca85c8b80aa96eb52d4e50e07e1811d28916b544280d8a4f1a043ba72,,EXACT_CANONICAL_NOT_FOUND,,,,,,,,e6e19630a9415359fba90888864d17313873a984ac79a3677c1d62aac943f991,
1943,ASTERACEAE,Podospermum laciniatum,NO_API_TAXON,False,KEEP_TAXONIC_RESPONSE,2026-08-19T17:29:43.543618+00:00,EXACT_CANONICAL_FOUND,Podospermum laciniatum,Podospermum laciniatum,(L.) DC.,Synonym,,3073222,3073210,6ff1e084d7e1de5bce526a9952c96fbb0f13b4f2c615b0fc30c055f88bfb5483,,EXACT_CANONICAL_FOUND,Podospermum laciniatum,Podospermum laciniatum,(L.) DC.,Synonym,,wfo-0000112224,wfo-0000033345,ccfc7e3ca85c8b80aa96eb52d4e50e07e1811d28916b544280d8a4f1a043ba72,,EXACT_CANONICAL_FOUND,Podospermum laciniatum,Podospermum laciniatum (L.) DC. in Lam. & DC.,(L.) DC. in Lam. & DC.,,,,FUND. BIODIVERSIDAD:ANTHOS:1124430,e6e19630a9415359fba90888864d17313873a984ac79a3677c1d62aac943f991,
1947,POLYGALACEAE,Polygala alpina,NO_API_TAXON,False,KEEP_TAXONIC_RESPONSE,2026-08-19T17:29:43.543630+00:00,EXACT_CANONICAL_FOUND,Polygala alpina,Polygala alpina,(DC.) Steud.,Accepted,,2565857,2565857,6ff1e084d7e1de5bce526a9952c96fbb0f13b4f2c615b0fc30c055f88bfb5483,,EXACT_CANONICAL_FOUND,Polygala alpina,Polygala alpina,(DC.) Steud.,Accepted,,,wfo-0000484020,ccfc7e3ca85c8b80aa96eb52d4e50e07e1811d28916b544280d8a4f1a043ba72,,EXACT_CANONICAL_FOUND,Polygala alpina,Polygala alpina (Poir. ex DC.) Steud.,(Poir. ex DC.) Steud.,,,,FUND. BIODIVERSIDAD:ANTHOS:26538,e6e19630a9415359fba90888864d17313873a984ac79a3677c1d62aac943f991,
1949,POLYGALACEAE,Polygala exilis,NO_API_TAXON,False,KEEP_TAXONIC_RESPONSE,2026-08-19T17:29:43.543724+00:00,EXACT_CANONICAL_FOUND,Polygala exilis,Polygala exilis,DC.,Accepted,,2566328,2566328,6ff1e084d7e1de5bce526a9952c96fbb0f13b4f2c615b0fc30c055f88bfb5483,,EXACT_CANONICAL_FOUND,Polygala exilis,Polygala exilis,DC.,Accepted,,,wfo-0000484317,ccfc7e3ca85c8b80aa96eb52d4e50e07e1811d28916b544280d8a4f1a043ba72,,EXACT_CANONICAL_FOUND,Polygala exilis,Polygala exilis DC.,DC.,,,,FUND. BIODIVERSIDAD:ANTHOS:26493,e6e19630a9415359fba90888864d17313873a984ac79a3677c1d62aac943f991,
1952,POLYGALACEAE,Polygala rupestris,NO_API_TAXON,False,KEEP_TAXONIC_RESPONSE,2026-08-19T17:29:43.543740+00:00,EXACT_CANONICAL_FOUND,Polygala rupestris,Polygala rupestris,Pourr.,Accepted,,2555340,2555340,6ff1e084d7e1de5bce526a9952c96fbb0f13b4f2c615b0fc30c055f88bfb5483,,EXACT_CANONICAL_FOUND,Polygala rupestris,Polygala rupestris,Pourr.,Accepted,,,wfo-0000477318,ccfc7e3ca85c8b80aa96eb52d4e50e07e1811d28916b544280d8a4f1a043ba72,,EXACT_CANONICAL_FOUND,Polygala rupestris,Polygala rupestris Pourr.,Pourr.,,,,FUND. BIODIVERSIDAD:ANTHOS:141347,e6e19630a9415359fba90888864d17313873a984ac79a3677c1d62aac943f991,
1953,POLYGALACEAE,Polygala serpyllifolia,NO_API_TAXON,False,KEEP_TAXONIC_RESPONSE,2026-08-19T17:29:43.543752+00:00,EXACT_CANONICAL_FOUND,Polygala serpyllifolia,Polygala serpyllifolia,Wight,Invalid,,2566345,2573288,6ff1e084d7e1de5bce526a9952c96fbb0f13b4f2c615b0fc30c055f88bfb5483,,EXACT_CANONICAL_FOUND,Polygala serpyllifolia,Polygala serpyllifolia,Hosé,Accepted,,,wfo-0000488872,ccfc7e3ca85c8b80aa96eb52d4e50e07e1811d28916b544280d8a4f1a043ba72,,EXACT_CANONICAL_FOUND,Polygala serpyllifolia,Polygala serpyllifolia Hosé,Hosé,,,,FUND. BIODIVERSIDAD:ANTHOS:26520,e6e19630a9415359fba90888864d17313873a984ac79a3677c1d62aac943f991,
1957,POLYGONACEAE,Polygonum amphibium,NO_API_TAXON,False,KEEP_TAXONIC_RESPONSE,2026-08-19T17:29:43.543768+00:00,EXACT_CANONICAL_FOUND,Polygonum amphibium,Polygonum amphibium,L.,Synonym,,2571959,2567516,6ff1e084d7e1de5bce526a9952c96fbb0f13b4f2c615b0fc30c055f88bfb5483,,EXACT_CANONICAL_FOUND,Polygonum amphibium,Polygonum amphibium,L.,Synonym,,wfo-0000488056,wfo-0000485132,ccfc7e3ca85c8b80aa96eb52d4e50e07e1811d28916b544280d8a4f1a043ba72,,EXACT_CANONICAL_FOUND,Polygonum amphibium,Polygonum amphibium L.,L.,,,,FUND. BIODIVERSIDAD:ANTHOS:20571,e6e19630a9415359fba90888864d17313873a984ac79a3677c1d62aac943f991,
1962,POLYGONACEAE,Polygonum lapathifolium,NO_API_TAXON,False,KEEP_TAXONIC_RESPONSE,2026-08-19T17:29:43.543782+00:00,EXACT_CANONICAL_FOUND,Polygonum lapathifolium,Polygonum lapathifolium,L.,Synonym,,2572508,2575265,6ff1e084d7e1de5bce526a9952c96fbb0f13b4f2c615b0fc30c055f88bfb5483,,EXACT_CANONICAL_FOUND,Polygonum lapathifolium,Polygonum lapathifolium,L.,Synonym,,wfo-0000488400,wfo-0000490033,ccfc7e3ca85c8b80aa96eb52d4e50e07e1811d28916b544280d8a4f1a043ba72,,EXACT_CANONICAL_FOUND,Polygonum lapathifolium,Polygonum lapathifolium L.,L.,,,,FUND. BIODIVERSIDAD:ANTHOS:20556,e6e19630a9415359fba90888864d17313873a984ac79a3677c1d62aac943f991,
1963,POLYGONACEAE,Polygonum mite,NO_API_TAXON,False,KEEP_TAXONIC_RESPONSE,2026-08-19T17:29:43.543796+00:00,EXACT_CANONICAL_FOUND,Polygonum mite,Polygonum mite,Schrank,Synonym,,2572466,2574849,6ff1e084d7e1de5bce526a9952c96fbb0f13b4f2c615b0fc30c055f88bfb5483,,EXACT_CANONICAL_FOUND,Polygonum mite,Polygonum mite,Schrank,Synonym,,wfo-0000488374,wfo-0000489772,ccfc7e3ca85c8b80aa96eb52d4e50e07e1811d28916b544280d8a4f1a043ba72,,EXACT_CANONICAL_FOUND,Polygonum mite,Polygonum mite Schrank,Schrank,,,,FUND. BIODIVERSIDAD:ANTHOS:20517,e6e19630a9415359fba90888864d17313873a984ac79a3677c1d62aac943f991,
1964,POLYGONACEAE,Polygonum persicaria,NO_API_TAXON,False,KEEP_TAXONIC_RESPONSE,2026-08-19T17:29:43.543809+00:00,EXACT_CANONICAL_FOUND,Polygonum persicaria,Polygonum persicaria,L.,Synonym,,2572628,2573771,6ff1e084d7e1de5bce526a9952c96fbb0f13b4f2c615b0fc30c055f88bfb5483,,EXACT_CANONICAL_FOUND,Polygonum persicaria,Polygonum persicaria,L.,Synonym,,wfo-0000488462,wfo-0000489142,ccfc7e3ca85c8b80aa96eb52d4e50e07e1811d28916b544280d8a4f1a043ba72,,EXACT_CANONICAL_FOUND,Polygonum persicaria,Polygonum persicaria L.,L.,,,,FUND. BIODIVERSIDAD:ANTHOS:1125120,e6e19630a9415359fba90888864d17313873a984ac79a3677c1d62aac943f991,
1965,POLYGONACEAE,Polygonum rurivagum,NO_API_TAXON,False,KEEP_TAXONIC_RESPONSE,2026-08-19T17:29:43.543823+00:00,EXACT_CANONICAL_FOUND,Polygonum rurivagum,Polygonum rurivagum,Jord. ex Boreau,Accepted,,2573855,2573855,6ff1e084d7e1de5bce526a9952c96fbb0f13b4f2c615b0fc30c055f88bfb5483,,EXACT_CANONICAL_FOUND,Polygonum rurivagum,Polygonum rurivagum,Jord. ex Boreau,Accepted,,,wfo-0000489194,ccfc7e3ca85c8b80aa96eb52d4e50e07e1811d28916b544280d8a4f1a043ba72,,EXACT_CANONICAL_FOUND,Polygonum rurivagum,Polygonum rurivagum Jord. ex Boreau,Jord. ex Boreau,,,,FUND. BIODIVERSIDAD:ANTHOS:20516,e6e19630a9415359fba90888864d17313873a984ac79a3677c1d62aac943f991,
1969,POLYPODIACEAE,Polypodium x mantoniae,UNPARSABLE_NAME,False,NO_RESPONSE_ALL_THREE,2026-08-19T17:29:43.543836+00:00,EXACT_CANONICAL_NOT_FOUND,,,,,,,,6ff1e084d7e1de5bce526a9952c96fbb0f13b4f2c615b0fc30c055f88bfb5483,,EXACT_CANONICAL_NOT_FOUND,,,,,,,,ccfc7e3ca85c8b80aa96eb52d4e50e07e1811d28916b544280d8a4f1a043ba72,,EXACT_CANONICAL_NOT_FOUND,,,,,,,,e6e19630a9415359fba90888864d17313873a984ac79a3677c1d62aac943f991,
1970,POLYPODIACEAE,Polypodium x shivasiae,UNPARSABLE_NAME,False,NO_RESPONSE_ALL_THREE,2026-08-19T17:29:43.543849+00:00,EXACT_CANONICAL_NOT_FOUND,,,,,,,,6ff1e084d7e1de5bce526a9952c96fbb0f13b4f2c615b0fc30c055f88bfb5483,,EXACT_CANONICAL_NOT_FOUND,,,,,,,,ccfc7e3ca85c8b80aa96eb52d4e50e07e1811d28916b544280d8a4f1a043ba72,,EXACT_CANONICAL_NOT_FOUND,,,,,,,,e6e19630a9415359fba90888864d17313873a984ac79a3677c1d62aac943f991,
1977,DRYOPTERIDACEAE,Polystichum x bicknellii,UNPARSABLE_NAME,False,NO_RESPONSE_ALL_THREE,2026-08-19T17:29:43.543861+00:00,EXACT_CANONICAL_NOT_FOUND,,,,,,,,6ff1e084d7e1de5bce526a9952c96fbb0f13b4f2c615b0fc30c055f88bfb5483,,EXACT_CANONICAL_NOT_FOUND,,,,,,,,ccfc7e3ca85c8b80aa96eb52d4e50e07e1811d28916b544280d8a4f1a043ba72,,EXACT_CANONICAL_NOT_FOUND,,,,,,,,e6e19630a9415359fba90888864d17313873a984ac79a3677c1d62aac943f991,
1978,DRYOPTERIDACEAE,Polystichum x illyricum,UNPARSABLE_NAME,False,NO_RESPONSE_ALL_THREE,2026-08-19T17:29:43.543874+00:00,EXACT_CANONICAL_NOT_FOUND,,,,,,,,6ff1e084d7e1de5bce526a9952c96fbb0f13b4f2c615b0fc30c055f88bfb5483,,EXACT_CANONICAL_NOT_FOUND,,,,,,,,ccfc7e3ca85c8b80aa96eb52d4e50e07e1811d28916b544280d8a4f1a043ba72,,EXACT_CANONICAL_NOT_FOUND,,,,,,,,e6e19630a9415359fba90888864d17313873a984ac79a3677c1d62aac943f991,
1981,SALICACEAE,Populus nigra var. italica,NO_EXACT_MATCH,False,KEEP_TAXONIC_RESPONSE,2026-08-19T17:29:43.543887+00:00,EXACT_CANONICAL_FOUND,Populus nigra var. italica,Populus nigra var. italica,Münchh.,Synonym,,3239002,2921825,6ff1e084d7e1de5bce526a9952c96fbb0f13b4f2c615b0fc30c055f88bfb5483,,EXACT_CANONICAL_FOUND,Populus nigra var. italica,Populus nigra var. italica,Münchh.,Synonym,,wfo-0000928297,wfo-0000931051,ccfc7e3ca85c8b80aa96eb52d4e50e07e1811d28916b544280d8a4f1a043ba72,,EXACT_CANONICAL_NOT_FOUND,,,,,,,,e6e19630a9415359fba90888864d17313873a984ac79a3677c1d62aac943f991,
1983,SALICACEAE,Populus x canadensis,UNPARSABLE_NAME,False,NO_RESPONSE_ALL_THREE,2026-08-19T17:29:43.543909+00:00,EXACT_CANONICAL_NOT_FOUND,,,,,,,,6ff1e084d7e1de5bce526a9952c96fbb0f13b4f2c615b0fc30c055f88bfb5483,,EXACT_CANONICAL_NOT_FOUND,,,,,,,,ccfc7e3ca85c8b80aa96eb52d4e50e07e1811d28916b544280d8a4f1a043ba72,,EXACT_CANONICAL_NOT_FOUND,,,,,,,,e6e19630a9415359fba90888864d17313873a984ac79a3677c1d62aac943f991,
1985,PORTULACACEAE,Portulaca oleracea subsp. granulatostellulata,NO_EXACT_MATCH,False,KEEP_TAXONIC_RESPONSE,2026-08-19T17:29:43.543928+00:00,EXACT_CANONICAL_FOUND,Portulaca oleracea subsp. granulatostellulata,Portulaca oleracea subsp. granulatostellulata,(Poelln.) Danin & H.G.Baker,Synonym,,2869777,2566485,6ff1e084d7e1de5bce526a9952c96fbb0f13b4f2c615b0fc30c055f88bfb5483,,EXACT_CANONICAL_FOUND,Portulaca oleracea subsp. granulatostellulata,Portulaca oleracea subsp. granulatostellulata,(Poelln.) Danin & H.G.Baker,Synonym,,wfo-0000484425,wfo-0000484421,ccfc7e3ca85c8b80aa96eb52d4e50e07e1811d28916b544280d8a4f1a043ba72,,EXACT_CANONICAL_FOUND,Portulaca oleracea subsp. granulatostellulata,Portulaca oleracea subsp. granulatostellulata (Poelln.) Danin & H.G. Baker,(Poelln.) Danin & H.G. Baker,,,,FUND. BIODIVERSIDAD:ANTHOS:114038,e6e19630a9415359fba90888864d17313873a984ac79a3677c1d62aac943f991,
1991,POTAMOGETONACEAE,Potamogeton pectinatus,NO_API_TAXON,False,KEEP_TAXONIC_RESPONSE,2026-08-19T17:29:43.543943+00:00,EXACT_CANONICAL_FOUND,Potamogeton pectinatus,Potamogeton pectinatus,L.,Synonym,,309906,308677,6ff1e084d7e1de5bce526a9952c96fbb0f13b4f2c615b0fc30c055f88bfb5483,,EXACT_CANONICAL_FOUND,Potamogeton pectinatus,Potamogeton pectinatus,L.,Synonym,,wfo-0000771224,wfo-0000769943,ccfc7e3ca85c8b80aa96eb52d4e50e07e1811d28916b544280d8a4f1a043ba72,,EXACT_CANONICAL_FOUND,Potamogeton pectinatus,Potamogeton pectinatus L.,L.,,,,FUND. BIODIVERSIDAD:ANTHOS:34903,e6e19630a9415359fba90888864d17313873a984ac79a3677c1d62aac943f991,
1994,ROSACEAE,Potentilla anserina,NO_API_TAXON,False,KEEP_TAXONIC_RESPONSE,2026-08-19T17:29:43.543963+00:00,EXACT_CANONICAL_FOUND,Potentilla anserina,Potentilla anserina,L.,Synonym,,2941910,2953198,6ff1e084d7e1de5bce526a9952c96fbb0f13b4f2c615b0fc30c055f88bfb5483,,EXACT_CANONICAL_FOUND,Potentilla anserina,Potentilla anserina,L.,Synonym,,wfo-0001009478,wfo-0001016615,ccfc7e3ca85c8b80aa96eb52d4e50e07e1811d28916b544280d8a4f1a043ba72,,EXACT_CANONICAL_FOUND,Potentilla anserina,Potentilla anserina L.,L.,,,,FUND. BIODIVERSIDAD:ANTHOS:24139,e6e19630a9415359fba90888864d17313873a984ac79a3677c1d62aac943f991,
1996,ROSACEAE,Potentilla cinerea,NO_API_TAXON,False,KEEP_TAXONIC_RESPONSE,2026-08-19T17:29:43.543977+00:00,EXACT_CANONICAL_FOUND,Potentilla cinerea,Potentilla cinerea,Gaudin,Illegitimate,,2956881,2954142,6ff1e084d7e1de5bce526a9952c96fbb0f13b4f2c615b0fc30c055f88bfb5483,,EXACT_CANONICAL_FOUND,Potentilla cinerea,Potentilla cinerea,Ledeb.,Unchecked,,,wfo-0000989759,ccfc7e3ca85c8b80aa96eb52d4e50e07e1811d28916b544280d8a4f1a043ba72,,EXACT_CANONICAL_FOUND,Potentilla cinerea,Potentilla cinerea Chaix ex Vill.,Chaix ex Vill.,,,,FUND. BIODIVERSIDAD:ANTHOS:24163,e6e19630a9415359fba90888864d17313873a984ac79a3677c1d62aac943f991,
1997,ROSACEAE,Potentilla crantzii,NO_API_TAXON,False,KEEP_TAXONIC_RESPONSE,2026-08-19T17:29:43.543992+00:00,EXACT_CANONICAL_FOUND,Potentilla crantzii,Potentilla crantzii,(Crantz) Beck ex Fritsch,Accepted,,2954312,2954312,6ff1e084d7e1de5bce526a9952c96fbb0f13b4f2c615b0fc30c055f88bfb5483,,EXACT_CANONICAL_FOUND,Potentilla crantzii,Potentilla crantzii,(Crantz) Beck ex Fritsch,Accepted,,,wfo-0000990434,ccfc7e3ca85c8b80aa96eb52d4e50e07e1811d28916b544280d8a4f1a043ba72,,EXACT_CANONICAL_FOUND,Potentilla crantzii,Potentilla crantzii (Crantz) Beck ex Fritsch,(Crantz) Beck ex Fritsch,,,,FUND. BIODIVERSIDAD:ANTHOS:39324,e6e19630a9415359fba90888864d17313873a984ac79a3677c1d62aac943f991,
1999,ROSACEAE,Potentilla hirta,NO_API_TAXON,False,KEEP_TAXONIC_RESPONSE,2026-08-19T17:29:43.544005+00:00,EXACT_CANONICAL_FOUND,Potentilla hirta,Potentilla hirta,L.,Accepted,,2955490,2955490,6ff1e084d7e1de5bce526a9952c96fbb0f13b4f2c615b0fc30c055f88bfb5483,,EXACT_CANONICAL_FOUND,Potentilla hirta,Potentilla hirta,Lindem.,Unchecked,,,wfo-0000989731,ccfc7e3ca85c8b80aa96eb52d4e50e07e1811d28916b544280d8a4f1a043ba72,,EXACT_CANONICAL_FOUND,Potentilla hirta,Potentilla hirta L.,L.,,,,FUND. BIODIVERSIDAD:ANTHOS:52428,e6e19630a9415359fba90888864d17313873a984ac79a3677c1d62aac943f991,
2000,ROSACEAE,Potentilla hispanica,NO_API_TAXON,False,KEEP_TAXONIC_RESPONSE,2026-08-19T17:29:43.544019+00:00,EXACT_CANONICAL_FOUND,Potentilla hispanica,Potentilla hispanica,Zimmeter,Accepted,,2955590,2955590,6ff1e084d7e1de5bce526a9952c96fbb0f13b4f2c615b0fc30c055f88bfb5483,,EXACT_CANONICAL_FOUND,Potentilla hispanica,Potentilla hispanica,Zimmeter,Accepted,,,wfo-0000983199,ccfc7e3ca85c8b80aa96eb52d4e50e07e1811d28916b544280d8a4f1a043ba72,,EXACT_CANONICAL_FOUND,Potentilla hispanica,Potentilla hispanica Zimmeter,Zimmeter,,,,FUND. BIODIVERSIDAD:ANTHOS:67094,e6e19630a9415359fba90888864d17313873a984ac79a3677c1d62aac943f991,
2002,ROSACEAE,Potentilla montana,NO_API_TAXON,False,KEEP_TAXONIC_RESPONSE,2026-08-19T17:29:43.544033+00:00,EXACT_CANONICAL_FOUND,Potentilla montana,Potentilla montana,Schur ex Nyman,Invalid,,2991152,2956051,6ff1e084d7e1de5bce526a9952c96fbb0f13b4f2c615b0fc30c055f88bfb5483,,EXACT_CANONICAL_FOUND,Potentilla montana,Potentilla montana,Schur ex Nyman,Synonym,,wfo-0000992056,wfo-0000998585,ccfc7e3ca85c8b80aa96eb52d4e50e07e1811d28916b544280d8a4f1a043ba72,,EXACT_CANONICAL_FOUND,Potentilla montana,Potentilla montana Brot.,Brot.,,,,FUND. BIODIVERSIDAD:ANTHOS:1124567,e6e19630a9415359fba90888864d17313873a984ac79a3677c1d62aac943f991,
2003,ROSACEAE,Potentilla neumanniana,NO_API_TAXON,False,KEEP_TAXONIC_RESPONSE,2026-08-19T17:29:43.544047+00:00,EXACT_CANONICAL_FOUND,Potentilla neumanniana,Potentilla neumanniana,Rchb.,Synonym,,2956881,2956180,6ff1e084d7e1de5bce526a9952c96fbb0f13b4f2c615b0fc30c055f88bfb5483,,EXACT_CANONICAL_FOUND,Potentilla neumanniana,Potentilla neumanniana,Rchb.,Synonym,,wfo-0001018785,wfo-0000995744,ccfc7e3ca85c8b80aa96eb52d4e50e07e1811d28916b544280d8a4f1a043ba72,,EXACT_CANONICAL_NOT_FOUND,,,,,,,,e6e19630a9415359fba90888864d17313873a984ac79a3677c1d62aac943f991,
2004,ROSACEAE,Potentilla palustris,NO_API_TAXON,False,KEEP_TAXONIC_RESPONSE,2026-08-19T17:29:43.544062+00:00,EXACT_CANONICAL_FOUND,Potentilla palustris,Potentilla palustris,(L.) Scop.,Synonym,,2943891,2956468,6ff1e084d7e1de5bce526a9952c96fbb0f13b4f2c615b0fc30c055f88bfb5483,,EXACT_CANONICAL_FOUND,Potentilla palustris,Potentilla palustris,(L.) Lehm.,Unchecked,,,wfo-0001008546,ccfc7e3ca85c8b80aa96eb52d4e50e07e1811d28916b544280d8a4f1a043ba72,,EXACT_CANONICAL_FOUND,Potentilla palustris,Potentilla palustris (L.) Scop.,(L.) Scop.,,,,FUND. BIODIVERSIDAD:ANTHOS:89639,e6e19630a9415359fba90888864d17313873a984ac79a3677c1d62aac943f991,
2005,ROSACEAE,Potentilla pensylvanica,NO_API_TAXON,False,KEEP_TAXONIC_RESPONSE,2026-08-19T17:29:43.544078+00:00,EXACT_CANONICAL_FOUND,Potentilla pensylvanica,Potentilla pensylvanica,L.,Accepted,,2956590,2956590,6ff1e084d7e1de5bce526a9952c96fbb0f13b4f2c615b0fc30c055f88bfb5483,,EXACT_CANONICAL_FOUND,Potentilla pensylvanica,Potentilla pensylvanica,Schur,Unchecked,,,wfo-0000988589,ccfc7e3ca85c8b80aa96eb52d4e50e07e1811d28916b544280d8a4f1a043ba72,,EXACT_CANONICAL_FOUND,Potentilla pensylvanica,Potentilla pensylvanica L.,L.,,,,FUND. BIODIVERSIDAD:ANTHOS:77857,e6e19630a9415359fba90888864d17313873a984ac79a3677c1d62aac943f991,
2006,ROSACEAE,Potentilla pyrenaica,NO_API_TAXON,False,KEEP_TAXONIC_RESPONSE,2026-08-19T17:29:43.544092+00:00,EXACT_CANONICAL_FOUND,Potentilla pyrenaica,Potentilla pyrenaica,Ramond ex DC.,Accepted,,2956889,2956889,6ff1e084d7e1de5bce526a9952c96fbb0f13b4f2c615b0fc30c055f88bfb5483,,EXACT_CANONICAL_FOUND,Potentilla pyrenaica,Potentilla pyrenaica,Willd. ex D.F.K.Schltdl.,Synonym,,wfo-1200075049,wfo-0000998645,ccfc7e3ca85c8b80aa96eb52d4e50e07e1811d28916b544280d8a4f1a043ba72,,EXACT_CANONICAL_FOUND,Potentilla pyrenaica,Potentilla pyrenaica Ramond ex DC. in Lam. & DC.,Ramond ex DC. in Lam. & DC.,,,,FUND. BIODIVERSIDAD:ANTHOS:39311,e6e19630a9415359fba90888864d17313873a984ac79a3677c1d62aac943f991,
2009,ROSACEAE,Potentilla rupestris,NO_API_TAXON,False,KEEP_TAXONIC_RESPONSE,2026-08-19T17:29:43.544106+00:00,EXACT_CANONICAL_FOUND,Potentilla rupestris,Potentilla rupestris,L.,Synonym,,2948222,2957176,6ff1e084d7e1de5bce526a9952c96fbb0f13b4f2c615b0fc30c055f88bfb5483,,EXACT_CANONICAL_FOUND,Potentilla rupestris,Potentilla rupestris,Pall. ex Ledeb.,Unchecked,,,wfo-0000991039,ccfc7e3ca85c8b80aa96eb52d4e50e07e1811d28916b544280d8a4f1a043ba72,,EXACT_CANONICAL_FOUND,Potentilla rupestris,Potentilla rupestris L.,L.,,,,FUND. BIODIVERSIDAD:ANTHOS:39297,e6e19630a9415359fba90888864d17313873a984ac79a3677c1d62aac943f991,
2010,ROSACEAE,Potentilla sterilis,NO_API_TAXON,False,KEEP_TAXONIC_RESPONSE,2026-08-19T17:29:43.544120+00:00,EXACT_CANONICAL_FOUND,Potentilla sterilis,Potentilla sterilis,(L.) Garcke,Accepted,,2905700,2905700,6ff1e084d7e1de5bce526a9952c96fbb0f13b4f2c615b0fc30c055f88bfb5483,,EXACT_CANONICAL_FOUND,Potentilla sterilis,Potentilla sterilis,(L.) Garcke,Accepted,,,wfo-0000988128,ccfc7e3ca85c8b80aa96eb52d4e50e07e1811d28916b544280d8a4f1a043ba72,,EXACT_CANONICAL_FOUND,Potentilla sterilis,Potentilla sterilis (L.) Garcke,(L.) Garcke,,,,FUND. BIODIVERSIDAD:ANTHOS:24233,e6e19630a9415359fba90888864d17313873a984ac79a3677c1d62aac943f991,
2011,ROSACEAE,Potentilla tabernaemontani,NO_API_TAXON,False,KEEP_TAXONIC_RESPONSE,2026-08-19T17:29:43.544134+00:00,EXACT_CANONICAL_FOUND,Potentilla tabernaemontani,Potentilla tabernaemontani,Asch.,Synonym,,2958067,2957696,6ff1e084d7e1de5bce526a9952c96fbb0f13b4f2c615b0fc30c055f88bfb5483,,EXACT_CANONICAL_FOUND,Potentilla tabernaemontani,Potentilla tabernaemontani,Asch.,Synonym,,wfo-0001009786,wfo-0000989795,ccfc7e3ca85c8b80aa96eb52d4e50e07e1811d28916b544280d8a4f1a043ba72,,EXACT_CANONICAL_NOT_FOUND,,,,,,,,e6e19630a9415359fba90888864d17313873a984ac79a3677c1d62aac943f991,
2012,ROSACEAE,Potentilla velutina,NO_API_TAXON,False,KEEP_TAXONIC_RESPONSE,2026-08-19T17:29:43.544148+00:00,EXACT_CANONICAL_FOUND,Potentilla velutina,Potentilla velutina,Lehm.,Accepted,,2958063,2958063,6ff1e084d7e1de5bce526a9952c96fbb0f13b4f2c615b0fc30c055f88bfb5483,,EXACT_CANONICAL_FOUND,Potentilla velutina,Potentilla velutina,Wall. ex Lehm.,Synonym,,wfo-0001018917,wfo-0000983219,ccfc7e3ca85c8b80aa96eb52d4e50e07e1811d28916b544280d8a4f1a043ba72,,EXACT_CANONICAL_NOT_FOUND,,,,,,,,e6e19630a9415359fba90888864d17313873a984ac79a3677c1d62aac943f991,
2013,PRIMULACEAE,Primula acaulis,NO_API_TAXON,False,KEEP_TAXONIC_RESPONSE,2026-08-19T17:29:43.544162+00:00,EXACT_CANONICAL_FOUND,Primula acaulis,Primula acaulis,(L.) Hill,Synonym,,3260725,2564988,6ff1e084d7e1de5bce526a9952c96fbb0f13b4f2c615b0fc30c055f88bfb5483,,EXACT_CANONICAL_FOUND,Primula acaulis,Primula acaulis,(L.) Hill,Synonym,,wfo-1200070244,wfo-0000483513,ccfc7e3ca85c8b80aa96eb52d4e50e07e1811d28916b544280d8a4f1a043ba72,,EXACT_CANONICAL_FOUND,Primula acaulis,Primula acaulis (L.) L.,(L.) L.,,,,FUND. BIODIVERSIDAD:ANTHOS:1125179,e6e19630a9415359fba90888864d17313873a984ac79a3677c1d62aac943f991,
2014,PRIMULACEAE,Primula acaulis subsp. acaulis,NO_API_TAXON,False,KEEP_TAXONIC_RESPONSE,2026-08-19T17:29:43.544176+00:00,EXACT_CANONICAL_NOT_FOUND,,,,,,,,6ff1e084d7e1de5bce526a9952c96fbb0f13b4f2c615b0fc30c055f88bfb5483,,EXACT_CANONICAL_FOUND,Primula acaulis subsp. acaulis,Primula acaulis subsp. acaulis,,Unchecked,,,wfo-1200107937,ccfc7e3ca85c8b80aa96eb52d4e50e07e1811d28916b544280d8a4f1a043ba72,,EXACT_CANONICAL_FOUND,Primula acaulis subsp. acaulis,Primula acaulis subsp. acaulis (L.) L.,(L.) L.,,,,FUND. BIODIVERSIDAD:ANTHOS:28774,e6e19630a9415359fba90888864d17313873a984ac79a3677c1d62aac943f991,
2016,PRIMULACEAE,Primula elatior subsp. elatior,NO_EXACT_MATCH,False,KEEP_TAXONIC_RESPONSE,2026-08-19T17:29:43.544192+00:00,EXACT_CANONICAL_FOUND,Primula elatior subsp. elatior,Primula elatior subsp. elatior,,Accepted,,3260760,3260760,6ff1e084d7e1de5bce526a9952c96fbb0f13b4f2c615b0fc30c055f88bfb5483,,EXACT_CANONICAL_FOUND,Primula elatior subsp. elatior,Primula elatior subsp. elatior,,Accepted,,,wfo-0001316378,ccfc7e3ca85c8b80aa96eb52d4e50e07e1811d28916b544280d8a4f1a043ba72,,EXACT_CANONICAL_FOUND,Primula elatior subsp. elatior,Primula elatior subsp. elatior (L.) L.,(L.) L.,,,,FUND. BIODIVERSIDAD:ANTHOS:103893,e6e19630a9415359fba90888864d17313873a984ac79a3677c1d62aac943f991,
2018,PRIMULACEAE,Primula veris subsp. columnae,NO_EXACT_MATCH,False,KEEP_TAXONIC_RESPONSE,2026-08-19T17:29:43.544207+00:00,EXACT_CANONICAL_FOUND,Primula veris subsp. columnae,Primula veris subsp. columnae,(Ten.) Maire & Petitm.,Accepted,,2900916,2900916,6ff1e084d7e1de5bce526a9952c96fbb0f13b4f2c615b0fc30c055f88bfb5483,,EXACT_CANONICAL_FOUND,Primula veris subsp. columnae,Primula veris subsp. columnae,(Ten.) Maire & Petitm.,Accepted,,,wfo-0000747349,ccfc7e3ca85c8b80aa96eb52d4e50e07e1811d28916b544280d8a4f1a043ba72,,EXACT_CANONICAL_FOUND,Primula veris subsp. columnae,Primula veris subsp. columnae (Ten.) Maire & Petitm.,(Ten.) Maire & Petitm.,,,,FUND. BIODIVERSIDAD:ANTHOS:28810,e6e19630a9415359fba90888864d17313873a984ac79a3677c1d62aac943f991,
2019,PRIMULACEAE,Primula veris subsp. suaveolens,NO_EXACT_MATCH,False,KEEP_TAXONIC_RESPONSE,2026-08-19T17:29:43.544222+00:00,EXACT_CANONICAL_FOUND,Primula veris subsp. suaveolens,Primula veris subsp. suaveolens,(Bertol.) Gutermann & Ehrend.,Synonym,,2900916,2563743,6ff1e084d7e1de5bce526a9952c96fbb0f13b4f2c615b0fc30c055f88bfb5483,,EXACT_CANONICAL_FOUND,Primula veris subsp. suaveolens,Primula veris subsp. suaveolens,(Bertol) Gutermann & Ehrend.,Synonym,,wfo-0000747349,wfo-0000482747,ccfc7e3ca85c8b80aa96eb52d4e50e07e1811d28916b544280d8a4f1a043ba72,,EXACT_CANONICAL_NOT_FOUND,,,,,,,,e6e19630a9415359fba90888864d17313873a984ac79a3677c1d62aac943f991,
2020,PRIMULACEAE,Primula veris subsp. veris,NO_EXACT_MATCH,False,KEEP_TAXONIC_RESPONSE,2026-08-19T17:29:43.544238+00:00,EXACT_CANONICAL_FOUND,Primula veris subsp. veris,Primula veris subsp. veris,,Accepted,,3260722,3260722,6ff1e084d7e1de5bce526a9952c96fbb0f13b4f2c615b0fc30c055f88bfb5483,,EXACT_CANONICAL_FOUND,Primula veris subsp. veris,Primula veris subsp. veris,,Accepted,,,wfo-0001316379,ccfc7e3ca85c8b80aa96eb52d4e50e07e1811d28916b544280d8a4f1a043ba72,,EXACT_CANONICAL_FOUND,Primula veris subsp. veris,Primula veris subsp. veris L.,L.,,,,FUND. BIODIVERSIDAD:ANTHOS:80020,e6e19630a9415359fba90888864d17313873a984ac79a3677c1d62aac943f991,
2028,ROSACEAE,Prunus padus subsp. padus,NO_EXACT_MATCH,False,KEEP_TAXONIC_RESPONSE,2026-08-19T17:29:43.544252+00:00,EXACT_CANONICAL_NOT_FOUND,,,,,,,,6ff1e084d7e1de5bce526a9952c96fbb0f13b4f2c615b0fc30c055f88bfb5483,,EXACT_CANONICAL_FOUND,Prunus padus subsp. padus,Prunus padus subsp. padus,,Accepted,,,wfo-0000983726,ccfc7e3ca85c8b80aa96eb52d4e50e07e1811d28916b544280d8a4f1a043ba72,,EXACT_CANONICAL_FOUND,Prunus padus subsp. padus,Prunus padus subsp. padus L.,L.,,,,FUND. BIODIVERSIDAD:ANTHOS:67176,e6e19630a9415359fba90888864d17313873a984ac79a3677c1d62aac943f991,
2033,FABACEAE,Pterospartum tridentatum subsp. cantabricum,NO_API_TAXON,False,KEEP_TAXONIC_RESPONSE,2026-08-19T17:29:43.544274+00:00,EXACT_CANONICAL_FOUND,Pterospartum tridentatum subsp. cantabricum,Pterospartum tridentatum subsp. cantabricum,(Spach) Talavera & P.E.Gibbs,Synonym,,2819682,2537187,6ff1e084d7e1de5bce526a9952c96fbb0f13b4f2c615b0fc30c055f88bfb5483,,EXACT_CANONICAL_FOUND,Pterospartum tridentatum subsp. cantabricum,Pterospartum tridentatum subsp. cantabricum,(Spach) Talavera & P.E.Gibbs,Synonym,,wfo-0001062264,wfo-0001366938,ccfc7e3ca85c8b80aa96eb52d4e50e07e1811d28916b544280d8a4f1a043ba72,,EXACT_CANONICAL_FOUND,Pterospartum tridentatum subsp. cantabricum,Pterospartum tridentatum subsp. cantabricum (Spach) Talavera & P.E. Gibbs,(Spach) Talavera & P.E. Gibbs,,,,FUND. BIODIVERSIDAD:ANTHOS:1115315,e6e19630a9415359fba90888864d17313873a984ac79a3677c1d62aac943f991,
2034,FABACEAE,Pterospartum tridentatum subsp. lasianthum,NO_API_TAXON,False,KEEP_TAXONIC_RESPONSE,2026-08-19T17:29:43.544289+00:00,EXACT_CANONICAL_FOUND,Pterospartum tridentatum subsp. lasianthum,Pterospartum tridentatum subsp. lasianthum,(Spach) Talavera & P.E.Gibbs,Synonym,,2819683,2537186,6ff1e084d7e1de5bce526a9952c96fbb0f13b4f2c615b0fc30c055f88bfb5483,,EXACT_CANONICAL_FOUND,Pterospartum tridentatum subsp. lasianthum,Pterospartum tridentatum subsp. lasianthum,(Spach) Talavera & P.E.Gibbs,Synonym,,wfo-0000213383,wfo-0001366936,ccfc7e3ca85c8b80aa96eb52d4e50e07e1811d28916b544280d8a4f1a043ba72,,EXACT_CANONICAL_FOUND,Pterospartum tridentatum subsp. lasianthum,Pterospartum tridentatum subsp. lasianthum (Spach) Talavera & P.E. Gibbs,(Spach) Talavera & P.E. Gibbs,,,,FUND. BIODIVERSIDAD:ANTHOS:1055721,e6e19630a9415359fba90888864d17313873a984ac79a3677c1d62aac943f991,
2035,APIACEAE,Ptychotis saxifraga,NO_API_TAXON,False,KEEP_TAXONIC_RESPONSE,2026-08-19T17:29:43.544304+00:00,EXACT_CANONICAL_FOUND,Ptychotis saxifraga,Ptychotis saxifraga,(L.) Loret & Barrandon,Accepted,,2405589,2405589,6ff1e084d7e1de5bce526a9952c96fbb0f13b4f2c615b0fc30c055f88bfb5483,,EXACT_CANONICAL_FOUND,Ptychotis saxifraga,Ptychotis saxifraga,(L.) Loret & Barrandon,Accepted,,,wfo-0000392804,ccfc7e3ca85c8b80aa96eb52d4e50e07e1811d28916b544280d8a4f1a043ba72,,EXACT_CANONICAL_FOUND,Ptychotis saxifraga,Ptychotis saxifraga (L.) Loret & Barrandon,(L.) Loret & Barrandon,,,,FUND. BIODIVERSIDAD:ANTHOS:28262,e6e19630a9415359fba90888864d17313873a984ac79a3677c1d62aac943f991,
2039,POACEAE,Puccinellia rupestris,NO_API_TAXON,False,KEEP_TAXONIC_RESPONSE,2026-08-19T17:29:43.544317+00:00,EXACT_CANONICAL_FOUND,Puccinellia rupestris,Puccinellia rupestris,(With.) Fernald & Weath.,Accepted,,438845,438845,6ff1e084d7e1de5bce526a9952c96fbb0f13b4f2c615b0fc30c055f88bfb5483,,EXACT_CANONICAL_FOUND,Puccinellia rupestris,Puccinellia rupestris,(With.) Fernald & Weath.,Accepted,,,wfo-0000895492,ccfc7e3ca85c8b80aa96eb52d4e50e07e1811d28916b544280d8a4f1a043ba72,,EXACT_CANONICAL_FOUND,Puccinellia rupestris,Puccinellia rupestris (With.) Fernald & Weath.,(With.) Fernald & Weath.,,,,FUND. BIODIVERSIDAD:ANTHOS:50043,e6e19630a9415359fba90888864d17313873a984ac79a3677c1d62aac943f991,
2041,ASTERACEAE,Pulicaria dysenterica subsp. hispanica,NO_EXACT_MATCH,False,NO_RESPONSE_ALL_THREE,2026-08-19T17:29:43.544334+00:00,EXACT_CANONICAL_NOT_FOUND,,,,,,,,6ff1e084d7e1de5bce526a9952c96fbb0f13b4f2c615b0fc30c055f88bfb5483,,EXACT_CANONICAL_NOT_FOUND,,,,,,,,ccfc7e3ca85c8b80aa96eb52d4e50e07e1811d28916b544280d8a4f1a043ba72,,EXACT_CANONICAL_NOT_FOUND,,,,,,,,e6e19630a9415359fba90888864d17313873a984ac79a3677c1d62aac943f991,
2043,BORAGINACEAE,Pulmonaria longifolia,NO_API_TAXON,False,KEEP_TAXONIC_RESPONSE,2026-08-19T17:29:43.544347+00:00,EXACT_CANONICAL_FOUND,Pulmonaria longifolia,Pulmonaria longifolia,(Bastard) Boreau,Accepted,,2412879,2412879,6ff1e084d7e1de5bce526a9952c96fbb0f13b4f2c615b0fc30c055f88bfb5483,,EXACT_CANONICAL_FOUND,Pulmonaria longifolia,Pulmonaria longifolia,Bast. ex Boreau,Accepted,,,wfo-0000397457,ccfc7e3ca85c8b80aa96eb52d4e50e07e1811d28916b544280d8a4f1a043ba72,,EXACT_CANONICAL_FOUND,Pulmonaria longifolia,Pulmonaria longifolia (Bastard) Boreau,(Bastard) Boreau,,,,FUND. BIODIVERSIDAD:ANTHOS:29801,e6e19630a9415359fba90888864d17313873a984ac79a3677c1d62aac943f991,
2044,RANUNCULACEAE,Pulsatilla rubra,NO_API_TAXON,False,KEEP_TAXONIC_RESPONSE,2026-08-19T17:29:43.544362+00:00,EXACT_CANONICAL_FOUND,Pulsatilla rubra,Pulsatilla rubra,(Lam.) Delarbre,Accepted,,2544194,2544194,6ff1e084d7e1de5bce526a9952c96fbb0f13b4f2c615b0fc30c055f88bfb5483,,EXACT_CANONICAL_FOUND,Pulsatilla rubra,Pulsatilla rubra,(Lam.) Delarbre,Accepted,,,wfo-0000471810,ccfc7e3ca85c8b80aa96eb52d4e50e07e1811d28916b544280d8a4f1a043ba72,,EXACT_CANONICAL_FOUND,Pulsatilla rubra,Pulsatilla rubra Delarbre,Delarbre,,,,FUND. BIODIVERSIDAD:ANTHOS:21970,e6e19630a9415359fba90888864d17313873a984ac79a3677c1d62aac943f991,
2045,CYPERACEAE,Pycreus flavescens,NO_API_TAXON,False,KEEP_TAXONIC_RESPONSE,2026-08-19T17:29:43.544375+00:00,EXACT_CANONICAL_FOUND,Pycreus flavescens,Pycreus flavescens,(L.) P.Beauv. ex Rchb.,Synonym,,236648,260303,6ff1e084d7e1de5bce526a9952c96fbb0f13b4f2c615b0fc30c055f88bfb5483,,EXACT_CANONICAL_FOUND,Pycreus flavescens,Pycreus flavescens,(L.) P.Beauv. ex Rchb.,Synonym,,wfo-0000373464,wfo-0000506021,ccfc7e3ca85c8b80aa96eb52d4e50e07e1811d28916b544280d8a4f1a043ba72,,EXACT_CANONICAL_FOUND,Pycreus flavescens,Pycreus flavescens (L.) P. Beauv. ex Rchb.,(L.) P. Beauv. ex Rchb.,,,,FUND. BIODIVERSIDAD:ANTHOS:38041,e6e19630a9415359fba90888864d17313873a984ac79a3677c1d62aac943f991,
2048,FAGACEAE,Quercus cerrioides,NO_API_TAXON,False,KEEP_TAXONIC_RESPONSE,2026-08-19T17:29:43.544389+00:00,EXACT_CANONICAL_FOUND,Quercus cerrioides,Quercus × cerrioides,Willk. & Costa,Accepted,,172053,172053,6ff1e084d7e1de5bce526a9952c96fbb0f13b4f2c615b0fc30c055f88bfb5483,,EXACT_CANONICAL_FOUND,Quercus cerrioides,Quercus cerrioides,Willk. & Costa,Accepted,,,wfo-0000290051,ccfc7e3ca85c8b80aa96eb52d4e50e07e1811d28916b544280d8a4f1a043ba72,,EXACT_CANONICAL_NOT_FOUND,,,,,,,,e6e19630a9415359fba90888864d17313873a984ac79a3677c1d62aac943f991,
2051,FAGACEAE,Quercus faginea subsp. faginea,NO_EXACT_MATCH,False,KEEP_TAXONIC_RESPONSE,2026-08-19T17:29:43.544403+00:00,EXACT_CANONICAL_FOUND,Quercus faginea subsp. faginea,Quercus faginea subsp. faginea,,Accepted,,172702,172702,6ff1e084d7e1de5bce526a9952c96fbb0f13b4f2c615b0fc30c055f88bfb5483,,EXACT_CANONICAL_FOUND,Quercus faginea subsp. faginea,Quercus faginea subsp. faginea,,Accepted,,,wfo-0000290721,ccfc7e3ca85c8b80aa96eb52d4e50e07e1811d28916b544280d8a4f1a043ba72,,EXACT_CANONICAL_FOUND,Quercus faginea subsp. faginea,Quercus faginea subsp. faginea Lam.,Lam.,,,,FUND. BIODIVERSIDAD:ANTHOS:54971,e6e19630a9415359fba90888864d17313873a984ac79a3677c1d62aac943f991,
2052,FAGACEAE,Quercus humilis,NO_API_TAXON,False,KEEP_TAXONIC_RESPONSE,2026-08-19T17:29:43.544419+00:00,EXACT_CANONICAL_FOUND,Quercus humilis,Quercus humilis,Mill.,Synonym,,174608,173114,6ff1e084d7e1de5bce526a9952c96fbb0f13b4f2c615b0fc30c055f88bfb5483,,EXACT_CANONICAL_FOUND,Quercus humilis,Quercus humilis,DC.,Synonym,,wfo-0000292734,wfo-0000291149,ccfc7e3ca85c8b80aa96eb52d4e50e07e1811d28916b544280d8a4f1a043ba72,,EXACT_CANONICAL_NOT_FOUND,,,,,,,,e6e19630a9415359fba90888864d17313873a984ac79a3677c1d62aac943f991,
2056,FAGACEAE,Quercus petraea subsp. petraea,NO_EXACT_MATCH,False,KEEP_TAXONIC_RESPONSE,2026-08-19T17:29:43.544434+00:00,EXACT_CANONICAL_FOUND,Quercus petraea subsp. petraea,Quercus petraea subsp. petraea,,Accepted,,174397,174397,6ff1e084d7e1de5bce526a9952c96fbb0f13b4f2c615b0fc30c055f88bfb5483,,EXACT_CANONICAL_FOUND,Quercus petraea subsp. petraea,Quercus petraea subsp. petraea,,Accepted,,,wfo-0000292479,ccfc7e3ca85c8b80aa96eb52d4e50e07e1811d28916b544280d8a4f1a043ba72,,EXACT_CANONICAL_FOUND,Quercus petraea subsp. petraea,Quercus petraea subsp. petraea (Matt.) Liebl.,(Matt.) Liebl.,,,,FUND. BIODIVERSIDAD:ANTHOS:42063,e6e19630a9415359fba90888864d17313873a984ac79a3677c1d62aac943f991,
2061,RANUNCULACEAE,Ranunculus aconitifoius,NO_API_TAXON,False,NO_RESPONSE_ALL_THREE,2026-08-19T17:29:43.544447+00:00,EXACT_CANONICAL_NOT_FOUND,,,,,,,,6ff1e084d7e1de5bce526a9952c96fbb0f13b4f2c615b0fc30c055f88bfb5483,,EXACT_CANONICAL_NOT_FOUND,,,,,,,,ccfc7e3ca85c8b80aa96eb52d4e50e07e1811d28916b544280d8a4f1a043ba72,,EXACT_CANONICAL_NOT_FOUND,,,,,,,,e6e19630a9415359fba90888864d17313873a984ac79a3677c1d62aac943f991,
2062,RANUNCULACEAE,Ranunculus aconitifolius,NO_API_TAXON,False,KEEP_TAXONIC_RESPONSE,2026-08-19T17:29:43.544462+00:00,EXACT_CANONICAL_FOUND,Ranunculus aconitifolius,Ranunculus aconitifolius,L.,Accepted,,2524463,2524463,6ff1e084d7e1de5bce526a9952c96fbb0f13b4f2c615b0fc30c055f88bfb5483,,EXACT_CANONICAL_FOUND,Ranunculus aconitifolius,Ranunculus aconitifolius,L.,Accepted,,,wfo-0000461398,ccfc7e3ca85c8b80aa96eb52d4e50e07e1811d28916b544280d8a4f1a043ba72,,EXACT_CANONICAL_FOUND,Ranunculus aconitifolius,Ranunculus aconitifolius L.,L.,,,,FUND. BIODIVERSIDAD:ANTHOS:22174,e6e19630a9415359fba90888864d17313873a984ac79a3677c1d62aac943f991,
2063,RANUNCULACEAE,Ranunculus acris subsp. despectus,NO_EXACT_MATCH,False,KEEP_TAXONIC_RESPONSE,2026-08-19T17:29:43.544483+00:00,EXACT_CANONICAL_FOUND,Ranunculus acris subsp. despectus,Ranunculus acris subsp. despectus,M.Laínz,Synonym,,2870835,2870836,6ff1e084d7e1de5bce526a9952c96fbb0f13b4f2c615b0fc30c055f88bfb5483,,EXACT_CANONICAL_FOUND,Ranunculus acris subsp. despectus,Ranunculus acris subsp. despectus,Laínz,Synonym,,wfo-0000735251,wfo-0000735252,ccfc7e3ca85c8b80aa96eb52d4e50e07e1811d28916b544280d8a4f1a043ba72,,EXACT_CANONICAL_FOUND,Ranunculus acris subsp. despectus,Ranunculus acris subsp. despectus M. Laínz,M. Laínz,,,,FUND. BIODIVERSIDAD:ANTHOS:45186,e6e19630a9415359fba90888864d17313873a984ac79a3677c1d62aac943f991,
2064,RANUNCULACEAE,Ranunculus amplexicaulis,NO_API_TAXON,False,KEEP_TAXONIC_RESPONSE,2026-08-19T17:29:43.544497+00:00,EXACT_CANONICAL_FOUND,Ranunculus amplexicaulis,Ranunculus amplexicaulis,L.,Accepted,,2524281,2524281,6ff1e084d7e1de5bce526a9952c96fbb0f13b4f2c615b0fc30c055f88bfb5483,,EXACT_CANONICAL_FOUND,Ranunculus amplexicaulis,Ranunculus amplexicaulis,L.,Accepted,,,wfo-0000461240,ccfc7e3ca85c8b80aa96eb52d4e50e07e1811d28916b544280d8a4f1a043ba72,,EXACT_CANONICAL_FOUND,Ranunculus amplexicaulis,Ranunculus amplexicaulis L.,L.,,,,FUND. BIODIVERSIDAD:ANTHOS:22203,e6e19630a9415359fba90888864d17313873a984ac79a3677c1d62aac943f991,
2068,RANUNCULACEAE,Ranunculus bulbosus,NO_API_TAXON,False,KEEP_TAXONIC_RESPONSE,2026-08-19T17:29:43.544511+00:00,EXACT_CANONICAL_FOUND,Ranunculus bulbosus,Ranunculus bulbosus,L.,Accepted,,2524688,2524688,6ff1e084d7e1de5bce526a9952c96fbb0f13b4f2c615b0fc30c055f88bfb5483,,EXACT_CANONICAL_FOUND,Ranunculus bulbosus,Ranunculus bulbosus,L.,Accepted,,,wfo-0000461562,ccfc7e3ca85c8b80aa96eb52d4e50e07e1811d28916b544280d8a4f1a043ba72,,EXACT_CANONICAL_FOUND,Ranunculus bulbosus,Ranunculus bulbosus L.,L.,,,,FUND. BIODIVERSIDAD:ANTHOS:22072,e6e19630a9415359fba90888864d17313873a984ac79a3677c1d62aac943f991,
2069,RANUNCULACEAE,Ranunculus bulbosus var. aleae,NO_API_TAXON,False,KEEP_TAXONIC_RESPONSE,2026-08-19T17:29:43.544526+00:00,EXACT_CANONICAL_FOUND,Ranunculus bulbosus var. aleae,Ranunculus bulbosus var. aleae,(Willk.) Burnat,Synonym,,2870848,3252347,6ff1e084d7e1de5bce526a9952c96fbb0f13b4f2c615b0fc30c055f88bfb5483,,EXACT_CANONICAL_NOT_FOUND,,,,,,,,ccfc7e3ca85c8b80aa96eb52d4e50e07e1811d28916b544280d8a4f1a043ba72,,EXACT_CANONICAL_NOT_FOUND,,,,,,,,e6e19630a9415359fba90888864d17313873a984ac79a3677c1d62aac943f991,
2070,RANUNCULACEAE,Ranunculus carinthiacus,NO_API_TAXON,False,KEEP_TAXONIC_RESPONSE,2026-08-19T17:29:43.544539+00:00,EXACT_CANONICAL_FOUND,Ranunculus carinthiacus,Ranunculus carinthiacus,Hoppe,Accepted,,2523564,2523564,6ff1e084d7e1de5bce526a9952c96fbb0f13b4f2c615b0fc30c055f88bfb5483,,EXACT_CANONICAL_FOUND,Ranunculus carinthiacus,Ranunculus carinthiacus,Hoppe,Accepted,,,wfo-0000460653,ccfc7e3ca85c8b80aa96eb52d4e50e07e1811d28916b544280d8a4f1a043ba72,,EXACT_CANONICAL_FOUND,Ranunculus carinthiacus,Ranunculus carinthiacus Hoppe in Sturm,Hoppe in Sturm,,,,FUND. BIODIVERSIDAD:ANTHOS:22065,e6e19630a9415359fba90888864d17313873a984ac79a3677c1d62aac943f991,
2072,RANUNCULACEAE,Ranunculus ficaria,NO_API_TAXON,False,KEEP_TAXONIC_RESPONSE,2026-08-19T17:29:43.544554+00:00,EXACT_CANONICAL_FOUND,Ranunculus ficaria,Ranunculus ficaria,L.,Accepted,,2523483,2523483,6ff1e084d7e1de5bce526a9952c96fbb0f13b4f2c615b0fc30c055f88bfb5483,,EXACT_CANONICAL_FOUND,Ranunculus ficaria,Ranunculus ficaria,L.,Accepted,,,wfo-0000460581,ccfc7e3ca85c8b80aa96eb52d4e50e07e1811d28916b544280d8a4f1a043ba72,,EXACT_CANONICAL_FOUND,Ranunculus ficaria,Ranunculus ficaria L.,L.,,,,FUND. BIODIVERSIDAD:ANTHOS:39462,e6e19630a9415359fba90888864d17313873a984ac79a3677c1d62aac943f991,
2073,RANUNCULACEAE,Ranunculus ficaria subsp. ficaria,NO_API_TAXON,False,KEEP_TAXONIC_RESPONSE,2026-08-19T17:29:43.544568+00:00,EXACT_CANONICAL_FOUND,Ranunculus ficaria subsp. ficaria,Ranunculus ficaria subsp. ficaria,,Accepted,,3259982,3259982,6ff1e084d7e1de5bce526a9952c96fbb0f13b4f2c615b0fc30c055f88bfb5483,,EXACT_CANONICAL_FOUND,Ranunculus ficaria subsp. ficaria,Ranunculus ficaria subsp. ficaria,,Accepted,,,wfo-0001429993,ccfc7e3ca85c8b80aa96eb52d4e50e07e1811d28916b544280d8a4f1a043ba72,,EXACT_CANONICAL_FOUND,Ranunculus ficaria subsp. ficaria,Ranunculus ficaria subsp. ficaria L.,L.,,,,FUND. BIODIVERSIDAD:ANTHOS:22145,e6e19630a9415359fba90888864d17313873a984ac79a3677c1d62aac943f991,
2075,RANUNCULACEAE,Ranunculus gramineus,NO_API_TAXON,False,KEEP_TAXONIC_RESPONSE,2026-08-19T17:29:43.544583+00:00,EXACT_CANONICAL_FOUND,Ranunculus gramineus,Ranunculus gramineus,L.,Accepted,,2523900,2523900,6ff1e084d7e1de5bce526a9952c96fbb0f13b4f2c615b0fc30c055f88bfb5483,,EXACT_CANONICAL_FOUND,Ranunculus gramineus,Ranunculus gramineus,L.,Accepted,,,wfo-0000460933,ccfc7e3ca85c8b80aa96eb52d4e50e07e1811d28916b544280d8a4f1a043ba72,,EXACT_CANONICAL_FOUND,Ranunculus gramineus,Ranunculus gramineus L.,L.,,,,FUND. BIODIVERSIDAD:ANTHOS:22194,e6e19630a9415359fba90888864d17313873a984ac79a3677c1d62aac943f991,
2076,RANUNCULACEAE,Ranunculus gregarius,NO_API_TAXON,False,KEEP_TAXONIC_RESPONSE,2026-08-19T17:29:43.544596+00:00,EXACT_CANONICAL_FOUND,Ranunculus gregarius,Ranunculus gregarius,Brot.,Accepted,,2523951,2523951,6ff1e084d7e1de5bce526a9952c96fbb0f13b4f2c615b0fc30c055f88bfb5483,,EXACT_CANONICAL_FOUND,Ranunculus gregarius,Ranunculus gregarius,Brot.,Accepted,,,wfo-0000460974,ccfc7e3ca85c8b80aa96eb52d4e50e07e1811d28916b544280d8a4f1a043ba72,,EXACT_CANONICAL_FOUND,Ranunculus gregarius,Ranunculus gregarius Brot.,Brot.,,,,FUND. BIODIVERSIDAD:ANTHOS:50667,e6e19630a9415359fba90888864d17313873a984ac79a3677c1d62aac943f991,
2078,RANUNCULACEAE,Ranunculus nigrescens,NO_API_TAXON,False,KEEP_TAXONIC_RESPONSE,2026-08-19T17:29:43.544612+00:00,EXACT_CANONICAL_FOUND,Ranunculus nigrescens,Ranunculus nigrescens,Freyn,Accepted,,2526167,2526167,6ff1e084d7e1de5bce526a9952c96fbb0f13b4f2c615b0fc30c055f88bfb5483,,EXACT_CANONICAL_FOUND,Ranunculus nigrescens,Ranunculus nigrescens,Freyn,Accepted,,,wfo-0000462786,ccfc7e3ca85c8b80aa96eb52d4e50e07e1811d28916b544280d8a4f1a043ba72,,EXACT_CANONICAL_FOUND,Ranunculus nigrescens,Ranunculus nigrescens Freyn in Willk. & Lange,Freyn in Willk. & Lange,,,,FUND. BIODIVERSIDAD:ANTHOS:65659,e6e19630a9415359fba90888864d17313873a984ac79a3677c1d62aac943f991,
2079,RANUNCULACEAE,Ranunculus nodiflorus,NO_API_TAXON,False,KEEP_TAXONIC_RESPONSE,2026-08-19T17:29:43.544626+00:00,EXACT_CANONICAL_FOUND,Ranunculus nodiflorus,Ranunculus nodiflorus,L.,Accepted,,2526162,2526162,6ff1e084d7e1de5bce526a9952c96fbb0f13b4f2c615b0fc30c055f88bfb5483,,EXACT_CANONICAL_FOUND,Ranunculus nodiflorus,Ranunculus nodiflorus,L.,Accepted,,,wfo-0000462781,ccfc7e3ca85c8b80aa96eb52d4e50e07e1811d28916b544280d8a4f1a043ba72,,EXACT_CANONICAL_FOUND,Ranunculus nodiflorus,Ranunculus nodiflorus L.,L.,,,,FUND. BIODIVERSIDAD:ANTHOS:58816,e6e19630a9415359fba90888864d17313873a984ac79a3677c1d62aac943f991,
2080,RANUNCULACEAE,Ranunculus ollissiponensis,NO_API_TAXON,False,KEEP_TAXONIC_RESPONSE,2026-08-19T17:29:43.544641+00:00,EXACT_CANONICAL_FOUND,Ranunculus ollissiponensis,Ranunculus ollissiponensis,Pers.,Accepted,,2526366,2526366,6ff1e084d7e1de5bce526a9952c96fbb0f13b4f2c615b0fc30c055f88bfb5483,,EXACT_CANONICAL_FOUND,Ranunculus ollissiponensis,Ranunculus ollissiponensis,Pers.,Accepted,,,wfo-0000462941,ccfc7e3ca85c8b80aa96eb52d4e50e07e1811d28916b544280d8a4f1a043ba72,,EXACT_CANONICAL_FOUND,Ranunculus ollissiponensis,Ranunculus ollissiponensis Pers.,Pers.,,,,FUND. BIODIVERSIDAD:ANTHOS:53845,e6e19630a9415359fba90888864d17313873a984ac79a3677c1d62aac943f991,
2081,RANUNCULACEAE,Ranunculus ollissiponensis subsp. alpinus,NO_API_TAXON,False,KEEP_TAXONIC_RESPONSE,2026-08-19T17:29:43.544655+00:00,EXACT_CANONICAL_FOUND,Ranunculus ollissiponensis subsp. alpinus,Ranunculus ollissiponensis subsp. alpinus,(Boiss. & Reut.) Grau,Accepted,,2526376,2526376,6ff1e084d7e1de5bce526a9952c96fbb0f13b4f2c615b0fc30c055f88bfb5483,,EXACT_CANONICAL_FOUND,Ranunculus ollissiponensis subsp. alpinus,Ranunculus ollissiponensis subsp. alpinus,(Boiss. & Reut.) Grau,Accepted,,,wfo-0000462950,ccfc7e3ca85c8b80aa96eb52d4e50e07e1811d28916b544280d8a4f1a043ba72,,EXACT_CANONICAL_FOUND,Ranunculus ollissiponensis subsp. alpinus,Ranunculus ollissiponensis subsp. alpinus (Boiss. & Reut.) Grau,(Boiss. & Reut.) Grau,,,,FUND. BIODIVERSIDAD:ANTHOS:48269,e6e19630a9415359fba90888864d17313873a984ac79a3677c1d62aac943f991,
2084,RANUNCULACEAE,Ranunculus parviflorus,NO_API_TAXON,False,KEEP_TAXONIC_RESPONSE,2026-08-19T17:29:43.544670+00:00,EXACT_CANONICAL_FOUND,Ranunculus parviflorus,Ranunculus parviflorus,Gouan,Illegitimate,,2526783,2526992,6ff1e084d7e1de5bce526a9952c96fbb0f13b4f2c615b0fc30c055f88bfb5483,,EXACT_CANONICAL_FOUND,Ranunculus parviflorus,Ranunculus parviflorus,L.,Accepted,,,wfo-0000463478,ccfc7e3ca85c8b80aa96eb52d4e50e07e1811d28916b544280d8a4f1a043ba72,,EXACT_CANONICAL_FOUND,Ranunculus parviflorus,Ranunculus parviflorus L. in Loefl.,L. in Loefl.,,,,FUND. BIODIVERSIDAD:ANTHOS:22112,e6e19630a9415359fba90888864d17313873a984ac79a3677c1d62aac943f991,
2086,RANUNCULACEAE,Ranunculus peltatus subsp. baudotii,NO_EXACT_MATCH,False,KEEP_TAXONIC_RESPONSE,2026-08-19T17:29:43.544685+00:00,EXACT_CANONICAL_FOUND,Ranunculus peltatus subsp. baudotii,Ranunculus peltatus subsp. baudotii,(Godr.) Meikle ex C.D.K.Cook,Synonym,,2524734,2526902,6ff1e084d7e1de5bce526a9952c96fbb0f13b4f2c615b0fc30c055f88bfb5483,,EXACT_CANONICAL_FOUND,Ranunculus peltatus subsp. baudotii,Ranunculus peltatus subsp. baudotii,(Godr.) Meikle ex C.D.K.Cook,Synonym,,wfo-0000461601,wfo-0000463390,ccfc7e3ca85c8b80aa96eb52d4e50e07e1811d28916b544280d8a4f1a043ba72,,EXACT_CANONICAL_FOUND,Ranunculus peltatus subsp. baudotii,Ranunculus peltatus subsp. baudotii (Godr.) C.D.K. Cook,(Godr.) C.D.K. Cook,,,,FUND. BIODIVERSIDAD:ANTHOS:45190,e6e19630a9415359fba90888864d17313873a984ac79a3677c1d62aac943f991,
2087,RANUNCULACEAE,Ranunculus peltatus subsp. saniculifolius,NO_EXACT_MATCH,False,KEEP_TAXONIC_RESPONSE,2026-08-19T17:29:43.544702+00:00,EXACT_CANONICAL_FOUND,Ranunculus peltatus subsp. saniculifolius,Ranunculus peltatus subsp. saniculifolius,(Viv.) C.D.K.Cook,Synonym,,2526777,2526898,6ff1e084d7e1de5bce526a9952c96fbb0f13b4f2c615b0fc30c055f88bfb5483,,EXACT_CANONICAL_FOUND,Ranunculus peltatus subsp. saniculifolius,Ranunculus peltatus subsp. saniculifolius,(Viv.) C.D.K.Cook,Synonym,,wfo-0000463275,wfo-0000463385,ccfc7e3ca85c8b80aa96eb52d4e50e07e1811d28916b544280d8a4f1a043ba72,,EXACT_CANONICAL_FOUND,Ranunculus peltatus subsp. saniculifolius,Ranunculus peltatus subsp. saniculifolius (Viv.) C.D.K. Cook,(Viv.) C.D.K. Cook,,,,FUND. BIODIVERSIDAD:ANTHOS:55087,e6e19630a9415359fba90888864d17313873a984ac79a3677c1d62aac943f991,
2088,RANUNCULACEAE,Ranunculus peltatus var. peltatus,NO_EXACT_MATCH,False,NO_RESPONSE_ALL_THREE,2026-08-19T17:29:43.544715+00:00,EXACT_CANONICAL_NOT_FOUND,,,,,,,,6ff1e084d7e1de5bce526a9952c96fbb0f13b4f2c615b0fc30c055f88bfb5483,,EXACT_CANONICAL_NOT_FOUND,,,,,,,,ccfc7e3ca85c8b80aa96eb52d4e50e07e1811d28916b544280d8a4f1a043ba72,,EXACT_CANONICAL_NOT_FOUND,,,,,,,,e6e19630a9415359fba90888864d17313873a984ac79a3677c1d62aac943f991,
2095,RANUNCULACEAE,Ranunculus trilobus,NO_API_TAXON,False,KEEP_TAXONIC_RESPONSE,2026-08-19T17:29:43.544730+00:00,EXACT_CANONICAL_FOUND,Ranunculus trilobus,Ranunculus trilobus,Desf.,Accepted,,2524543,2524543,6ff1e084d7e1de5bce526a9952c96fbb0f13b4f2c615b0fc30c055f88bfb5483,,EXACT_CANONICAL_FOUND,Ranunculus trilobus,Ranunculus trilobus,Desf.,Accepted,,,wfo-0000461459,ccfc7e3ca85c8b80aa96eb52d4e50e07e1811d28916b544280d8a4f1a043ba72,,EXACT_CANONICAL_FOUND,Ranunculus trilobus,Ranunculus trilobus Desf.,Desf.,,,,FUND. BIODIVERSIDAD:ANTHOS:53849,e6e19630a9415359fba90888864d17313873a984ac79a3677c1d62aac943f991,
2097,RANUNCULACEAE,Ranunculus tuberosus,NO_API_TAXON,False,KEEP_TAXONIC_RESPONSE,2026-08-19T17:29:43.544744+00:00,EXACT_CANONICAL_FOUND,Ranunculus tuberosus,Ranunculus tuberosus,Lapeyr.,Accepted,,2525104,2525104,6ff1e084d7e1de5bce526a9952c96fbb0f13b4f2c615b0fc30c055f88bfb5483,,EXACT_CANONICAL_FOUND,Ranunculus tuberosus,Ranunculus tuberosus,Lapeyr.,Accepted,,,wfo-0000461932,ccfc7e3ca85c8b80aa96eb52d4e50e07e1811d28916b544280d8a4f1a043ba72,,EXACT_CANONICAL_FOUND,Ranunculus tuberosus,Ranunculus tuberosus Lapeyr.,Lapeyr.,,,,FUND. BIODIVERSIDAD:ANTHOS:22016,e6e19630a9415359fba90888864d17313873a984ac79a3677c1d62aac943f991,
2098,RANUNCULACEAE,Ranunculus valdesii,NO_API_TAXON,False,KEEP_TAXONIC_RESPONSE,2026-08-19T17:29:43.544757+00:00,EXACT_CANONICAL_FOUND,Ranunculus valdesii,Ranunculus valdesii,Grau,Accepted,,2525130,2525130,6ff1e084d7e1de5bce526a9952c96fbb0f13b4f2c615b0fc30c055f88bfb5483,,EXACT_CANONICAL_FOUND,Ranunculus valdesii,Ranunculus valdesii,Grau,Accepted,,,wfo-0000461952,ccfc7e3ca85c8b80aa96eb52d4e50e07e1811d28916b544280d8a4f1a043ba72,,EXACT_CANONICAL_FOUND,Ranunculus valdesii,Ranunculus valdesii Grau,Grau,,,,FUND. BIODIVERSIDAD:ANTHOS:65605,e6e19630a9415359fba90888864d17313873a984ac79a3677c1d62aac943f991,
2102,RESEDACEAE,Reseda barrelieri,NO_API_TAXON,False,KEEP_TAXONIC_RESPONSE,2026-08-19T17:29:43.544771+00:00,EXACT_CANONICAL_FOUND,Reseda barrelieri,Reseda barrelieri,Bertol. ex Müll.Arg.,Accepted,,2525936,2525936,6ff1e084d7e1de5bce526a9952c96fbb0f13b4f2c615b0fc30c055f88bfb5483,,EXACT_CANONICAL_FOUND,Reseda barrelieri,Reseda barrelieri,Bertol. ex Müll.Arg.,Accepted,,,wfo-0000462591,ccfc7e3ca85c8b80aa96eb52d4e50e07e1811d28916b544280d8a4f1a043ba72,,EXACT_CANONICAL_FOUND,Reseda barrelieri,Reseda barrelieri Bertol. ex Müll. Arg. in DC.,Bertol. ex Müll. Arg. in DC.,,,,FUND. BIODIVERSIDAD:ANTHOS:23404,e6e19630a9415359fba90888864d17313873a984ac79a3677c1d62aac943f991,
2104,RESEDACEAE,Reseda lutea subsp. lutea,NO_EXACT_MATCH,False,KEEP_TAXONIC_RESPONSE,2026-08-19T17:29:43.544786+00:00,EXACT_CANONICAL_FOUND,Reseda lutea subsp. lutea,Reseda lutea subsp. lutea,,Accepted,,3260032,3260032,6ff1e084d7e1de5bce526a9952c96fbb0f13b4f2c615b0fc30c055f88bfb5483,,EXACT_CANONICAL_FOUND,Reseda lutea subsp. lutea,Reseda lutea subsp. lutea,,Accepted,,,wfo-0001367389,ccfc7e3ca85c8b80aa96eb52d4e50e07e1811d28916b544280d8a4f1a043ba72,,EXACT_CANONICAL_FOUND,Reseda lutea subsp. lutea,Reseda lutea subsp. lutea L.,L.,,,,FUND. BIODIVERSIDAD:ANTHOS:66950,e6e19630a9415359fba90888864d17313873a984ac79a3677c1d62aac943f991,
2107,RESEDACEAE,Reseda stricta,NO_API_TAXON,False,KEEP_TAXONIC_RESPONSE,2026-08-19T17:29:43.544801+00:00,EXACT_CANONICAL_FOUND,Reseda stricta,Reseda stricta,Pers.,Accepted,,2526032,2526032,6ff1e084d7e1de5bce526a9952c96fbb0f13b4f2c615b0fc30c055f88bfb5483,,EXACT_CANONICAL_FOUND,Reseda stricta,Reseda stricta,Pers.,Accepted,,,wfo-0000462667,ccfc7e3ca85c8b80aa96eb52d4e50e07e1811d28916b544280d8a4f1a043ba72,,EXACT_CANONICAL_FOUND,Reseda stricta,Reseda stricta Pers.,Pers.,,,,FUND. BIODIVERSIDAD:ANTHOS:78055,e6e19630a9415359fba90888864d17313873a984ac79a3677c1d62aac943f991,
2108,RESEDACEAE,Reseda stricta subsp. stricta,NO_API_TAXON,False,KEEP_TAXONIC_RESPONSE,2026-08-19T17:29:43.544816+00:00,EXACT_CANONICAL_NOT_FOUND,,,,,,,,6ff1e084d7e1de5bce526a9952c96fbb0f13b4f2c615b0fc30c055f88bfb5483,,EXACT_CANONICAL_NOT_FOUND,,,,,,,,ccfc7e3ca85c8b80aa96eb52d4e50e07e1811d28916b544280d8a4f1a043ba72,,EXACT_CANONICAL_FOUND,Reseda stricta subsp. stricta,Reseda stricta subsp. stricta Pers.,Pers.,,,,FUND. BIODIVERSIDAD:ANTHOS:981051,e6e19630a9415359fba90888864d17313873a984ac79a3677c1d62aac943f991,
2109,RESEDACEAE,Reseda undata,NO_API_TAXON,False,KEEP_TAXONIC_RESPONSE,2026-08-19T17:29:43.544830+00:00,EXACT_CANONICAL_FOUND,Reseda undata,Reseda undata,L.,Accepted,,2525698,2525698,6ff1e084d7e1de5bce526a9952c96fbb0f13b4f2c615b0fc30c055f88bfb5483,,EXACT_CANONICAL_FOUND,Reseda undata,Reseda undata,L.,Accepted,,,wfo-0000462401,ccfc7e3ca85c8b80aa96eb52d4e50e07e1811d28916b544280d8a4f1a043ba72,,EXACT_CANONICAL_FOUND,Reseda undata,Reseda undata L.,L.,,,,FUND. BIODIVERSIDAD:ANTHOS:23396,e6e19630a9415359fba90888864d17313873a984ac79a3677c1d62aac943f991,
2110,RESEDACEAE,Reseda undata subsp. undata,NO_API_TAXON,False,KEEP_TAXONIC_RESPONSE,2026-08-19T17:29:43.544844+00:00,EXACT_CANONICAL_FOUND,Reseda undata subsp. undata,Reseda undata subsp. undata,,Accepted,,3260021,3260021,6ff1e084d7e1de5bce526a9952c96fbb0f13b4f2c615b0fc30c055f88bfb5483,,EXACT_CANONICAL_FOUND,Reseda undata subsp. undata,Reseda undata subsp. undata,,Accepted,,,wfo-1200032167,ccfc7e3ca85c8b80aa96eb52d4e50e07e1811d28916b544280d8a4f1a043ba72,,EXACT_CANONICAL_FOUND,Reseda undata subsp. undata,Reseda undata subsp. undata L.,L.,,,,FUND. BIODIVERSIDAD:ANTHOS:66946,e6e19630a9415359fba90888864d17313873a984ac79a3677c1d62aac943f991,
2111,FABACEAE,Retama sphaerocarpa,NO_API_TAXON,False,KEEP_TAXONIC_RESPONSE,2026-08-19T17:29:43.544859+00:00,EXACT_CANONICAL_FOUND,Retama sphaerocarpa,Retama sphaerocarpa,(L.) Boiss.,Accepted,,2428979,2428979,6ff1e084d7e1de5bce526a9952c96fbb0f13b4f2c615b0fc30c055f88bfb5483,,EXACT_CANONICAL_FOUND,Retama sphaerocarpa,Retama sphaerocarpa,(L.) Boiss.,Accepted,,,wfo-0000213402,ccfc7e3ca85c8b80aa96eb52d4e50e07e1811d28916b544280d8a4f1a043ba72,,EXACT_CANONICAL_FOUND,Retama sphaerocarpa,Retama sphaerocarpa (L.) Boiss.,(L.) Boiss.,,,,FUND. BIODIVERSIDAD:ANTHOS:47960,e6e19630a9415359fba90888864d17313873a984ac79a3677c1d62aac943f991,
2112,ASTERACEAE,Rhagadiolus edulis,NO_API_TAXON,False,KEEP_TAXONIC_RESPONSE,2026-08-19T17:29:43.544871+00:00,EXACT_CANONICAL_FOUND,Rhagadiolus edulis,Rhagadiolus edulis,Gaertn.,Accepted,,3073920,3073920,6ff1e084d7e1de5bce526a9952c96fbb0f13b4f2c615b0fc30c055f88bfb5483,,EXACT_CANONICAL_FOUND,Rhagadiolus edulis,Rhagadiolus edulis,Gaertn.,Accepted,,,wfo-0000019519,ccfc7e3ca85c8b80aa96eb52d4e50e07e1811d28916b544280d8a4f1a043ba72,,EXACT_CANONICAL_FOUND,Rhagadiolus edulis,Rhagadiolus edulis Gaertn.,Gaertn.,,,,FUND. BIODIVERSIDAD:ANTHOS:931608,e6e19630a9415359fba90888864d17313873a984ac79a3677c1d62aac943f991,
2115,RHAMNACEAE,Rhamnus alaternus subsp. munyozgarmediae,NO_EXACT_MATCH,False,NO_RESPONSE_ALL_THREE,2026-08-19T17:29:43.544886+00:00,EXACT_CANONICAL_NOT_FOUND,,,,,,,,6ff1e084d7e1de5bce526a9952c96fbb0f13b4f2c615b0fc30c055f88bfb5483,,EXACT_CANONICAL_NOT_FOUND,,,,,,,,ccfc7e3ca85c8b80aa96eb52d4e50e07e1811d28916b544280d8a4f1a043ba72,,EXACT_CANONICAL_NOT_FOUND,,,,,,,,e6e19630a9415359fba90888864d17313873a984ac79a3677c1d62aac943f991,
2117,RHAMNACEAE,Rhamnus alpina subsp. alpina,NO_EXACT_MATCH,False,KEEP_TAXONIC_RESPONSE,2026-08-19T17:29:43.544909+00:00,EXACT_CANONICAL_NOT_FOUND,,,,,,,,6ff1e084d7e1de5bce526a9952c96fbb0f13b4f2c615b0fc30c055f88bfb5483,,EXACT_CANONICAL_FOUND,Rhamnus alpina subsp. alpina,Rhamnus alpina subsp. alpina,,Unchecked,,,wfo-1200107948,ccfc7e3ca85c8b80aa96eb52d4e50e07e1811d28916b544280d8a4f1a043ba72,,EXACT_CANONICAL_FOUND,Rhamnus alpina subsp. alpina,Rhamnus alpina subsp. alpina L.,L.,,,,FUND. BIODIVERSIDAD:ANTHOS:26741,e6e19630a9415359fba90888864d17313873a984ac79a3677c1d62aac943f991,
2119,RHAMNACEAE,Rhamnus infectoria,NO_API_TAXON,False,KEEP_TAXONIC_RESPONSE,2026-08-19T17:29:43.544923+00:00,EXACT_CANONICAL_FOUND,Rhamnus infectoria,Rhamnus infectoria,L.,Accepted,,2525809,2525809,6ff1e084d7e1de5bce526a9952c96fbb0f13b4f2c615b0fc30c055f88bfb5483,,EXACT_CANONICAL_FOUND,Rhamnus infectoria,Rhamnus infectoria,Tchich.,Unchecked,,,wfo-0000462484,ccfc7e3ca85c8b80aa96eb52d4e50e07e1811d28916b544280d8a4f1a043ba72,,EXACT_CANONICAL_FOUND,Rhamnus infectoria,Rhamnus infectoria L.,L.,,,,FUND. BIODIVERSIDAD:ANTHOS:117126,e6e19630a9415359fba90888864d17313873a984ac79a3677c1d62aac943f991,
2120,RHAMNACEAE,Rhamnus lycioides subsp. lycioides,NO_EXACT_MATCH,False,KEEP_TAXONIC_RESPONSE,2026-08-19T17:29:43.544937+00:00,EXACT_CANONICAL_FOUND,Rhamnus lycioides subsp. lycioides,Rhamnus lycioides subsp. lycioides,,Accepted,,3259971,3259971,6ff1e084d7e1de5bce526a9952c96fbb0f13b4f2c615b0fc30c055f88bfb5483,,EXACT_CANONICAL_FOUND,Rhamnus lycioides subsp. lycioides,Rhamnus lycioides subsp. lycioides,,Unchecked,,,wfo-1200108071,ccfc7e3ca85c8b80aa96eb52d4e50e07e1811d28916b544280d8a4f1a043ba72,,EXACT_CANONICAL_FOUND,Rhamnus lycioides subsp. lycioides,Rhamnus lycioides subsp. lycioides L.,L.,,,,FUND. BIODIVERSIDAD:ANTHOS:26712,e6e19630a9415359fba90888864d17313873a984ac79a3677c1d62aac943f991,
2121,RHAMNACEAE,Rhamnus lycioides subsp. velutina,NO_EXACT_MATCH,False,KEEP_TAXONIC_RESPONSE,2026-08-19T17:29:43.544953+00:00,EXACT_CANONICAL_FOUND,Rhamnus lycioides subsp. velutina,Rhamnus lycioides subsp. velutina,(Boiss.) Nyman,Synonym,,2522816,2873547,6ff1e084d7e1de5bce526a9952c96fbb0f13b4f2c615b0fc30c055f88bfb5483,,EXACT_CANONICAL_FOUND,Rhamnus lycioides subsp. velutina,Rhamnus lycioides subsp. velutina,(Boiss.) Tutin,Synonym,,wfo-0000460098,wfo-0000737675,ccfc7e3ca85c8b80aa96eb52d4e50e07e1811d28916b544280d8a4f1a043ba72,,EXACT_CANONICAL_NOT_FOUND,,,,,,,,e6e19630a9415359fba90888864d17313873a984ac79a3677c1d62aac943f991,
2123,RHAMNACEAE,Rhamnus saxatilis subsp. saxatilis,NO_EXACT_MATCH,False,KEEP_TAXONIC_RESPONSE,2026-08-19T17:29:43.544967+00:00,EXACT_CANONICAL_FOUND,Rhamnus saxatilis subsp. saxatilis,Rhamnus saxatilis subsp. saxatilis,,Accepted,,3259955,3259955,6ff1e084d7e1de5bce526a9952c96fbb0f13b4f2c615b0fc30c055f88bfb5483,,EXACT_CANONICAL_FOUND,Rhamnus saxatilis subsp. saxatilis,Rhamnus saxatilis subsp. saxatilis,,Unchecked,,,wfo-1200107674,ccfc7e3ca85c8b80aa96eb52d4e50e07e1811d28916b544280d8a4f1a043ba72,,EXACT_CANONICAL_NOT_FOUND,,,,,,,,e6e19630a9415359fba90888864d17313873a984ac79a3677c1d62aac943f991,
2124,ASTERACEAE,Rhaponticum coniferum,NO_API_TAXON,False,KEEP_TAXONIC_RESPONSE,2026-08-19T17:29:43.544982+00:00,EXACT_CANONICAL_FOUND,Rhaponticum coniferum,Rhaponticum coniferum,(L.) Greuter,Accepted,,3046860,3046860,6ff1e084d7e1de5bce526a9952c96fbb0f13b4f2c615b0fc30c055f88bfb5483,,EXACT_CANONICAL_FOUND,Rhaponticum coniferum,Rhaponticum coniferum,(L.) Greuter,Synonym,,wfo-0000036883,wfo-0000091637,ccfc7e3ca85c8b80aa96eb52d4e50e07e1811d28916b544280d8a4f1a043ba72,,EXACT_CANONICAL_FOUND,Rhaponticum coniferum,Rhaponticum coniferum (L.) Greuter,(L.) Greuter,,,,FUND. BIODIVERSIDAD:ANTHOS:33963,e6e19630a9415359fba90888864d17313873a984ac79a3677c1d62aac943f991,
2125,OROBANCHACEAE,Rhinanthus angustifolius,NO_API_TAXON,False,KEEP_TAXONIC_RESPONSE,2026-08-19T17:29:43.544996+00:00,EXACT_CANONICAL_FOUND,Rhinanthus angustifolius,Rhinanthus angustifolius,C.C.Gmel.,Synonym,,3260079,2527361,6ff1e084d7e1de5bce526a9952c96fbb0f13b4f2c615b0fc30c055f88bfb5483,,EXACT_CANONICAL_FOUND,Rhinanthus angustifolius,Rhinanthus angustifolius,C.C.Gmel.,Synonym,,wfo-1200038835,wfo-0000463704,ccfc7e3ca85c8b80aa96eb52d4e50e07e1811d28916b544280d8a4f1a043ba72,,EXACT_CANONICAL_FOUND,Rhinanthus angustifolius,Rhinanthus angustifolius C.C. Gmel.,C.C. Gmel.,,,,FUND. BIODIVERSIDAD:ANTHOS:31675,e6e19630a9415359fba90888864d17313873a984ac79a3677c1d62aac943f991,
2126,OROBANCHACEAE,Rhinanthus burnatii,NO_API_TAXON,False,KEEP_TAXONIC_RESPONSE,2026-08-19T17:29:43.545010+00:00,EXACT_CANONICAL_FOUND,Rhinanthus burnatii,Rhinanthus burnatii,(Chabert) Soó,Accepted,,2527371,2527371,6ff1e084d7e1de5bce526a9952c96fbb0f13b4f2c615b0fc30c055f88bfb5483,,EXACT_CANONICAL_FOUND,Rhinanthus burnatii,Rhinanthus burnatii,(Chabert) Soó,Accepted,,,wfo-0000463711,ccfc7e3ca85c8b80aa96eb52d4e50e07e1811d28916b544280d8a4f1a043ba72,,EXACT_CANONICAL_FOUND,Rhinanthus burnatii,Rhinanthus burnatii (Chabert) Soó,(Chabert) Soó,,,,FUND. BIODIVERSIDAD:ANTHOS:2881372,e6e19630a9415359fba90888864d17313873a984ac79a3677c1d62aac943f991,
2127,OROBANCHACEAE,Rhinanthus mediterraneus,NO_API_TAXON,False,KEEP_TAXONIC_RESPONSE,2026-08-19T17:29:43.545025+00:00,EXACT_CANONICAL_FOUND,Rhinanthus mediterraneus,Rhinanthus mediterraneus,(Sterneck) Pau,Synonym,,3260080,2527995,6ff1e084d7e1de5bce526a9952c96fbb0f13b4f2c615b0fc30c055f88bfb5483,,EXACT_CANONICAL_FOUND,Rhinanthus mediterraneus,Rhinanthus mediterraneus,(Sterneck) Adamović,Accepted,,,wfo-0000464152,ccfc7e3ca85c8b80aa96eb52d4e50e07e1811d28916b544280d8a4f1a043ba72,,EXACT_CANONICAL_NOT_FOUND,,,,,,,,e6e19630a9415359fba90888864d17313873a984ac79a3677c1d62aac943f991,
2128,OROBANCHACEAE,Rhinanthus minor,NO_API_TAXON,False,KEEP_TAXONIC_RESPONSE,2026-08-19T17:29:43.545038+00:00,EXACT_CANONICAL_FOUND,Rhinanthus minor,Rhinanthus minor,L.,Accepted,,2900773,2900773,6ff1e084d7e1de5bce526a9952c96fbb0f13b4f2c615b0fc30c055f88bfb5483,,EXACT_CANONICAL_FOUND,Rhinanthus minor,Rhinanthus minor,L.,Accepted,,,wfo-0000747233,ccfc7e3ca85c8b80aa96eb52d4e50e07e1811d28916b544280d8a4f1a043ba72,,EXACT_CANONICAL_FOUND,Rhinanthus minor,Rhinanthus minor L.,L.,,,,FUND. BIODIVERSIDAD:ANTHOS:1125235,e6e19630a9415359fba90888864d17313873a984ac79a3677c1d62aac943f991,
2131,GROSSULARIACEAE,Ribes alpinum,NO_API_TAXON,False,KEEP_TAXONIC_RESPONSE,2026-08-19T17:29:43.545053+00:00,EXACT_CANONICAL_FOUND,Ribes alpinum,Ribes alpinum,Siev.,Illegitimate,,2426691,2426165,6ff1e084d7e1de5bce526a9952c96fbb0f13b4f2c615b0fc30c055f88bfb5483,,EXACT_CANONICAL_FOUND,Ribes alpinum,Ribes alpinum,L.,Accepted,,,wfo-0000404909,ccfc7e3ca85c8b80aa96eb52d4e50e07e1811d28916b544280d8a4f1a043ba72,,EXACT_CANONICAL_FOUND,Ribes alpinum,Ribes alpinum L.,L.,,,,FUND. BIODIVERSIDAD:ANTHOS:23756,e6e19630a9415359fba90888864d17313873a984ac79a3677c1d62aac943f991,
2134,FABACEAE,Robinia pseudacacia,NO_API_TAXON,False,KEEP_TAXONIC_RESPONSE,2026-08-19T17:29:43.545065+00:00,EXACT_CANONICAL_NOT_FOUND,,,,,,,,6ff1e084d7e1de5bce526a9952c96fbb0f13b4f2c615b0fc30c055f88bfb5483,,EXACT_CANONICAL_FOUND,Robinia pseudacacia,Robinia pseudacacia,L.,Synonym,,wfo-0000213931,wfo-0000188998,ccfc7e3ca85c8b80aa96eb52d4e50e07e1811d28916b544280d8a4f1a043ba72,,EXACT_CANONICAL_NOT_FOUND,,,,,,,,e6e19630a9415359fba90888864d17313873a984ac79a3677c1d62aac943f991,
2138,BRASSICACEAE,Rorippa nasturtium-aquaticum,NO_API_TAXON,False,KEEP_TAXONIC_RESPONSE,2026-08-19T17:29:43.545081+00:00,EXACT_CANONICAL_FOUND,Rorippa nasturtium-aquaticum,Rorippa nasturtium-aquaticum,(L.) Hayek,Synonym,,2381026,2415951,6ff1e084d7e1de5bce526a9952c96fbb0f13b4f2c615b0fc30c055f88bfb5483,,EXACT_CANONICAL_FOUND,Rorippa nasturtium-aquaticum,Rorippa nasturtium-aquaticum,(L.) Hayek,Synonym,,wfo-0000380323,wfo-0000398907,ccfc7e3ca85c8b80aa96eb52d4e50e07e1811d28916b544280d8a4f1a043ba72,,EXACT_CANONICAL_FOUND,Rorippa nasturtium-aquaticum,Rorippa nasturtium-aquaticum (L.) Hayek,(L.) Hayek,,,,FUND. BIODIVERSIDAD:ANTHOS:22667,e6e19630a9415359fba90888864d17313873a984ac79a3677c1d62aac943f991,
2142,ROSACEAE,Rosa andegavensis,NO_API_TAXON,False,KEEP_TAXONIC_RESPONSE,2026-08-19T17:29:43.545096+00:00,EXACT_CANONICAL_FOUND,Rosa andegavensis,Rosa × andegavensis,Bastard,Accepted,,2965335,2965335,6ff1e084d7e1de5bce526a9952c96fbb0f13b4f2c615b0fc30c055f88bfb5483,,EXACT_CANONICAL_FOUND,Rosa andegavensis,Rosa × andegavensis,Bastard,Accepted,,,wfo-0000983589,ccfc7e3ca85c8b80aa96eb52d4e50e07e1811d28916b544280d8a4f1a043ba72,,EXACT_CANONICAL_FOUND,Rosa andegavensis,Rosa andegavensis Bastard,Bastard,,,,FUND. BIODIVERSIDAD:ANTHOS:64098,e6e19630a9415359fba90888864d17313873a984ac79a3677c1d62aac943f991,
2144,ROSACEAE,Rosa blondeana,NO_API_TAXON,False,NO_RESPONSE_ALL_THREE,2026-08-19T17:29:43.545109+00:00,EXACT_CANONICAL_NOT_FOUND,,,,,,,,6ff1e084d7e1de5bce526a9952c96fbb0f13b4f2c615b0fc30c055f88bfb5483,,EXACT_CANONICAL_NOT_FOUND,,,,,,,,ccfc7e3ca85c8b80aa96eb52d4e50e07e1811d28916b544280d8a4f1a043ba72,,EXACT_CANONICAL_NOT_FOUND,,,,,,,,e6e19630a9415359fba90888864d17313873a984ac79a3677c1d62aac943f991,
2146,ROSACEAE,Rosa corymbifera,NO_API_TAXON,False,KEEP_TAXONIC_RESPONSE,2026-08-19T17:29:43.545123+00:00,EXACT_CANONICAL_FOUND,Rosa corymbifera,Rosa corymbifera,Borkh.,Accepted,,2968137,2968137,6ff1e084d7e1de5bce526a9952c96fbb0f13b4f2c615b0fc30c055f88bfb5483,,EXACT_CANONICAL_FOUND,Rosa corymbifera,Rosa corymbifera,C.C.Gmel.,Unchecked,,,wfo-0001008718,ccfc7e3ca85c8b80aa96eb52d4e50e07e1811d28916b544280d8a4f1a043ba72,,EXACT_CANONICAL_FOUND,Rosa corymbifera,Rosa corymbifera Borkh.,Borkh.,,,,FUND. BIODIVERSIDAD:ANTHOS:1124686,e6e19630a9415359fba90888864d17313873a984ac79a3677c1d62aac943f991,
2147,ROSACEAE,Rosa deseglisei,NO_API_TAXON,False,KEEP_TAXONIC_RESPONSE,2026-08-19T17:29:43.545141+00:00,EXACT_CANONICAL_FOUND,Rosa deseglisei,Rosa deseglisei,Boreau,Accepted,,2968350,2968350,6ff1e084d7e1de5bce526a9952c96fbb0f13b4f2c615b0fc30c055f88bfb5483,,EXACT_CANONICAL_FOUND,Rosa deseglisei,Rosa deseglisei,Boreau,Accepted,,,wfo-0001131609,ccfc7e3ca85c8b80aa96eb52d4e50e07e1811d28916b544280d8a4f1a043ba72,,EXACT_CANONICAL_FOUND,Rosa deseglisei,Rosa deseglisei Boreau,Boreau,,,,FUND. BIODIVERSIDAD:ANTHOS:24006,e6e19630a9415359fba90888864d17313873a984ac79a3677c1d62aac943f991,
2148,ROSACEAE,Rosa elliptica,NO_API_TAXON,False,KEEP_TAXONIC_RESPONSE,2026-08-19T17:29:43.545154+00:00,EXACT_CANONICAL_FOUND,Rosa elliptica,Rosa elliptica,Tausch,Synonym,,2970451,2969013,6ff1e084d7e1de5bce526a9952c96fbb0f13b4f2c615b0fc30c055f88bfb5483,,EXACT_CANONICAL_FOUND,Rosa elliptica,Rosa elliptica,Tausch ex Tratt.,Unchecked,,,wfo-0001003297,ccfc7e3ca85c8b80aa96eb52d4e50e07e1811d28916b544280d8a4f1a043ba72,,EXACT_CANONICAL_FOUND,Rosa elliptica,Rosa elliptica Tausch,Tausch,,,,FUND. BIODIVERSIDAD:ANTHOS:966356,e6e19630a9415359fba90888864d17313873a984ac79a3677c1d62aac943f991,
2149,ROSACEAE,Rosa foetida,NO_API_TAXON,False,KEEP_TAXONIC_RESPONSE,2026-08-19T17:29:43.545169+00:00,EXACT_CANONICAL_FOUND,Rosa foetida,Rosa foetida,Bastard,Illegitimate,,2975180,2969243,6ff1e084d7e1de5bce526a9952c96fbb0f13b4f2c615b0fc30c055f88bfb5483,,EXACT_CANONICAL_FOUND,Rosa foetida,Rosa foetida,Bastard,Synonym,,wfo-0001006360,wfo-0001001305,ccfc7e3ca85c8b80aa96eb52d4e50e07e1811d28916b544280d8a4f1a043ba72,,EXACT_CANONICAL_FOUND,Rosa foetida,Rosa foetida Herrm.,Herrm.,,,,FUND. BIODIVERSIDAD:ANTHOS:90662,e6e19630a9415359fba90888864d17313873a984ac79a3677c1d62aac943f991,
2150,ROSACEAE,Rosa micrantha,NO_API_TAXON,False,KEEP_TAXONIC_RESPONSE,2026-08-19T17:29:43.545181+00:00,EXACT_CANONICAL_FOUND,Rosa micrantha,Rosa micrantha,DC.,Illegitimate,,2970451,2971249,6ff1e084d7e1de5bce526a9952c96fbb0f13b4f2c615b0fc30c055f88bfb5483,,EXACT_CANONICAL_FOUND,Rosa micrantha,Rosa micrantha,Borrer,Accepted,,,wfo-0000984236,ccfc7e3ca85c8b80aa96eb52d4e50e07e1811d28916b544280d8a4f1a043ba72,,EXACT_CANONICAL_FOUND,Rosa micrantha,Rosa micrantha Borrer ex Sm.,Borrer ex Sm.,,,,FUND. BIODIVERSIDAD:ANTHOS:24026,e6e19630a9415359fba90888864d17313873a984ac79a3677c1d62aac943f991,
2151,ROSACEAE,Rosa moschata,NO_API_TAXON,False,KEEP_TAXONIC_RESPONSE,2026-08-19T17:29:43.545352+00:00,EXACT_CANONICAL_FOUND,Rosa moschata,Rosa moschata,Herrm.,Accepted,,2971825,2971825,6ff1e084d7e1de5bce526a9952c96fbb0f13b4f2c615b0fc30c055f88bfb5483,,EXACT_CANONICAL_FOUND,Rosa moschata,Rosa moschata,Benth.,Unchecked,,,wfo-0000991297,ccfc7e3ca85c8b80aa96eb52d4e50e07e1811d28916b544280d8a4f1a043ba72,,EXACT_CANONICAL_FOUND,Rosa moschata,Rosa moschata Herrm.,Herrm.,,,,FUND. BIODIVERSIDAD:ANTHOS:905587,e6e19630a9415359fba90888864d17313873a984ac79a3677c1d62aac943f991,
2152,ROSACEAE,Rosa nitidula,NO_API_TAXON,False,KEEP_TAXONIC_RESPONSE,2026-08-19T17:29:43.545365+00:00,EXACT_CANONICAL_FOUND,Rosa nitidula,Rosa × nitidula,Besser,Accepted,,2972026,2972026,6ff1e084d7e1de5bce526a9952c96fbb0f13b4f2c615b0fc30c055f88bfb5483,,EXACT_CANONICAL_FOUND,Rosa nitidula,Rosa × nitidula,Besser,Accepted,,,wfo-0000997291,ccfc7e3ca85c8b80aa96eb52d4e50e07e1811d28916b544280d8a4f1a043ba72,,EXACT_CANONICAL_NOT_FOUND,,,,,,,,e6e19630a9415359fba90888864d17313873a984ac79a3677c1d62aac943f991,
2154,ROSACEAE,Rosa pimpinellifolia,NO_API_TAXON,False,KEEP_TAXONIC_RESPONSE,2026-08-19T17:29:43.545382+00:00,EXACT_CANONICAL_FOUND,Rosa pimpinellifolia,Rosa pimpinellifolia,Vill.,Misapplied,,2921967,2972590,6ff1e084d7e1de5bce526a9952c96fbb0f13b4f2c615b0fc30c055f88bfb5483,,EXACT_CANONICAL_FOUND,Rosa pimpinellifolia,Rosa pimpinellifolia,Bunge,Synonym,,wfo-0001014513,wfo-0001004511,ccfc7e3ca85c8b80aa96eb52d4e50e07e1811d28916b544280d8a4f1a043ba72,,EXACT_CANONICAL_FOUND,Rosa pimpinellifolia,Rosa pimpinellifolia L.,L.,,,,FUND. BIODIVERSIDAD:ANTHOS:23912,e6e19630a9415359fba90888864d17313873a984ac79a3677c1d62aac943f991,
2155,ROSACEAE,Rosa pouzinii,NO_API_TAXON,False,KEEP_TAXONIC_RESPONSE,2026-08-19T17:29:43.545395+00:00,EXACT_CANONICAL_FOUND,Rosa pouzinii,Rosa pouzinii,Tratt.,Accepted,,2972935,2972935,6ff1e084d7e1de5bce526a9952c96fbb0f13b4f2c615b0fc30c055f88bfb5483,,EXACT_CANONICAL_FOUND,Rosa pouzinii,Rosa pouzinii,Tratt.,Accepted,,,wfo-0001019095,ccfc7e3ca85c8b80aa96eb52d4e50e07e1811d28916b544280d8a4f1a043ba72,,EXACT_CANONICAL_FOUND,Rosa pouzinii,Rosa pouzinii Tratt.,Tratt.,,,,FUND. BIODIVERSIDAD:ANTHOS:23986,e6e19630a9415359fba90888864d17313873a984ac79a3677c1d62aac943f991,
2157,ROSACEAE,Rosa sicula,NO_API_TAXON,False,KEEP_TAXONIC_RESPONSE,2026-08-19T17:29:43.545408+00:00,EXACT_CANONICAL_FOUND,Rosa sicula,Rosa sicula,Tratt.,Synonym,,2973158,2974361,6ff1e084d7e1de5bce526a9952c96fbb0f13b4f2c615b0fc30c055f88bfb5483,,EXACT_CANONICAL_FOUND,Rosa sicula,Rosa sicula,Crép.,Unchecked,,,wfo-0001009198,ccfc7e3ca85c8b80aa96eb52d4e50e07e1811d28916b544280d8a4f1a043ba72,,EXACT_CANONICAL_FOUND,Rosa sicula,Rosa sicula Tratt.,Tratt.,,,,FUND. BIODIVERSIDAD:ANTHOS:67054,e6e19630a9415359fba90888864d17313873a984ac79a3677c1d62aac943f991,
2158,ROSACEAE,Rosa squarrosa,NO_API_TAXON,False,KEEP_TAXONIC_RESPONSE,2026-08-19T17:29:43.545426+00:00,EXACT_CANONICAL_FOUND,Rosa squarrosa,Rosa squarrosa,(A.Rau) Boreau,Accepted,,2974664,2974664,6ff1e084d7e1de5bce526a9952c96fbb0f13b4f2c615b0fc30c055f88bfb5483,,EXACT_CANONICAL_FOUND,Rosa squarrosa,Rosa squarrosa,(A.Rau) Boreau,Accepted,,,wfo-0001018961,ccfc7e3ca85c8b80aa96eb52d4e50e07e1811d28916b544280d8a4f1a043ba72,,EXACT_CANONICAL_FOUND,Rosa squarrosa,Rosa squarrosa (A. Rau) Boreau,(A. Rau) Boreau,,,,FUND. BIODIVERSIDAD:ANTHOS:79896,e6e19630a9415359fba90888864d17313873a984ac79a3677c1d62aac943f991,
2166,ROSACEAE,Rubus caesius x R. ulmifolius,NO_EXACT_MATCH,False,NO_RESPONSE_ALL_THREE,2026-08-19T17:29:43.545439+00:00,EXACT_CANONICAL_NOT_FOUND,,,,,,,,6ff1e084d7e1de5bce526a9952c96fbb0f13b4f2c615b0fc30c055f88bfb5483,,EXACT_CANONICAL_NOT_FOUND,,,,,,,,ccfc7e3ca85c8b80aa96eb52d4e50e07e1811d28916b544280d8a4f1a043ba72,,EXACT_CANONICAL_NOT_FOUND,,,,,,,,e6e19630a9415359fba90888864d17313873a984ac79a3677c1d62aac943f991,
2168,ROSACEAE,Rubus castroviejoi,NO_API_TAXON,False,KEEP_TAXONIC_RESPONSE,2026-08-19T17:29:43.545457+00:00,EXACT_CANONICAL_FOUND,Rubus castroviejoi,Rubus castroviejoi,Mon.-Huelin,Accepted,,2978193,2978193,6ff1e084d7e1de5bce526a9952c96fbb0f13b4f2c615b0fc30c055f88bfb5483,,EXACT_CANONICAL_FOUND,Rubus castroviejoi,Rubus castroviejoi,Mon.-Huelin,Accepted,,,wfo-0001007679,ccfc7e3ca85c8b80aa96eb52d4e50e07e1811d28916b544280d8a4f1a043ba72,,EXACT_CANONICAL_FOUND,Rubus castroviejoi,Rubus castroviejoi Monasterio-Huelin,Monasterio-Huelin,,,,FUND. BIODIVERSIDAD:ANTHOS:84445,e6e19630a9415359fba90888864d17313873a984ac79a3677c1d62aac943f991,
2169,ROSACEAE,Rubus henriquesii,NO_API_TAXON,False,KEEP_TAXONIC_RESPONSE,2026-08-19T17:29:43.545471+00:00,EXACT_CANONICAL_FOUND,Rubus henriquesii,Rubus henriquesii,Samp.,Accepted,,2981345,2981345,6ff1e084d7e1de5bce526a9952c96fbb0f13b4f2c615b0fc30c055f88bfb5483,,EXACT_CANONICAL_FOUND,Rubus henriquesii,Rubus henriquesii,Samp.,Accepted,,,wfo-0001019066,ccfc7e3ca85c8b80aa96eb52d4e50e07e1811d28916b544280d8a4f1a043ba72,,EXACT_CANONICAL_FOUND,Rubus henriquesii,Rubus henriquesii Samp.,Samp.,,,,FUND. BIODIVERSIDAD:ANTHOS:90659,e6e19630a9415359fba90888864d17313873a984ac79a3677c1d62aac943f991,
2171,ROSACEAE,Rubus lucensis,NO_API_TAXON,False,KEEP_TAXONIC_RESPONSE,2026-08-19T17:29:43.545487+00:00,EXACT_CANONICAL_FOUND,Rubus lucensis,Rubus lucensis,H.E.Weber & Mon.-Huelin,Accepted,,2983356,2983356,6ff1e084d7e1de5bce526a9952c96fbb0f13b4f2c615b0fc30c055f88bfb5483,,EXACT_CANONICAL_FOUND,Rubus lucensis,Rubus lucensis,H.E.Weber & Mon.-Huelin,Accepted,,,wfo-0001005759,ccfc7e3ca85c8b80aa96eb52d4e50e07e1811d28916b544280d8a4f1a043ba72,,EXACT_CANONICAL_FOUND,Rubus lucensis,Rubus lucensis H.E. Weber & Monasterio-Huelin,H.E. Weber & Monasterio-Huelin,,,,FUND. BIODIVERSIDAD:ANTHOS:2145511,e6e19630a9415359fba90888864d17313873a984ac79a3677c1d62aac943f991,
2172,ROSACEAE,Rubus radula,NO_API_TAXON,False,KEEP_TAXONIC_RESPONSE,2026-08-19T17:29:43.545500+00:00,EXACT_CANONICAL_FOUND,Rubus radula,Rubus radula,Weihe,Accepted,,2986492,2986492,6ff1e084d7e1de5bce526a9952c96fbb0f13b4f2c615b0fc30c055f88bfb5483,,EXACT_CANONICAL_FOUND,Rubus radula,Rubus radula,Weihe,Accepted,,,wfo-0001006576,ccfc7e3ca85c8b80aa96eb52d4e50e07e1811d28916b544280d8a4f1a043ba72,,EXACT_CANONICAL_FOUND,Rubus radula,Rubus radula Weihe in Boenn.,Weihe in Boenn.,,,,FUND. BIODIVERSIDAD:ANTHOS:67028,e6e19630a9415359fba90888864d17313873a984ac79a3677c1d62aac943f991,
2174,ROSACEAE,Rubus urbionicus,NO_API_TAXON,False,KEEP_TAXONIC_RESPONSE,2026-08-19T17:29:43.545515+00:00,EXACT_CANONICAL_FOUND,Rubus urbionicus,Rubus urbionicus,Mon.-Huelin,Accepted,,2989956,2989956,6ff1e084d7e1de5bce526a9952c96fbb0f13b4f2c615b0fc30c055f88bfb5483,,EXACT_CANONICAL_FOUND,Rubus urbionicus,Rubus urbionicus,Mon.-Huelin,Accepted,,,wfo-0001007681,ccfc7e3ca85c8b80aa96eb52d4e50e07e1811d28916b544280d8a4f1a043ba72,,EXACT_CANONICAL_FOUND,Rubus urbionicus,Rubus urbionicus Monasterio-Huelin,Monasterio-Huelin,,,,FUND. BIODIVERSIDAD:ANTHOS:983820,e6e19630a9415359fba90888864d17313873a984ac79a3677c1d62aac943f991,
2175,ROSACEAE,Rubus vagabundus,NO_API_TAXON,False,KEEP_TAXONIC_RESPONSE,2026-08-19T17:29:43.545528+00:00,EXACT_CANONICAL_FOUND,Rubus vagabundus,Rubus vagabundus,Samp.,Accepted,,2989990,2989990,6ff1e084d7e1de5bce526a9952c96fbb0f13b4f2c615b0fc30c055f88bfb5483,,EXACT_CANONICAL_FOUND,Rubus vagabundus,Rubus vagabundus,Samp.,Accepted,,,wfo-0001018769,ccfc7e3ca85c8b80aa96eb52d4e50e07e1811d28916b544280d8a4f1a043ba72,,EXACT_CANONICAL_FOUND,Rubus vagabundus,Rubus vagabundus Samp.,Samp.,,,,FUND. BIODIVERSIDAD:ANTHOS:84453,e6e19630a9415359fba90888864d17313873a984ac79a3677c1d62aac943f991,
2176,ROSACEAE,Rubus vestitus,NO_API_TAXON,False,KEEP_TAXONIC_RESPONSE,2026-08-19T17:29:43.545543+00:00,EXACT_CANONICAL_FOUND,Rubus vestitus,Rubus vestitus,Weihe,Accepted,,2990136,2990136,6ff1e084d7e1de5bce526a9952c96fbb0f13b4f2c615b0fc30c055f88bfb5483,,EXACT_CANONICAL_FOUND,Rubus vestitus,Rubus vestitus,Weihe,Accepted,,,wfo-0000985749,ccfc7e3ca85c8b80aa96eb52d4e50e07e1811d28916b544280d8a4f1a043ba72,,EXACT_CANONICAL_FOUND,Rubus vestitus,Rubus vestitus Weihe in Bluff & Fingerh.,Weihe in Bluff & Fingerh.,,,,FUND. BIODIVERSIDAD:ANTHOS:1134968,e6e19630a9415359fba90888864d17313873a984ac79a3677c1d62aac943f991,
2177,ROSACEAE,Rubus vigoi,NO_API_TAXON,False,KEEP_TAXONIC_RESPONSE,2026-08-19T17:29:43.545558+00:00,EXACT_CANONICAL_FOUND,Rubus vigoi,Rubus vigoi,"Roselló, Peris & Stübing",Accepted,,2990212,2990212,6ff1e084d7e1de5bce526a9952c96fbb0f13b4f2c615b0fc30c055f88bfb5483,,EXACT_CANONICAL_FOUND,Rubus vigoi,Rubus vigoi,"Roselló, Peris & Stübing",Accepted,,,wfo-0001004619,ccfc7e3ca85c8b80aa96eb52d4e50e07e1811d28916b544280d8a4f1a043ba72,,EXACT_CANONICAL_FOUND,Rubus vigoi,"Rubus vigoi R. Roselló, Peris & Stübing","R. Roselló, Peris & Stübing",,,,FUND. BIODIVERSIDAD:ANTHOS:492450,e6e19630a9415359fba90888864d17313873a984ac79a3677c1d62aac943f991,
2178,POLYGONACEAE,Rumex acetosa,NO_API_TAXON,False,KEEP_TAXONIC_RESPONSE,2026-08-19T17:29:43.545571+00:00,EXACT_CANONICAL_FOUND,Rumex acetosa,Rumex acetosa,L.,Accepted,,2424198,2424198,6ff1e084d7e1de5bce526a9952c96fbb0f13b4f2c615b0fc30c055f88bfb5483,,EXACT_CANONICAL_FOUND,Rumex acetosa,Rumex acetosa,L.,Accepted,,,wfo-0000403595,ccfc7e3ca85c8b80aa96eb52d4e50e07e1811d28916b544280d8a4f1a043ba72,,EXACT_CANONICAL_FOUND,Rumex acetosa,Rumex acetosa L.,L.,,,,FUND. BIODIVERSIDAD:ANTHOS:20650,e6e19630a9415359fba90888864d17313873a984ac79a3677c1d62aac943f991,
2179,POLYGONACEAE,Rumex acetosa subsp. acetosa,NO_API_TAXON,False,KEEP_TAXONIC_RESPONSE,2026-08-19T17:29:43.545588+00:00,EXACT_CANONICAL_FOUND,Rumex acetosa subsp. acetosa,Rumex acetosa subsp. acetosa,,Accepted,,3258349,3258349,6ff1e084d7e1de5bce526a9952c96fbb0f13b4f2c615b0fc30c055f88bfb5483,,EXACT_CANONICAL_FOUND,Rumex acetosa subsp. acetosa,Rumex acetosa subsp. acetosa,,Synonym,,wfo-0000403595,wfo-0001101261,ccfc7e3ca85c8b80aa96eb52d4e50e07e1811d28916b544280d8a4f1a043ba72,,EXACT_CANONICAL_FOUND,Rumex acetosa subsp. acetosa,Rumex acetosa subsp. acetosa L.,L.,,,,FUND. BIODIVERSIDAD:ANTHOS:58751,e6e19630a9415359fba90888864d17313873a984ac79a3677c1d62aac943f991,
2180,POLYGONACEAE,Rumex acetosella subsp. angiocarpus,NO_EXACT_MATCH,False,KEEP_TAXONIC_RESPONSE,2026-08-19T17:29:43.545606+00:00,EXACT_CANONICAL_FOUND,Rumex acetosella subsp. angiocarpus,Rumex acetosella subsp. angiocarpus,(Murb.) Murb.,Accepted,,2873158,2873158,6ff1e084d7e1de5bce526a9952c96fbb0f13b4f2c615b0fc30c055f88bfb5483,,EXACT_CANONICAL_FOUND,Rumex acetosella subsp. angiocarpus,Rumex acetosella subsp. angiocarpus,(Murb.) Murb.,Accepted,,,wfo-0000737366,ccfc7e3ca85c8b80aa96eb52d4e50e07e1811d28916b544280d8a4f1a043ba72,,EXACT_CANONICAL_FOUND,Rumex acetosella subsp. angiocarpus,Rumex acetosella subsp. angiocarpus (Murb.) Murb.,(Murb.) Murb.,,,,FUND. BIODIVERSIDAD:ANTHOS:1124520,e6e19630a9415359fba90888864d17313873a984ac79a3677c1d62aac943f991,
2181,POLYGONACEAE,Rumex aquitanicus,NO_API_TAXON,False,KEEP_TAXONIC_RESPONSE,2026-08-19T17:29:43.545620+00:00,EXACT_CANONICAL_FOUND,Rumex aquitanicus,Rumex aquitanicus,Rech.f.,Accepted,,2424115,2424115,6ff1e084d7e1de5bce526a9952c96fbb0f13b4f2c615b0fc30c055f88bfb5483,,EXACT_CANONICAL_FOUND,Rumex aquitanicus,Rumex aquitanicus,Rechinger,Accepted,,,wfo-0000403538,ccfc7e3ca85c8b80aa96eb52d4e50e07e1811d28916b544280d8a4f1a043ba72,,EXACT_CANONICAL_FOUND,Rumex aquitanicus,Rumex aquitanicus Rech. fil.,Rech. fil.,,,,FUND. BIODIVERSIDAD:ANTHOS:966442,e6e19630a9415359fba90888864d17313873a984ac79a3677c1d62aac943f991,
2182,POLYGONACEAE,Rumex bucephalophorus subsp. gallicus,NO_EXACT_MATCH,False,KEEP_TAXONIC_RESPONSE,2026-08-19T17:29:43.545637+00:00,EXACT_CANONICAL_FOUND,Rumex bucephalophorus subsp. gallicus,Rumex bucephalophorus subsp. gallicus,(Steinh.) Rech.f.,Accepted,,2869592,2869592,6ff1e084d7e1de5bce526a9952c96fbb0f13b4f2c615b0fc30c055f88bfb5483,,EXACT_CANONICAL_FOUND,Rumex bucephalophorus subsp. gallicus,Rumex bucephalophorus subsp. gallicus,(Steinh.) Rchb.f.,Accepted,,,wfo-0000734137,ccfc7e3ca85c8b80aa96eb52d4e50e07e1811d28916b544280d8a4f1a043ba72,,EXACT_CANONICAL_FOUND,Rumex bucephalophorus subsp. gallicus,Rumex bucephalophorus subsp. gallicus (Steinh.) Rech. fil.,(Steinh.) Rech. fil.,,,,FUND. BIODIVERSIDAD:ANTHOS:58757,e6e19630a9415359fba90888864d17313873a984ac79a3677c1d62aac943f991,
2186,POLYGONACEAE,Rumex induratus,NO_API_TAXON,False,KEEP_TAXONIC_RESPONSE,2026-08-19T17:29:43.545652+00:00,EXACT_CANONICAL_FOUND,Rumex induratus,Rumex induratus,Boiss. & Reut.,Accepted,,2424079,2424079,6ff1e084d7e1de5bce526a9952c96fbb0f13b4f2c615b0fc30c055f88bfb5483,,EXACT_CANONICAL_FOUND,Rumex induratus,Rumex induratus,Boiss. & Reut.,Synonym,,wfo-0000404042,wfo-0000403506,ccfc7e3ca85c8b80aa96eb52d4e50e07e1811d28916b544280d8a4f1a043ba72,,EXACT_CANONICAL_FOUND,Rumex induratus,Rumex induratus Boiss. & Reut.,Boiss. & Reut.,,,,FUND. BIODIVERSIDAD:ANTHOS:1125186,e6e19630a9415359fba90888864d17313873a984ac79a3677c1d62aac943f991,
2187,POLYGONACEAE,Rumex intermedius,NO_API_TAXON,False,KEEP_TAXONIC_RESPONSE,2026-08-19T17:29:43.545666+00:00,EXACT_CANONICAL_FOUND,Rumex intermedius,Rumex intermedius,Guss.,Illegitimate,,2418222,2424086,6ff1e084d7e1de5bce526a9952c96fbb0f13b4f2c615b0fc30c055f88bfb5483,,EXACT_CANONICAL_FOUND,Rumex intermedius,Rumex intermedius,DC.,Accepted,,,wfo-0000403513,ccfc7e3ca85c8b80aa96eb52d4e50e07e1811d28916b544280d8a4f1a043ba72,,EXACT_CANONICAL_FOUND,Rumex intermedius,Rumex intermedius DC. in Lam. & DC.,DC. in Lam. & DC.,,,,FUND. BIODIVERSIDAD:ANTHOS:20667,e6e19630a9415359fba90888864d17313873a984ac79a3677c1d62aac943f991,
2190,POLYGONACEAE,Rumex papillaris,NO_API_TAXON,False,KEEP_TAXONIC_RESPONSE,2026-08-19T17:29:43.545681+00:00,EXACT_CANONICAL_FOUND,Rumex papillaris,Rumex papillaris,Boiss. & Reut.,Accepted,,2424684,2424684,6ff1e084d7e1de5bce526a9952c96fbb0f13b4f2c615b0fc30c055f88bfb5483,,EXACT_CANONICAL_FOUND,Rumex papillaris,Rumex papillaris,Boiss. & Reut.,Synonym,,wfo-0000734078,wfo-0000403941,ccfc7e3ca85c8b80aa96eb52d4e50e07e1811d28916b544280d8a4f1a043ba72,,EXACT_CANONICAL_FOUND,Rumex papillaris,Rumex papillaris Boiss. & Reut.,Boiss. & Reut.,,,,FUND. BIODIVERSIDAD:ANTHOS:50721,e6e19630a9415359fba90888864d17313873a984ac79a3677c1d62aac943f991,
2192,POLYGONACEAE,Rumex pulcher subsp. woodsii,NO_EXACT_MATCH,False,KEEP_TAXONIC_RESPONSE,2026-08-19T17:29:43.545699+00:00,EXACT_CANONICAL_FOUND,Rumex pulcher subsp. woodsii,Rumex pulcher subsp. woodsii,(De Not.) Arcang.,Accepted,,2869551,2869551,6ff1e084d7e1de5bce526a9952c96fbb0f13b4f2c615b0fc30c055f88bfb5483,,EXACT_CANONICAL_FOUND,Rumex pulcher subsp. woodsii,Rumex pulcher subsp. woodsii,(De Not.) Arcang.,Accepted,,,wfo-0000734102,ccfc7e3ca85c8b80aa96eb52d4e50e07e1811d28916b544280d8a4f1a043ba72,,EXACT_CANONICAL_FOUND,Rumex pulcher subsp. woodsii,Rumex pulcher subsp. woodsii (De Not.) Arcang.,(De Not.) Arcang.,,,,FUND. BIODIVERSIDAD:ANTHOS:59246,e6e19630a9415359fba90888864d17313873a984ac79a3677c1d62aac943f991,
2196,POLYGONACEAE,Rumex suffruticosus,NO_API_TAXON,False,KEEP_TAXONIC_RESPONSE,2026-08-19T17:29:43.545714+00:00,EXACT_CANONICAL_FOUND,Rumex suffruticosus,Rumex suffruticosus,J.Gay ex Meisn.,Accepted,,2418233,2418233,6ff1e084d7e1de5bce526a9952c96fbb0f13b4f2c615b0fc30c055f88bfb5483,,EXACT_CANONICAL_FOUND,Rumex suffruticosus,Rumex suffruticosus,J.Gay ex Meisn.,Accepted,,,wfo-0000400084,ccfc7e3ca85c8b80aa96eb52d4e50e07e1811d28916b544280d8a4f1a043ba72,,EXACT_CANONICAL_FOUND,Rumex suffruticosus,Rumex suffruticosus J. Gay ex Willk.,J. Gay ex Willk.,,,,FUND. BIODIVERSIDAD:ANTHOS:66229,e6e19630a9415359fba90888864d17313873a984ac79a3677c1d62aac943f991,
2199,RUTACEAE,Ruta angustifolia,NO_API_TAXON,False,KEEP_TAXONIC_RESPONSE,2026-08-19T17:29:43.545727+00:00,EXACT_CANONICAL_FOUND,Ruta angustifolia,Ruta angustifolia,Pers.,Accepted,,2527510,2527510,6ff1e084d7e1de5bce526a9952c96fbb0f13b4f2c615b0fc30c055f88bfb5483,,EXACT_CANONICAL_FOUND,Ruta angustifolia,Ruta angustifolia,Pers.,Accepted,,,wfo-0000463817,ccfc7e3ca85c8b80aa96eb52d4e50e07e1811d28916b544280d8a4f1a043ba72,,EXACT_CANONICAL_FOUND,Ruta angustifolia,Ruta angustifolia Pers.,Pers.,,,,FUND. BIODIVERSIDAD:ANTHOS:26487,e6e19630a9415359fba90888864d17313873a984ac79a3677c1d62aac943f991,
2204,CARYOPHYLLACEAE,Sagina sabuletorum,NO_API_TAXON,False,KEEP_TAXONIC_RESPONSE,2026-08-19T17:29:43.545741+00:00,EXACT_CANONICAL_FOUND,Sagina sabuletorum,Sagina sabuletorum,(J.Gay) Lange,Accepted,,2485282,2485282,6ff1e084d7e1de5bce526a9952c96fbb0f13b4f2c615b0fc30c055f88bfb5483,,EXACT_CANONICAL_FOUND,Sagina sabuletorum,Sagina sabuletorum,J.Gay ex Lange,Accepted,,,wfo-0000438488,ccfc7e3ca85c8b80aa96eb52d4e50e07e1811d28916b544280d8a4f1a043ba72,,EXACT_CANONICAL_FOUND,Sagina sabuletorum,Sagina sabuletorum J. Gay ex Lange,J. Gay ex Lange,,,,FUND. BIODIVERSIDAD:ANTHOS:66037,e6e19630a9415359fba90888864d17313873a984ac79a3677c1d62aac943f991,
2206,AMARANTHACEAE,Salicornia patula,NO_API_TAXON,False,KEEP_TAXONIC_RESPONSE,2026-08-19T17:29:43.545755+00:00,EXACT_CANONICAL_FOUND,Salicornia patula,Salicornia patula,Duval-Jouve,Synonym,,3259202,2480876,6ff1e084d7e1de5bce526a9952c96fbb0f13b4f2c615b0fc30c055f88bfb5483,,EXACT_CANONICAL_FOUND,Salicornia patula,Salicornia patula,Duval-Jouve,Accepted,,,wfo-0000435587,ccfc7e3ca85c8b80aa96eb52d4e50e07e1811d28916b544280d8a4f1a043ba72,,EXACT_CANONICAL_NOT_FOUND,,,,,,,,e6e19630a9415359fba90888864d17313873a984ac79a3677c1d62aac943f991,
2207,AMARANTHACEAE,Salicornia ramosissima,NO_API_TAXON,False,KEEP_TAXONIC_RESPONSE,2026-08-19T17:29:43.545771+00:00,EXACT_CANONICAL_FOUND,Salicornia ramosissima,Salicornia ramosissima,(Hook.f.) J.Woods ex W.A.Clarke & E.S.Marshall,Synonym,,2480947,2912544,6ff1e084d7e1de5bce526a9952c96fbb0f13b4f2c615b0fc30c055f88bfb5483,,EXACT_CANONICAL_FOUND,Salicornia ramosissima,Salicornia ramosissima,J.Woods,Accepted,,,wfo-0000435580,ccfc7e3ca85c8b80aa96eb52d4e50e07e1811d28916b544280d8a4f1a043ba72,,EXACT_CANONICAL_FOUND,Salicornia ramosissima,Salicornia ramosissima Woods,Woods,,,,FUND. BIODIVERSIDAD:ANTHOS:20879,e6e19630a9415359fba90888864d17313873a984ac79a3677c1d62aac943f991,
2210,SALICACEAE,Salix atrocinerea x S. caprea,NO_EXACT_MATCH,False,NO_RESPONSE_ALL_THREE,2026-08-19T17:29:43.545786+00:00,EXACT_CANONICAL_NOT_FOUND,,,,,,,,6ff1e084d7e1de5bce526a9952c96fbb0f13b4f2c615b0fc30c055f88bfb5483,,EXACT_CANONICAL_NOT_FOUND,,,,,,,,ccfc7e3ca85c8b80aa96eb52d4e50e07e1811d28916b544280d8a4f1a043ba72,,EXACT_CANONICAL_NOT_FOUND,,,,,,,,e6e19630a9415359fba90888864d17313873a984ac79a3677c1d62aac943f991,
2212,SALICACEAE,Salix cantabrica,NO_API_TAXON,False,KEEP_TAXONIC_RESPONSE,2026-08-19T17:29:43.545801+00:00,EXACT_CANONICAL_FOUND,Salix cantabrica,Salix cantabrica,Rech.f.,Accepted,,2919219,2919219,6ff1e084d7e1de5bce526a9952c96fbb0f13b4f2c615b0fc30c055f88bfb5483,,EXACT_CANONICAL_FOUND,Salix cantabrica,Salix cantabrica,Rech.f.,Synonym,,wfo-0000929272,wfo-0000929319,ccfc7e3ca85c8b80aa96eb52d4e50e07e1811d28916b544280d8a4f1a043ba72,,EXACT_CANONICAL_FOUND,Salix cantabrica,Salix cantabrica Rech. fil.,Rech. fil.,,,,FUND. BIODIVERSIDAD:ANTHOS:107372,e6e19630a9415359fba90888864d17313873a984ac79a3677c1d62aac943f991,
2217,SALICACEAE,Salix purpurea var. lambertiana,NO_EXACT_MATCH,False,KEEP_TAXONIC_RESPONSE,2026-08-19T17:29:43.545816+00:00,EXACT_CANONICAL_FOUND,Salix purpurea var. lambertiana,Salix purpurea var. lambertiana,(Sm.) W.D.J.Koch,Synonym,,2918206,2922243,6ff1e084d7e1de5bce526a9952c96fbb0f13b4f2c615b0fc30c055f88bfb5483,,EXACT_CANONICAL_FOUND,Salix purpurea var. lambertiana,Salix purpurea var. lambertiana,(Sm.) W.D.J.Koch,Unchecked,,,wfo-1200010284,ccfc7e3ca85c8b80aa96eb52d4e50e07e1811d28916b544280d8a4f1a043ba72,,EXACT_CANONICAL_NOT_FOUND,,,,,,,,e6e19630a9415359fba90888864d17313873a984ac79a3677c1d62aac943f991,
2218,SALICACEAE,Salix salvifolia,NO_API_TAXON,False,NO_RESPONSE_ALL_THREE,2026-08-19T17:29:43.545829+00:00,EXACT_CANONICAL_NOT_FOUND,,,,,,,,6ff1e084d7e1de5bce526a9952c96fbb0f13b4f2c615b0fc30c055f88bfb5483,,EXACT_CANONICAL_NOT_FOUND,,,,,,,,ccfc7e3ca85c8b80aa96eb52d4e50e07e1811d28916b544280d8a4f1a043ba72,,EXACT_CANONICAL_NOT_FOUND,,,,,,,,e6e19630a9415359fba90888864d17313873a984ac79a3677c1d62aac943f991,
2221,SALICACEAE,Salix x neotricha,UNPARSABLE_NAME,False,NO_RESPONSE_ALL_THREE,2026-08-19T17:29:43.545841+00:00,EXACT_CANONICAL_NOT_FOUND,,,,,,,,6ff1e084d7e1de5bce526a9952c96fbb0f13b4f2c615b0fc30c055f88bfb5483,,EXACT_CANONICAL_NOT_FOUND,,,,,,,,ccfc7e3ca85c8b80aa96eb52d4e50e07e1811d28916b544280d8a4f1a043ba72,,EXACT_CANONICAL_NOT_FOUND,,,,,,,,e6e19630a9415359fba90888864d17313873a984ac79a3677c1d62aac943f991,
2222,SALICACEAE,Salix x rubens,UNPARSABLE_NAME,False,NO_RESPONSE_ALL_THREE,2026-08-19T17:29:43.545854+00:00,EXACT_CANONICAL_NOT_FOUND,,,,,,,,6ff1e084d7e1de5bce526a9952c96fbb0f13b4f2c615b0fc30c055f88bfb5483,,EXACT_CANONICAL_NOT_FOUND,,,,,,,,ccfc7e3ca85c8b80aa96eb52d4e50e07e1811d28916b544280d8a4f1a043ba72,,EXACT_CANONICAL_NOT_FOUND,,,,,,,,e6e19630a9415359fba90888864d17313873a984ac79a3677c1d62aac943f991,
2223,AMARANTHACEAE,Salsola kali,NO_API_TAXON,False,KEEP_TAXONIC_RESPONSE,2026-08-19T17:29:43.545866+00:00,EXACT_CANONICAL_FOUND,Salsola kali,Salsola kali,L.,Accepted,,2481347,2481347,6ff1e084d7e1de5bce526a9952c96fbb0f13b4f2c615b0fc30c055f88bfb5483,,EXACT_CANONICAL_FOUND,Salsola kali,Salsola kali,L.,Accepted,,,wfo-0000435928,ccfc7e3ca85c8b80aa96eb52d4e50e07e1811d28916b544280d8a4f1a043ba72,,EXACT_CANONICAL_FOUND,Salsola kali,Salsola kali L.,L.,,,,FUND. BIODIVERSIDAD:ANTHOS:20895,e6e19630a9415359fba90888864d17313873a984ac79a3677c1d62aac943f991,
2224,AMARANTHACEAE,Salsola vermiculata,NO_API_TAXON,False,KEEP_TAXONIC_RESPONSE,2026-08-19T17:29:43.545887+00:00,EXACT_CANONICAL_FOUND,Salsola vermiculata,Salsola vermiculata,L.,Synonym,,2606579,2484195,6ff1e084d7e1de5bce526a9952c96fbb0f13b4f2c615b0fc30c055f88bfb5483,,EXACT_CANONICAL_FOUND,Salsola vermiculata,Salsola vermiculata,L.,Accepted,,,wfo-0000437736,ccfc7e3ca85c8b80aa96eb52d4e50e07e1811d28916b544280d8a4f1a043ba72,,EXACT_CANONICAL_FOUND,Salsola vermiculata,Salsola vermiculata L.,L.,,,,FUND. BIODIVERSIDAD:ANTHOS:20904,e6e19630a9415359fba90888864d17313873a984ac79a3677c1d62aac943f991,
2234,ROSACEAE,Sanguisorba minor subsp. balearica,NO_EXACT_MATCH,False,KEEP_TAXONIC_RESPONSE,2026-08-19T17:29:43.545910+00:00,EXACT_CANONICAL_FOUND,Sanguisorba minor subsp. balearica,Sanguisorba minor subsp. balearica,(Bourg. ex Nyman) Muñoz Garm. & C.Navarro,Accepted,,2990837,2990837,6ff1e084d7e1de5bce526a9952c96fbb0f13b4f2c615b0fc30c055f88bfb5483,,EXACT_CANONICAL_FOUND,Sanguisorba minor subsp. balearica,Sanguisorba minor subsp. balearica,(Bourg. ex Nyman) Muñoz Garm. & C.Navarro,Accepted,,,wfo-0001005675,ccfc7e3ca85c8b80aa96eb52d4e50e07e1811d28916b544280d8a4f1a043ba72,,EXACT_CANONICAL_FOUND,Sanguisorba minor subsp. balearica,Sanguisorba minor subsp. balearica (Bourg. ex Nyman) Muñoz Garm. & C. Navarro,(Bourg. ex Nyman) Muñoz Garm. & C. Navarro,,,,FUND. BIODIVERSIDAD:ANTHOS:24087,e6e19630a9415359fba90888864d17313873a984ac79a3677c1d62aac943f991,
2235,ROSACEAE,Sanguisorba minor subsp. minor,NO_EXACT_MATCH,False,KEEP_TAXONIC_RESPONSE,2026-08-19T17:29:43.545927+00:00,EXACT_CANONICAL_FOUND,Sanguisorba minor subsp. minor,Sanguisorba minor subsp. minor,,Accepted,,3266141,3266141,6ff1e084d7e1de5bce526a9952c96fbb0f13b4f2c615b0fc30c055f88bfb5483,,EXACT_CANONICAL_FOUND,Sanguisorba minor subsp. minor,Sanguisorba minor subsp. minor,,Accepted,,,wfo-0000985709,ccfc7e3ca85c8b80aa96eb52d4e50e07e1811d28916b544280d8a4f1a043ba72,,EXACT_CANONICAL_FOUND,Sanguisorba minor subsp. minor,Sanguisorba minor subsp. minor Scop.,Scop.,,,,FUND. BIODIVERSIDAD:ANTHOS:24070,e6e19630a9415359fba90888864d17313873a984ac79a3677c1d62aac943f991,
2240,ASTERACEAE,Santolina canescens,NO_API_TAXON,False,KEEP_TAXONIC_RESPONSE,2026-08-19T17:29:43.545940+00:00,EXACT_CANONICAL_FOUND,Santolina canescens,Santolina canescens,Lag.,Accepted,,3112359,3112359,6ff1e084d7e1de5bce526a9952c96fbb0f13b4f2c615b0fc30c055f88bfb5483,,EXACT_CANONICAL_FOUND,Santolina canescens,Santolina canescens,Lag.,Accepted,,,wfo-0000043194,ccfc7e3ca85c8b80aa96eb52d4e50e07e1811d28916b544280d8a4f1a043ba72,,EXACT_CANONICAL_FOUND,Santolina canescens,Santolina canescens Lag.,Lag.,,,,FUND. BIODIVERSIDAD:ANTHOS:47990,e6e19630a9415359fba90888864d17313873a984ac79a3677c1d62aac943f991,
2241,ASTERACEAE,Santolina chamaecyparissus subsp. squarrosa,NO_API_TAXON,False,KEEP_TAXONIC_RESPONSE,2026-08-19T17:29:43.545954+00:00,EXACT_CANONICAL_FOUND,Santolina chamaecyparissus subsp. squarrosa,Santolina chamaecyparissus subsp. squarrosa,(Gaudin) Nyman,Synonym,,3112443,3253120,6ff1e084d7e1de5bce526a9952c96fbb0f13b4f2c615b0fc30c055f88bfb5483,,EXACT_CANONICAL_FOUND,Santolina chamaecyparissus subsp. squarrosa,Santolina chamaecyparissus subsp. squarrosa,(DC.) Nyman,Synonym,,wfo-0000007548,wfo-0000069515,ccfc7e3ca85c8b80aa96eb52d4e50e07e1811d28916b544280d8a4f1a043ba72,,EXACT_CANONICAL_NOT_FOUND,,,,,,,,e6e19630a9415359fba90888864d17313873a984ac79a3677c1d62aac943f991,
2242,ASTERACEAE,Santolina rosmarinifolia,NO_API_TAXON,False,KEEP_TAXONIC_RESPONSE,2026-08-19T17:29:43.545967+00:00,EXACT_CANONICAL_FOUND,Santolina rosmarinifolia,Santolina rosmarinifolia,L.,Accepted,,3112427,3112427,6ff1e084d7e1de5bce526a9952c96fbb0f13b4f2c615b0fc30c055f88bfb5483,,EXACT_CANONICAL_FOUND,Santolina rosmarinifolia,Santolina rosmarinifolia,L.,Accepted,,,wfo-0000014722,ccfc7e3ca85c8b80aa96eb52d4e50e07e1811d28916b544280d8a4f1a043ba72,,EXACT_CANONICAL_FOUND,Santolina rosmarinifolia,Santolina rosmarinifolia L.,L.,,,,FUND. BIODIVERSIDAD:ANTHOS:1124651,e6e19630a9415359fba90888864d17313873a984ac79a3677c1d62aac943f991,
2243,ASTERACEAE,Santolina virens,NO_API_TAXON,False,KEEP_TAXONIC_RESPONSE,2026-08-19T17:29:43.545980+00:00,EXACT_CANONICAL_FOUND,Santolina virens,Santolina virens,Mill.,Accepted,,3112446,3112446,6ff1e084d7e1de5bce526a9952c96fbb0f13b4f2c615b0fc30c055f88bfb5483,,EXACT_CANONICAL_FOUND,Santolina virens,Santolina virens,Mill.,Accepted,,,wfo-0000009746,ccfc7e3ca85c8b80aa96eb52d4e50e07e1811d28916b544280d8a4f1a043ba72,,EXACT_CANONICAL_FOUND,Santolina virens,Santolina virens Mill.,Mill.,,,,FUND. BIODIVERSIDAD:ANTHOS:1003232,e6e19630a9415359fba90888864d17313873a984ac79a3677c1d62aac943f991,
2244,CARYOPHYLLACEAE,Saponaria ocymoides,NO_API_TAXON,False,KEEP_TAXONIC_RESPONSE,2026-08-19T17:29:43.545994+00:00,EXACT_CANONICAL_FOUND,Saponaria ocymoides,Saponaria ocymoides,L.,Accepted,,2484913,2484913,6ff1e084d7e1de5bce526a9952c96fbb0f13b4f2c615b0fc30c055f88bfb5483,,EXACT_CANONICAL_FOUND,Saponaria ocymoides,Saponaria ocymoides,L.,Accepted,,,wfo-0000438210,ccfc7e3ca85c8b80aa96eb52d4e50e07e1811d28916b544280d8a4f1a043ba72,,EXACT_CANONICAL_FOUND,Saponaria ocymoides,Saponaria ocymoides L.,L.,,,,FUND. BIODIVERSIDAD:ANTHOS:21673,e6e19630a9415359fba90888864d17313873a984ac79a3677c1d62aac943f991,
2246,PAPAVERACEAE,Sarcocapnos enneaphylla,NO_API_TAXON,False,KEEP_TAXONIC_RESPONSE,2026-08-19T17:29:43.546009+00:00,EXACT_CANONICAL_FOUND,Sarcocapnos enneaphylla,Sarcocapnos enneaphylla,(L.) DC.,Accepted,,2602731,2602731,6ff1e084d7e1de5bce526a9952c96fbb0f13b4f2c615b0fc30c055f88bfb5483,,EXACT_CANONICAL_FOUND,Sarcocapnos enneaphylla,Sarcocapnos enneaphylla,(L.) DC.,Accepted,,,wfo-0000505847,ccfc7e3ca85c8b80aa96eb52d4e50e07e1811d28916b544280d8a4f1a043ba72,,EXACT_CANONICAL_FOUND,Sarcocapnos enneaphylla,Sarcocapnos enneaphylla (L.) DC.,(L.) DC.,,,,FUND. BIODIVERSIDAD:ANTHOS:22433,e6e19630a9415359fba90888864d17313873a984ac79a3677c1d62aac943f991,
2247,LAMIACEAE,Satureja ascendens,NO_API_TAXON,False,KEEP_TAXONIC_RESPONSE,2026-08-19T17:29:43.546023+00:00,EXACT_CANONICAL_FOUND,Satureja ascendens,Satureja ascendens,(Jord.) K.Malý,Synonym,,43598,185456,6ff1e084d7e1de5bce526a9952c96fbb0f13b4f2c615b0fc30c055f88bfb5483,,EXACT_CANONICAL_FOUND,Satureja ascendens,Satureja ascendens,(Jord.) K.Malý,Synonym,,wfo-0000892389,wfo-0000303972,ccfc7e3ca85c8b80aa96eb52d4e50e07e1811d28916b544280d8a4f1a043ba72,,EXACT_CANONICAL_NOT_FOUND,,,,,,,,e6e19630a9415359fba90888864d17313873a984ac79a3677c1d62aac943f991,
2250,SAXIFRAGACEAE,Saxifraga cuneata,NO_API_TAXON,False,KEEP_TAXONIC_RESPONSE,2026-08-19T17:29:43.546037+00:00,EXACT_CANONICAL_FOUND,Saxifraga cuneata,Saxifraga cuneata,Willd.,Accepted,,2584424,2584424,6ff1e084d7e1de5bce526a9952c96fbb0f13b4f2c615b0fc30c055f88bfb5483,,EXACT_CANONICAL_FOUND,Saxifraga cuneata,Saxifraga cuneata,Willd.,Accepted,,,wfo-0000494447,ccfc7e3ca85c8b80aa96eb52d4e50e07e1811d28916b544280d8a4f1a043ba72,,EXACT_CANONICAL_FOUND,Saxifraga cuneata,Saxifraga cuneata Willd.,Willd.,,,,FUND. BIODIVERSIDAD:ANTHOS:23646,e6e19630a9415359fba90888864d17313873a984ac79a3677c1d62aac943f991,
2251,SAXIFRAGACEAE,Saxifraga cuneata x S. losae,NO_API_TAXON,False,NO_RESPONSE_ALL_THREE,2026-08-19T17:29:43.546048+00:00,EXACT_CANONICAL_NOT_FOUND,,,,,,,,6ff1e084d7e1de5bce526a9952c96fbb0f13b4f2c615b0fc30c055f88bfb5483,,EXACT_CANONICAL_NOT_FOUND,,,,,,,,ccfc7e3ca85c8b80aa96eb52d4e50e07e1811d28916b544280d8a4f1a043ba72,,EXACT_CANONICAL_NOT_FOUND,,,,,,,,e6e19630a9415359fba90888864d17313873a984ac79a3677c1d62aac943f991,
2252,SAXIFRAGACEAE,Saxifraga dichotoma,NO_API_TAXON,False,KEEP_TAXONIC_RESPONSE,2026-08-19T17:29:43.546058+00:00,EXACT_CANONICAL_FOUND,Saxifraga dichotoma,Saxifraga dichotoma,Willd.,Accepted,,2584191,2584191,6ff1e084d7e1de5bce526a9952c96fbb0f13b4f2c615b0fc30c055f88bfb5483,,EXACT_CANONICAL_FOUND,Saxifraga dichotoma,Saxifraga dichotoma,Willd. ex Sternb.,Accepted,,,wfo-0000494383,ccfc7e3ca85c8b80aa96eb52d4e50e07e1811d28916b544280d8a4f1a043ba72,,EXACT_CANONICAL_FOUND,Saxifraga dichotoma,Saxifraga dichotoma Willd. in Sternb.,Willd. in Sternb.,,,,FUND. BIODIVERSIDAD:ANTHOS:23676,e6e19630a9415359fba90888864d17313873a984ac79a3677c1d62aac943f991,
2253,SAXIFRAGACEAE,Saxifraga fragosoi,NO_API_TAXON,False,KEEP_TAXONIC_RESPONSE,2026-08-19T17:29:43.546069+00:00,EXACT_CANONICAL_FOUND,Saxifraga fragosoi,Saxifraga fragosoi,Sennen,Accepted,,2583788,2583788,6ff1e084d7e1de5bce526a9952c96fbb0f13b4f2c615b0fc30c055f88bfb5483,,EXACT_CANONICAL_FOUND,Saxifraga fragosoi,Saxifraga fragosoi,Sennen,Accepted,,,wfo-0000494127,ccfc7e3ca85c8b80aa96eb52d4e50e07e1811d28916b544280d8a4f1a043ba72,,EXACT_CANONICAL_FOUND,Saxifraga fragosoi,Saxifraga fragosoi Sennen,Sennen,,,,FUND. BIODIVERSIDAD:ANTHOS:48394,e6e19630a9415359fba90888864d17313873a984ac79a3677c1d62aac943f991,
2254,SAXIFRAGACEAE,Saxifraga granulata,NO_API_TAXON,False,KEEP_TAXONIC_RESPONSE,2026-08-19T17:29:43.546079+00:00,EXACT_CANONICAL_FOUND,Saxifraga granulata,Saxifraga granulata,L.,Accepted,,2585145,2585145,6ff1e084d7e1de5bce526a9952c96fbb0f13b4f2c615b0fc30c055f88bfb5483,,EXACT_CANONICAL_FOUND,Saxifraga granulata,Saxifraga granulata,L.,Accepted,,,wfo-0000494893,ccfc7e3ca85c8b80aa96eb52d4e50e07e1811d28916b544280d8a4f1a043ba72,,EXACT_CANONICAL_FOUND,Saxifraga granulata,Saxifraga granulata L.,L.,,,,FUND. BIODIVERSIDAD:ANTHOS:23680,e6e19630a9415359fba90888864d17313873a984ac79a3677c1d62aac943f991,
2255,SAXIFRAGACEAE,Saxifraga hirsuta,NO_API_TAXON,False,KEEP_TAXONIC_RESPONSE,2026-08-19T17:29:43.546089+00:00,EXACT_CANONICAL_FOUND,Saxifraga hirsuta,Saxifraga hirsuta,L.,Accepted,,2583542,2583542,6ff1e084d7e1de5bce526a9952c96fbb0f13b4f2c615b0fc30c055f88bfb5483,,EXACT_CANONICAL_FOUND,Saxifraga hirsuta,Saxifraga hirsuta,L.,Accepted,,,wfo-0000493954,ccfc7e3ca85c8b80aa96eb52d4e50e07e1811d28916b544280d8a4f1a043ba72,,EXACT_CANONICAL_FOUND,Saxifraga hirsuta,Saxifraga hirsuta L.,L.,,,,FUND. BIODIVERSIDAD:ANTHOS:39934,e6e19630a9415359fba90888864d17313873a984ac79a3677c1d62aac943f991,
2256,SAXIFRAGACEAE,Saxifraga hirsuta subsp. hirsuta,NO_API_TAXON,False,KEEP_TAXONIC_RESPONSE,2026-08-19T17:29:43.546099+00:00,EXACT_CANONICAL_FOUND,Saxifraga hirsuta subsp. hirsuta,Saxifraga hirsuta subsp. hirsuta,,Accepted,,3261108,3261108,6ff1e084d7e1de5bce526a9952c96fbb0f13b4f2c615b0fc30c055f88bfb5483,,EXACT_CANONICAL_FOUND,Saxifraga hirsuta subsp. hirsuta,Saxifraga hirsuta subsp. hirsuta,,Accepted,,,wfo-1200095454,ccfc7e3ca85c8b80aa96eb52d4e50e07e1811d28916b544280d8a4f1a043ba72,,EXACT_CANONICAL_FOUND,Saxifraga hirsuta subsp. hirsuta,Saxifraga hirsuta subsp. hirsuta L.,L.,,,,FUND. BIODIVERSIDAD:ANTHOS:23605,e6e19630a9415359fba90888864d17313873a984ac79a3677c1d62aac943f991,
2257,SAXIFRAGACEAE,Saxifraga losae,NO_API_TAXON,False,KEEP_TAXONIC_RESPONSE,2026-08-19T17:29:43.546112+00:00,EXACT_CANONICAL_FOUND,Saxifraga losae,Saxifraga losae,Sennen,Accepted,,2583193,2583193,6ff1e084d7e1de5bce526a9952c96fbb0f13b4f2c615b0fc30c055f88bfb5483,,EXACT_CANONICAL_FOUND,Saxifraga losae,Saxifraga losae,Sennen,Accepted,,,wfo-0000493723,ccfc7e3ca85c8b80aa96eb52d4e50e07e1811d28916b544280d8a4f1a043ba72,,EXACT_CANONICAL_FOUND,Saxifraga losae,Saxifraga losae Sennen ex Luizet,Sennen ex Luizet,,,,FUND. BIODIVERSIDAD:ANTHOS:23671,e6e19630a9415359fba90888864d17313873a984ac79a3677c1d62aac943f991,
2258,SAXIFRAGACEAE,Saxifraga moncayensis,NO_API_TAXON,False,KEEP_TAXONIC_RESPONSE,2026-08-19T17:29:43.546122+00:00,EXACT_CANONICAL_FOUND,Saxifraga moncayensis,Saxifraga moncayensis,D.A.Webb,Accepted,,2583162,2583162,6ff1e084d7e1de5bce526a9952c96fbb0f13b4f2c615b0fc30c055f88bfb5483,,EXACT_CANONICAL_FOUND,Saxifraga moncayensis,Saxifraga moncayensis,D.A.Webb,Accepted,,,wfo-0000493701,ccfc7e3ca85c8b80aa96eb52d4e50e07e1811d28916b544280d8a4f1a043ba72,,EXACT_CANONICAL_FOUND,Saxifraga moncayensis,Saxifraga moncayensis D.A. Webb,D.A. Webb,,,,FUND. BIODIVERSIDAD:ANTHOS:972264,e6e19630a9415359fba90888864d17313873a984ac79a3677c1d62aac943f991,
2260,SAXIFRAGACEAE,Saxifraga pentadactylis subsp. willkommiana,NO_EXACT_MATCH,False,KEEP_TAXONIC_RESPONSE,2026-08-19T17:29:43.546133+00:00,EXACT_CANONICAL_FOUND,Saxifraga pentadactylis subsp. willkommiana,Saxifraga pentadactylis subsp. willkommiana,(Boiss. ex Leresche & Levier) Rivas Mart.,Accepted,,2871965,2871965,6ff1e084d7e1de5bce526a9952c96fbb0f13b4f2c615b0fc30c055f88bfb5483,,EXACT_CANONICAL_FOUND,Saxifraga pentadactylis subsp. willkommiana,Saxifraga pentadactylis subsp. willkommiana,(Boiss. ex Leresche & Levier) Rivas Mart.,Accepted,,,wfo-0000736364,ccfc7e3ca85c8b80aa96eb52d4e50e07e1811d28916b544280d8a4f1a043ba72,,EXACT_CANONICAL_FOUND,Saxifraga pentadactylis subsp. willkommiana,Saxifraga pentadactylis subsp. willkommiana (Boiss. ex Willk.) Rivas Mart.,(Boiss. ex Willk.) Rivas Mart.,,,,FUND. BIODIVERSIDAD:ANTHOS:48398,e6e19630a9415359fba90888864d17313873a984ac79a3677c1d62aac943f991,
2261,SAXIFRAGACEAE,Saxifraga platyloba,NO_API_TAXON,False,KEEP_TAXONIC_RESPONSE,2026-08-19T17:29:43.546142+00:00,EXACT_CANONICAL_FOUND,Saxifraga platyloba,Saxifraga platyloba,Mateo & M.B.Crespo,Synonym,,2584424,2585273,6ff1e084d7e1de5bce526a9952c96fbb0f13b4f2c615b0fc30c055f88bfb5483,,EXACT_CANONICAL_FOUND,Saxifraga platyloba,Saxifraga platyloba,Mateo & M.B.Crespo,Synonym,,wfo-0000494447,wfo-0000494986,ccfc7e3ca85c8b80aa96eb52d4e50e07e1811d28916b544280d8a4f1a043ba72,,EXACT_CANONICAL_NOT_FOUND,,,,,,,,e6e19630a9415359fba90888864d17313873a984ac79a3677c1d62aac943f991,
2263,SAXIFRAGACEAE,Saxifraga x arizagae,UNPARSABLE_NAME,False,NO_RESPONSE_ALL_THREE,2026-08-19T17:29:43.546156+00:00,EXACT_CANONICAL_NOT_FOUND,,,,,,,,6ff1e084d7e1de5bce526a9952c96fbb0f13b4f2c615b0fc30c055f88bfb5483,,EXACT_CANONICAL_NOT_FOUND,,,,,,,,ccfc7e3ca85c8b80aa96eb52d4e50e07e1811d28916b544280d8a4f1a043ba72,,EXACT_CANONICAL_NOT_FOUND,,,,,,,,e6e19630a9415359fba90888864d17313873a984ac79a3677c1d62aac943f991,
2264,SAXIFRAGACEAE,Saxifraga x celtiberica,UNPARSABLE_NAME,False,NO_RESPONSE_ALL_THREE,2026-08-19T17:29:43.546164+00:00,EXACT_CANONICAL_NOT_FOUND,,,,,,,,6ff1e084d7e1de5bce526a9952c96fbb0f13b4f2c615b0fc30c055f88bfb5483,,EXACT_CANONICAL_NOT_FOUND,,,,,,,,ccfc7e3ca85c8b80aa96eb52d4e50e07e1811d28916b544280d8a4f1a043ba72,,EXACT_CANONICAL_NOT_FOUND,,,,,,,,e6e19630a9415359fba90888864d17313873a984ac79a3677c1d62aac943f991,
2267,CAPRIFOLIACEAE,Scabiosa columbaria subsp. affinis,NO_EXACT_MATCH,False,KEEP_TAXONIC_RESPONSE,2026-08-19T17:29:43.546175+00:00,EXACT_CANONICAL_FOUND,Scabiosa columbaria subsp. affinis,Scabiosa columbaria subsp. affinis,(Gren. & Godr.) Nyman,Synonym,,2594095,3253234,6ff1e084d7e1de5bce526a9952c96fbb0f13b4f2c615b0fc30c055f88bfb5483,,EXACT_CANONICAL_NOT_FOUND,,,,,,,,ccfc7e3ca85c8b80aa96eb52d4e50e07e1811d28916b544280d8a4f1a043ba72,,EXACT_CANONICAL_FOUND,Scabiosa columbaria subsp. affinis,Scabiosa columbaria subsp. affinis (Gren. & Godr.) Nyman,(Gren. & Godr.) Nyman,,,,FUND. BIODIVERSIDAD:ANTHOS:50768,e6e19630a9415359fba90888864d17313873a984ac79a3677c1d62aac943f991,
2269,APIACEAE,Scandix australis subsp. microcarpa,NO_EXACT_MATCH,False,KEEP_TAXONIC_RESPONSE,2026-08-19T17:29:43.546188+00:00,EXACT_CANONICAL_FOUND,Scandix australis subsp. microcarpa,Scandix australis subsp. microcarpa,(Lange) Thell.,Accepted,,2898194,2898194,6ff1e084d7e1de5bce526a9952c96fbb0f13b4f2c615b0fc30c055f88bfb5483,,EXACT_CANONICAL_FOUND,Scandix australis subsp. microcarpa,Scandix australis subsp. microcarpa,(Lange) Thell.,Accepted,,,wfo-0000745275,ccfc7e3ca85c8b80aa96eb52d4e50e07e1811d28916b544280d8a4f1a043ba72,,EXACT_CANONICAL_FOUND,Scandix australis subsp. microcarpa,Scandix australis subsp. microcarpa (Lange) Thell. in Hegi,(Lange) Thell. in Hegi,,,,FUND. BIODIVERSIDAD:ANTHOS:27855,e6e19630a9415359fba90888864d17313873a984ac79a3677c1d62aac943f991,
2270,APIACEAE,Scandix macrorhyncha,NO_API_TAXON,False,KEEP_TAXONIC_RESPONSE,2026-08-19T17:29:43.546197+00:00,EXACT_CANONICAL_FOUND,Scandix macrorhyncha,Scandix macrorhyncha,C.A.Mey.,Synonym,,3253271,2480375,6ff1e084d7e1de5bce526a9952c96fbb0f13b4f2c615b0fc30c055f88bfb5483,,EXACT_CANONICAL_FOUND,Scandix macrorhyncha,Scandix macrorhyncha,C.A.Mey.,Synonym,,wfo-1200012223,wfo-0000435252,ccfc7e3ca85c8b80aa96eb52d4e50e07e1811d28916b544280d8a4f1a043ba72,,EXACT_CANONICAL_FOUND,Scandix macrorhyncha,Scandix macrorhyncha Fisch. & C.A. Mey.,Fisch. & C.A. Mey.,,,,FUND. BIODIVERSIDAD:ANTHOS:27865,e6e19630a9415359fba90888864d17313873a984ac79a3677c1d62aac943f991,
2276,CYPERACEAE,Schoenoplectus lacustris subsp. glaucus,NO_EXACT_MATCH,False,KEEP_TAXONIC_RESPONSE,2026-08-19T17:29:43.546209+00:00,EXACT_CANONICAL_FOUND,Schoenoplectus lacustris subsp. glaucus,Schoenoplectus lacustris subsp. glaucus,Bech.,Synonym,,263102,544180,6ff1e084d7e1de5bce526a9952c96fbb0f13b4f2c615b0fc30c055f88bfb5483,,EXACT_CANONICAL_FOUND,Schoenoplectus lacustris subsp. glaucus,Schoenoplectus lacustris subsp. glaucus,(Rchb.) Luceño & Marín,Synonym,,wfo-0000528404,wfo-0000527378,ccfc7e3ca85c8b80aa96eb52d4e50e07e1811d28916b544280d8a4f1a043ba72,,EXACT_CANONICAL_FOUND,Schoenoplectus lacustris subsp. glaucus,Schoenoplectus lacustris subsp. glaucus (Sm. ex Hartm.) Bech.,(Sm. ex Hartm.) Bech.,,,,FUND. BIODIVERSIDAD:ANTHOS:37896,e6e19630a9415359fba90888864d17313873a984ac79a3677c1d62aac943f991,
2279,ASPARAGACEAE,Scilla autumnalis,NO_API_TAXON,False,KEEP_TAXONIC_RESPONSE,2026-08-19T17:29:43.546219+00:00,EXACT_CANONICAL_FOUND,Scilla autumnalis,Scilla autumnalis,L.,Synonym,,285270,287018,6ff1e084d7e1de5bce526a9952c96fbb0f13b4f2c615b0fc30c055f88bfb5483,,EXACT_CANONICAL_FOUND,Scilla autumnalis,Scilla autumnalis,L.,Synonym,,wfo-0000724377,wfo-0000734631,ccfc7e3ca85c8b80aa96eb52d4e50e07e1811d28916b544280d8a4f1a043ba72,,EXACT_CANONICAL_FOUND,Scilla autumnalis,Scilla autumnalis L.,L.,,,,FUND. BIODIVERSIDAD:ANTHOS:35193,e6e19630a9415359fba90888864d17313873a984ac79a3677c1d62aac943f991,
2280,ASPARAGACEAE,Scilla lilio-hyacinthus,NO_API_TAXON,False,KEEP_TAXONIC_RESPONSE,2026-08-19T17:29:43.546230+00:00,EXACT_CANONICAL_FOUND,Scilla lilio-hyacinthus,Scilla lilio-hyacinthus,L.,Accepted,,288631,288631,6ff1e084d7e1de5bce526a9952c96fbb0f13b4f2c615b0fc30c055f88bfb5483,,EXACT_CANONICAL_FOUND,Scilla lilio-hyacinthus,Scilla lilio-hyacinthus,L.,Accepted,,,wfo-0000740979,ccfc7e3ca85c8b80aa96eb52d4e50e07e1811d28916b544280d8a4f1a043ba72,,EXACT_CANONICAL_FOUND,Scilla lilio-hyacinthus,Scilla lilio-hyacinthus L.,L.,,,,FUND. BIODIVERSIDAD:ANTHOS:35173,e6e19630a9415359fba90888864d17313873a984ac79a3677c1d62aac943f991,
2281,ASPARAGACEAE,Scilla verna,NO_API_TAXON,False,KEEP_TAXONIC_RESPONSE,2026-08-19T17:29:43.546239+00:00,EXACT_CANONICAL_FOUND,Scilla verna,Scilla verna,Huds.,Accepted,,288379,288379,6ff1e084d7e1de5bce526a9952c96fbb0f13b4f2c615b0fc30c055f88bfb5483,,EXACT_CANONICAL_FOUND,Scilla verna,Scilla verna,Huds.,Accepted,,,wfo-0000740371,ccfc7e3ca85c8b80aa96eb52d4e50e07e1811d28916b544280d8a4f1a043ba72,,EXACT_CANONICAL_FOUND,Scilla verna,Scilla verna Huds.,Huds.,,,,FUND. BIODIVERSIDAD:ANTHOS:1124609,e6e19630a9415359fba90888864d17313873a984ac79a3677c1d62aac943f991,
2284,CARYOPHYLLACEAE,Scleranthus delortii,NO_API_TAXON,False,KEEP_TAXONIC_RESPONSE,2026-08-19T17:29:43.546250+00:00,EXACT_CANONICAL_FOUND,Scleranthus delortii,Scleranthus delortii,Gren.,Accepted,,2591614,2591614,6ff1e084d7e1de5bce526a9952c96fbb0f13b4f2c615b0fc30c055f88bfb5483,,EXACT_CANONICAL_FOUND,Scleranthus delortii,Scleranthus delortii,Gren.,Synonym,,wfo-0000498835,wfo-0000498795,ccfc7e3ca85c8b80aa96eb52d4e50e07e1811d28916b544280d8a4f1a043ba72,,EXACT_CANONICAL_FOUND,Scleranthus delortii,Scleranthus delortii Gren. in F.W. Schultz,Gren. in F.W. Schultz,,,,FUND. BIODIVERSIDAD:ANTHOS:21374,e6e19630a9415359fba90888864d17313873a984ac79a3677c1d62aac943f991,
2286,CARYOPHYLLACEAE,Scleranthus polycarpos,NO_API_TAXON,False,KEEP_TAXONIC_RESPONSE,2026-08-19T17:29:43.546261+00:00,EXACT_CANONICAL_FOUND,Scleranthus polycarpos,Scleranthus polycarpos,L.,Synonym,,2869984,2591404,6ff1e084d7e1de5bce526a9952c96fbb0f13b4f2c615b0fc30c055f88bfb5483,,EXACT_CANONICAL_FOUND,Scleranthus polycarpos,Scleranthus polycarpos,L.,Synonym,,wfo-0000734513,wfo-0000498594,ccfc7e3ca85c8b80aa96eb52d4e50e07e1811d28916b544280d8a4f1a043ba72,,EXACT_CANONICAL_FOUND,Scleranthus polycarpos,Scleranthus polycarpos L.,L.,,,,FUND. BIODIVERSIDAD:ANTHOS:21361,e6e19630a9415359fba90888864d17313873a984ac79a3677c1d62aac943f991,
2287,CARYOPHYLLACEAE,Scleranthus polycnemoides,NO_API_TAXON,False,KEEP_TAXONIC_RESPONSE,2026-08-19T17:29:43.546273+00:00,EXACT_CANONICAL_FOUND,Scleranthus polycnemoides,Scleranthus polycnemoides,Willk. & Costa,Synonym,,2869978,2591407,6ff1e084d7e1de5bce526a9952c96fbb0f13b4f2c615b0fc30c055f88bfb5483,,EXACT_CANONICAL_FOUND,Scleranthus polycnemoides,Scleranthus polycnemoides,Willk. & Costa,Synonym,,wfo-0000734506,wfo-0000498597,ccfc7e3ca85c8b80aa96eb52d4e50e07e1811d28916b544280d8a4f1a043ba72,,EXACT_CANONICAL_FOUND,Scleranthus polycnemoides,Scleranthus polycnemoides Willk. & Costa,Willk. & Costa,,,,FUND. BIODIVERSIDAD:ANTHOS:39853,e6e19630a9415359fba90888864d17313873a984ac79a3677c1d62aac943f991,
2291,FABACEAE,Scorpiurus subvillosus,NO_API_TAXON,False,KEEP_TAXONIC_RESPONSE,2026-08-19T17:29:43.546283+00:00,EXACT_CANONICAL_FOUND,Scorpiurus subvillosus,Scorpiurus subvillosus,L.,Synonym,,2591784,2590594,6ff1e084d7e1de5bce526a9952c96fbb0f13b4f2c615b0fc30c055f88bfb5483,,EXACT_CANONICAL_FOUND,Scorpiurus subvillosus,Scorpiurus subvillosus,L.,Synonym,,wfo-0000205858,wfo-0000205876,ccfc7e3ca85c8b80aa96eb52d4e50e07e1811d28916b544280d8a4f1a043ba72,,EXACT_CANONICAL_FOUND,Scorpiurus subvillosus,Scorpiurus subvillosus L.,L.,,,,FUND. BIODIVERSIDAD:ANTHOS:25783,e6e19630a9415359fba90888864d17313873a984ac79a3677c1d62aac943f991,
2292,ASTERACEAE,Scorzonera angustifolia,NO_API_TAXON,False,KEEP_TAXONIC_RESPONSE,2026-08-19T17:29:43.546294+00:00,EXACT_CANONICAL_FOUND,Scorzonera angustifolia,Scorzonera angustifolia,L.,Accepted,,3072730,3072730,6ff1e084d7e1de5bce526a9952c96fbb0f13b4f2c615b0fc30c055f88bfb5483,,EXACT_CANONICAL_FOUND,Scorzonera angustifolia,Scorzonera angustifolia,Wallr.,Synonym,,wfo-1200007721,wfo-0000016280,ccfc7e3ca85c8b80aa96eb52d4e50e07e1811d28916b544280d8a4f1a043ba72,,EXACT_CANONICAL_FOUND,Scorzonera angustifolia,Scorzonera angustifolia L.,L.,,,,FUND. BIODIVERSIDAD:ANTHOS:56994,e6e19630a9415359fba90888864d17313873a984ac79a3677c1d62aac943f991,
2293,ASTERACEAE,Scorzonera graminifolia,NO_API_TAXON,False,KEEP_TAXONIC_RESPONSE,2026-08-19T17:29:43.546303+00:00,EXACT_CANONICAL_FOUND,Scorzonera graminifolia,Scorzonera graminifolia,Hoffm.,Illegitimate,,3072857,3072854,6ff1e084d7e1de5bce526a9952c96fbb0f13b4f2c615b0fc30c055f88bfb5483,,EXACT_CANONICAL_FOUND,Scorzonera graminifolia,Scorzonera graminifolia,DC.,Unchecked,,,wfo-0000031413,ccfc7e3ca85c8b80aa96eb52d4e50e07e1811d28916b544280d8a4f1a043ba72,,EXACT_CANONICAL_NOT_FOUND,,,,,,,,e6e19630a9415359fba90888864d17313873a984ac79a3677c1d62aac943f991,
2294,ASTERACEAE,Scorzonera hirsuta,NO_API_TAXON,False,KEEP_TAXONIC_RESPONSE,2026-08-19T17:29:43.546314+00:00,EXACT_CANONICAL_FOUND,Scorzonera hirsuta,Scorzonera hirsuta,Pett. ex Nyman,Invalid,,3073164,3073161,6ff1e084d7e1de5bce526a9952c96fbb0f13b4f2c615b0fc30c055f88bfb5483,,EXACT_CANONICAL_FOUND,Scorzonera hirsuta,Scorzonera hirsuta,(Gouan) L.,Unchecked,,,wfo-0000014158,ccfc7e3ca85c8b80aa96eb52d4e50e07e1811d28916b544280d8a4f1a043ba72,,EXACT_CANONICAL_FOUND,Scorzonera hirsuta,Scorzonera hirsuta (Gouan) L.,(Gouan) L.,,,,FUND. BIODIVERSIDAD:ANTHOS:34294,e6e19630a9415359fba90888864d17313873a984ac79a3677c1d62aac943f991,
2295,ASTERACEAE,Scorzonera hispanica,NO_API_TAXON,False,KEEP_TAXONIC_RESPONSE,2026-08-19T17:29:43.546323+00:00,EXACT_CANONICAL_FOUND,Scorzonera hispanica,Scorzonera hispanica,L.,Synonym,,3246152,3072848,6ff1e084d7e1de5bce526a9952c96fbb0f13b4f2c615b0fc30c055f88bfb5483,,EXACT_CANONICAL_FOUND,Scorzonera hispanica,Scorzonera hispanica,L.,Synonym,,wfo-1000024351,wfo-0000119365,ccfc7e3ca85c8b80aa96eb52d4e50e07e1811d28916b544280d8a4f1a043ba72,,EXACT_CANONICAL_FOUND,Scorzonera hispanica,Scorzonera hispanica L.,L.,,,,FUND. BIODIVERSIDAD:ANTHOS:34290,e6e19630a9415359fba90888864d17313873a984ac79a3677c1d62aac943f991,
2296,ASTERACEAE,Scorzonera humilis,NO_API_TAXON,False,KEEP_TAXONIC_RESPONSE,2026-08-19T17:29:43.546333+00:00,EXACT_CANONICAL_FOUND,Scorzonera humilis,Scorzonera humilis,L.,Accepted,,3075397,3075397,6ff1e084d7e1de5bce526a9952c96fbb0f13b4f2c615b0fc30c055f88bfb5483,,EXACT_CANONICAL_FOUND,Scorzonera humilis,Scorzonera humilis,Jacq.,Unchecked,,,wfo-0000027831,ccfc7e3ca85c8b80aa96eb52d4e50e07e1811d28916b544280d8a4f1a043ba72,,EXACT_CANONICAL_FOUND,Scorzonera humilis,Scorzonera humilis L.,L.,,,,FUND. BIODIVERSIDAD:ANTHOS:34275,e6e19630a9415359fba90888864d17313873a984ac79a3677c1d62aac943f991,
2298,ASTERACEAE,Scorzoneriodes pyrenaica,NO_API_TAXON,False,NO_RESPONSE_ALL_THREE,2026-08-19T17:29:43.546343+00:00,EXACT_CANONICAL_NOT_FOUND,,,,,,,,6ff1e084d7e1de5bce526a9952c96fbb0f13b4f2c615b0fc30c055f88bfb5483,,EXACT_CANONICAL_NOT_FOUND,,,,,,,,ccfc7e3ca85c8b80aa96eb52d4e50e07e1811d28916b544280d8a4f1a043ba72,,EXACT_CANONICAL_NOT_FOUND,,,,,,,,e6e19630a9415359fba90888864d17313873a984ac79a3677c1d62aac943f991,
2300,ASTERACEAE,Scorzoneroides carpetana,NO_API_TAXON,False,KEEP_TAXONIC_RESPONSE,2026-08-19T17:29:43.546353+00:00,EXACT_CANONICAL_FOUND,Scorzoneroides carpetana,Scorzoneroides carpetana,(Lange) Greuter,Accepted,,3074830,3074830,6ff1e084d7e1de5bce526a9952c96fbb0f13b4f2c615b0fc30c055f88bfb5483,,EXACT_CANONICAL_FOUND,Scorzoneroides carpetana,Scorzoneroides carpetana,(Lange) Greuter,Accepted,,,wfo-0000058332,ccfc7e3ca85c8b80aa96eb52d4e50e07e1811d28916b544280d8a4f1a043ba72,,EXACT_CANONICAL_FOUND,Scorzoneroides carpetana,Scorzoneroides carpetana (Lange) Greuter,(Lange) Greuter,,,,FUND. BIODIVERSIDAD:ANTHOS:48972,e6e19630a9415359fba90888864d17313873a984ac79a3677c1d62aac943f991,
2301,SCROPHULARIACEAE,Scrophularia alpestris,NO_API_TAXON,False,KEEP_TAXONIC_RESPONSE,2026-08-19T17:29:43.546364+00:00,EXACT_CANONICAL_FOUND,Scrophularia alpestris,Scrophularia alpestris,J.Gay ex Benth.,Accepted,,2586023,2586023,6ff1e084d7e1de5bce526a9952c96fbb0f13b4f2c615b0fc30c055f88bfb5483,,EXACT_CANONICAL_FOUND,Scrophularia alpestris,Scrophularia alpestris,J.Gay ex Benth.,Accepted,,,wfo-0000495454,ccfc7e3ca85c8b80aa96eb52d4e50e07e1811d28916b544280d8a4f1a043ba72,,EXACT_CANONICAL_FOUND,Scrophularia alpestris,Scrophularia alpestris J. Gay ex Benth. in DC.,J. Gay ex Benth. in DC.,,,,FUND. BIODIVERSIDAD:ANTHOS:30977,e6e19630a9415359fba90888864d17313873a984ac79a3677c1d62aac943f991,
2304,SCROPHULARIACEAE,Scrophularia crithmifolia,NO_API_TAXON,False,KEEP_TAXONIC_RESPONSE,2026-08-19T17:29:43.546374+00:00,EXACT_CANONICAL_FOUND,Scrophularia crithmifolia,Scrophularia crithmifolia,Boiss.,Synonym,,2585613,2585627,6ff1e084d7e1de5bce526a9952c96fbb0f13b4f2c615b0fc30c055f88bfb5483,,EXACT_CANONICAL_FOUND,Scrophularia crithmifolia,Scrophularia crithmifolia,Boiss.,Synonym,,wfo-0000495229,wfo-0000495236,ccfc7e3ca85c8b80aa96eb52d4e50e07e1811d28916b544280d8a4f1a043ba72,,EXACT_CANONICAL_FOUND,Scrophularia crithmifolia,Scrophularia crithmifolia Boiss.,Boiss.,,,,FUND. BIODIVERSIDAD:ANTHOS:31016,e6e19630a9415359fba90888864d17313873a984ac79a3677c1d62aac943f991,
2305,SCROPHULARIACEAE,Scrophularia lyrata,NO_API_TAXON,False,KEEP_TAXONIC_RESPONSE,2026-08-19T17:29:43.546385+00:00,EXACT_CANONICAL_FOUND,Scrophularia lyrata,Scrophularia lyrata,Willd.,Synonym,,2931674,2587271,6ff1e084d7e1de5bce526a9952c96fbb0f13b4f2c615b0fc30c055f88bfb5483,,EXACT_CANONICAL_FOUND,Scrophularia lyrata,Scrophularia lyrata,Willd.,Synonym,,wfo-0001427384,wfo-0000496230,ccfc7e3ca85c8b80aa96eb52d4e50e07e1811d28916b544280d8a4f1a043ba72,,EXACT_CANONICAL_FOUND,Scrophularia lyrata,Scrophularia lyrata Willd.,Willd.,,,,FUND. BIODIVERSIDAD:ANTHOS:55649,e6e19630a9415359fba90888864d17313873a984ac79a3677c1d62aac943f991,
2309,CRASSULACEAE,Sedum amplexicaule,NO_API_TAXON,False,KEEP_TAXONIC_RESPONSE,2026-08-19T17:29:43.546394+00:00,EXACT_CANONICAL_FOUND,Sedum amplexicaule,Sedum amplexicaule,DC.,Synonym,,2411220,2484730,6ff1e084d7e1de5bce526a9952c96fbb0f13b4f2c615b0fc30c055f88bfb5483,,EXACT_CANONICAL_FOUND,Sedum amplexicaule,Sedum amplexicaule,DC.,Synonym,,wfo-0000396535,wfo-0000438080,ccfc7e3ca85c8b80aa96eb52d4e50e07e1811d28916b544280d8a4f1a043ba72,,EXACT_CANONICAL_FOUND,Sedum amplexicaule,Sedum amplexicaule DC.,DC.,,,,FUND. BIODIVERSIDAD:ANTHOS:23512,e6e19630a9415359fba90888864d17313873a984ac79a3677c1d62aac943f991,
2310,CRASSULACEAE,Sedum anglicum,NO_API_TAXON,False,KEEP_TAXONIC_RESPONSE,2026-08-19T17:29:43.546406+00:00,EXACT_CANONICAL_FOUND,Sedum anglicum,Sedum anglicum,Huds.,Accepted,,2484755,2484755,6ff1e084d7e1de5bce526a9952c96fbb0f13b4f2c615b0fc30c055f88bfb5483,,EXACT_CANONICAL_FOUND,Sedum anglicum,Sedum anglicum,Huds.,Accepted,,,wfo-0000438101,ccfc7e3ca85c8b80aa96eb52d4e50e07e1811d28916b544280d8a4f1a043ba72,,EXACT_CANONICAL_FOUND,Sedum anglicum,Sedum anglicum Huds.,Huds.,,,,FUND. BIODIVERSIDAD:ANTHOS:23549,e6e19630a9415359fba90888864d17313873a984ac79a3677c1d62aac943f991,
2311,CRASSULACEAE,Sedum brevifolium,NO_API_TAXON,False,KEEP_TAXONIC_RESPONSE,2026-08-19T17:29:43.546416+00:00,EXACT_CANONICAL_FOUND,Sedum brevifolium,Sedum brevifolium,DC.,Accepted,,2483224,2483224,6ff1e084d7e1de5bce526a9952c96fbb0f13b4f2c615b0fc30c055f88bfb5483,,EXACT_CANONICAL_FOUND,Sedum brevifolium,Sedum brevifolium,DC.,Accepted,,,wfo-0000437165,ccfc7e3ca85c8b80aa96eb52d4e50e07e1811d28916b544280d8a4f1a043ba72,,EXACT_CANONICAL_FOUND,Sedum brevifolium,Sedum brevifolium DC.,DC.,,,,FUND. BIODIVERSIDAD:ANTHOS:39880,e6e19630a9415359fba90888864d17313873a984ac79a3677c1d62aac943f991,
2312,CRASSULACEAE,Sedum caespitosum,NO_API_TAXON,False,KEEP_TAXONIC_RESPONSE,2026-08-19T17:29:43.546426+00:00,EXACT_CANONICAL_NOT_FOUND,,,,,,,,6ff1e084d7e1de5bce526a9952c96fbb0f13b4f2c615b0fc30c055f88bfb5483,,EXACT_CANONICAL_NOT_FOUND,,,,,,,,ccfc7e3ca85c8b80aa96eb52d4e50e07e1811d28916b544280d8a4f1a043ba72,,EXACT_CANONICAL_FOUND,Sedum caespitosum,Sedum caespitosum (Cav.) DC.,(Cav.) DC.,,,,FUND. BIODIVERSIDAD:ANTHOS:1124489,e6e19630a9415359fba90888864d17313873a984ac79a3677c1d62aac943f991,
2315,CRASSULACEAE,Sedum forsterianum,NO_API_TAXON,False,KEEP_TAXONIC_RESPONSE,2026-08-19T17:29:43.546435+00:00,EXACT_CANONICAL_FOUND,Sedum forsterianum,Sedum forsterianum,Sm.,Synonym,,2411216,2483700,6ff1e084d7e1de5bce526a9952c96fbb0f13b4f2c615b0fc30c055f88bfb5483,,EXACT_CANONICAL_FOUND,Sedum forsterianum,Sedum forsterianum,Sm.,Synonym,,wfo-0000396530,wfo-0000437429,ccfc7e3ca85c8b80aa96eb52d4e50e07e1811d28916b544280d8a4f1a043ba72,,EXACT_CANONICAL_FOUND,Sedum forsterianum,Sedum forsterianum Sm. in Sm.,Sm. in Sm.,,,,FUND. BIODIVERSIDAD:ANTHOS:23504,e6e19630a9415359fba90888864d17313873a984ac79a3677c1d62aac943f991,
2316,CRASSULACEAE,Sedum gypsicola,NO_API_TAXON,False,KEEP_TAXONIC_RESPONSE,2026-08-19T17:29:43.546445+00:00,EXACT_CANONICAL_FOUND,Sedum gypsicola,Sedum gypsicola,Boiss. & Reut.,Accepted,,2483649,2483649,6ff1e084d7e1de5bce526a9952c96fbb0f13b4f2c615b0fc30c055f88bfb5483,,EXACT_CANONICAL_FOUND,Sedum gypsicola,Sedum gypsicola,Boiss. & Reut.,Accepted,,,wfo-0000437399,ccfc7e3ca85c8b80aa96eb52d4e50e07e1811d28916b544280d8a4f1a043ba72,,EXACT_CANONICAL_FOUND,Sedum gypsicola,Sedum gypsicola Boiss. & Reut.,Boiss. & Reut.,,,,FUND. BIODIVERSIDAD:ANTHOS:55203,e6e19630a9415359fba90888864d17313873a984ac79a3677c1d62aac943f991,
2317,CRASSULACEAE,Sedum hirsutum,NO_API_TAXON,False,KEEP_TAXONIC_RESPONSE,2026-08-19T17:29:43.546453+00:00,EXACT_CANONICAL_FOUND,Sedum hirsutum,Sedum hirsutum,All.,Accepted,,2483780,2483780,6ff1e084d7e1de5bce526a9952c96fbb0f13b4f2c615b0fc30c055f88bfb5483,,EXACT_CANONICAL_FOUND,Sedum hirsutum,Sedum hirsutum,All.,Accepted,,,wfo-0000437474,ccfc7e3ca85c8b80aa96eb52d4e50e07e1811d28916b544280d8a4f1a043ba72,,EXACT_CANONICAL_FOUND,Sedum hirsutum,Sedum hirsutum All.,All.,,,,FUND. BIODIVERSIDAD:ANTHOS:1125049,e6e19630a9415359fba90888864d17313873a984ac79a3677c1d62aac943f991,
2318,CRASSULACEAE,Sedum nevadense,NO_API_TAXON,False,KEEP_TAXONIC_RESPONSE,2026-08-19T17:29:43.546463+00:00,EXACT_CANONICAL_FOUND,Sedum nevadense,Sedum nevadense,Coss.,Accepted,,2483575,2483575,6ff1e084d7e1de5bce526a9952c96fbb0f13b4f2c615b0fc30c055f88bfb5483,,EXACT_CANONICAL_FOUND,Sedum nevadense,Sedum nevadense,Coss.,Accepted,,,wfo-0000437362,ccfc7e3ca85c8b80aa96eb52d4e50e07e1811d28916b544280d8a4f1a043ba72,,EXACT_CANONICAL_FOUND,Sedum nevadense,Sedum nevadense Coss.,Coss.,,,,FUND. BIODIVERSIDAD:ANTHOS:23604,e6e19630a9415359fba90888864d17313873a984ac79a3677c1d62aac943f991,
2319,CRASSULACEAE,Sedum pedicellatum,NO_API_TAXON,False,KEEP_TAXONIC_RESPONSE,2026-08-19T17:29:43.546472+00:00,EXACT_CANONICAL_FOUND,Sedum pedicellatum,Sedum pedicellatum,Boiss. & Reut.,Accepted,,2489393,2489393,6ff1e084d7e1de5bce526a9952c96fbb0f13b4f2c615b0fc30c055f88bfb5483,,EXACT_CANONICAL_FOUND,Sedum pedicellatum,Sedum pedicellatum,Boiss. & Reut.,Accepted,,,wfo-0000441328,ccfc7e3ca85c8b80aa96eb52d4e50e07e1811d28916b544280d8a4f1a043ba72,,EXACT_CANONICAL_FOUND,Sedum pedicellatum,Sedum pedicellatum Boiss. & Reut.,Boiss. & Reut.,,,,FUND. BIODIVERSIDAD:ANTHOS:48388,e6e19630a9415359fba90888864d17313873a984ac79a3677c1d62aac943f991,
2320,CRASSULACEAE,Sedum rupestre,NO_API_TAXON,False,KEEP_TAXONIC_RESPONSE,2026-08-19T17:29:43.546482+00:00,EXACT_CANONICAL_FOUND,Sedum rupestre,Sedum rupestre,L.,Synonym,,2411224,2489552,6ff1e084d7e1de5bce526a9952c96fbb0f13b4f2c615b0fc30c055f88bfb5483,,EXACT_CANONICAL_FOUND,Sedum rupestre,Sedum rupestre,Oeder,Synonym,,wfo-0000438109,wfo-0000441436,ccfc7e3ca85c8b80aa96eb52d4e50e07e1811d28916b544280d8a4f1a043ba72,,EXACT_CANONICAL_FOUND,Sedum rupestre,Sedum rupestre L.,L.,,,,FUND. BIODIVERSIDAD:ANTHOS:39890,e6e19630a9415359fba90888864d17313873a984ac79a3677c1d62aac943f991,
2321,CRASSULACEAE,Sedum sediforme,NO_API_TAXON,False,KEEP_TAXONIC_RESPONSE,2026-08-19T17:29:43.546491+00:00,EXACT_CANONICAL_FOUND,Sedum sediforme,Sedum sediforme,(Jacq.) Pau,Synonym,,2411204,2489469,6ff1e084d7e1de5bce526a9952c96fbb0f13b4f2c615b0fc30c055f88bfb5483,,EXACT_CANONICAL_FOUND,Sedum sediforme,Sedum sediforme,(Jacq.) Pau,Synonym,,wfo-0000396518,wfo-0000441375,ccfc7e3ca85c8b80aa96eb52d4e50e07e1811d28916b544280d8a4f1a043ba72,,EXACT_CANONICAL_FOUND,Sedum sediforme,Sedum sediforme (Jacq.) Pau,(Jacq.) Pau,,,,FUND. BIODIVERSIDAD:ANTHOS:23486,e6e19630a9415359fba90888864d17313873a984ac79a3677c1d62aac943f991,
2322,CRASSULACEAE,Sedum villosum subsp. villosum,NO_API_TAXON,False,KEEP_TAXONIC_RESPONSE,2026-08-19T17:29:43.546501+00:00,EXACT_CANONICAL_NOT_FOUND,,,,,,,,6ff1e084d7e1de5bce526a9952c96fbb0f13b4f2c615b0fc30c055f88bfb5483,,EXACT_CANONICAL_FOUND,Sedum villosum subsp. villosum,Sedum villosum subsp. villosum,,Unchecked,,,wfo-1200108006,ccfc7e3ca85c8b80aa96eb52d4e50e07e1811d28916b544280d8a4f1a043ba72,,EXACT_CANONICAL_FOUND,Sedum villosum subsp. villosum,Sedum villosum subsp. villosum L.,L.,,,,FUND. BIODIVERSIDAD:ANTHOS:1472953,e6e19630a9415359fba90888864d17313873a984ac79a3677c1d62aac943f991,
2323,CRASSULACEAE,Sempervivum vicentei,NO_API_TAXON,False,KEEP_TAXONIC_RESPONSE,2026-08-19T17:29:43.546510+00:00,EXACT_CANONICAL_FOUND,Sempervivum vicentei,Sempervivum vicentei,Pau,Accepted,,2592108,2592108,6ff1e084d7e1de5bce526a9952c96fbb0f13b4f2c615b0fc30c055f88bfb5483,,EXACT_CANONICAL_FOUND,Sempervivum vicentei,Sempervivum vicentei,Pau,Accepted,,,wfo-0000499021,ccfc7e3ca85c8b80aa96eb52d4e50e07e1811d28916b544280d8a4f1a043ba72,,EXACT_CANONICAL_FOUND,Sempervivum vicentei,Sempervivum vicentei Pau,Pau,,,,FUND. BIODIVERSIDAD:ANTHOS:66866,e6e19630a9415359fba90888864d17313873a984ac79a3677c1d62aac943f991,
2324,ASTERACEAE,Senecio adonidifolius,NO_API_TAXON,False,KEEP_TAXONIC_RESPONSE,2026-08-19T17:29:43.546520+00:00,EXACT_CANONICAL_FOUND,Senecio adonidifolius,Senecio adonidifolius,Loisel.,Synonym,,3082319,3082315,6ff1e084d7e1de5bce526a9952c96fbb0f13b4f2c615b0fc30c055f88bfb5483,,EXACT_CANONICAL_FOUND,Senecio adonidifolius,Senecio adonidifolius,Loisel.,Synonym,,wfo-0000045240,wfo-0000085724,ccfc7e3ca85c8b80aa96eb52d4e50e07e1811d28916b544280d8a4f1a043ba72,,EXACT_CANONICAL_FOUND,Senecio adonidifolius,Senecio adonidifolius Loisel.,Loisel.,,,,FUND. BIODIVERSIDAD:ANTHOS:33520,e6e19630a9415359fba90888864d17313873a984ac79a3677c1d62aac943f991,
2325,ASTERACEAE,Senecio carpetanus,NO_API_TAXON,False,KEEP_TAXONIC_RESPONSE,2026-08-19T17:29:43.546530+00:00,EXACT_CANONICAL_FOUND,Senecio carpetanus,Senecio carpetanus,Boiss. & Reut.,Accepted,,3080388,3080388,6ff1e084d7e1de5bce526a9952c96fbb0f13b4f2c615b0fc30c055f88bfb5483,,EXACT_CANONICAL_FOUND,Senecio carpetanus,Senecio carpetanus,Boiss. & Reut.,Accepted,,,wfo-0000035705,ccfc7e3ca85c8b80aa96eb52d4e50e07e1811d28916b544280d8a4f1a043ba72,,EXACT_CANONICAL_FOUND,Senecio carpetanus,Senecio carpetanus Boiss. & Reut.,Boiss. & Reut.,,,,FUND. BIODIVERSIDAD:ANTHOS:33516,e6e19630a9415359fba90888864d17313873a984ac79a3677c1d62aac943f991,
2326,ASTERACEAE,Senecio doria subsp. laderoi,NO_API_TAXON,False,KEEP_TAXONIC_RESPONSE,2026-08-19T17:29:43.546542+00:00,EXACT_CANONICAL_FOUND,Senecio doria subsp. laderoi,Senecio doria subsp. laderoi,"(Pérez Morales, M.E.García & Penas) Blanca",Synonym,,3080743,3080768,6ff1e084d7e1de5bce526a9952c96fbb0f13b4f2c615b0fc30c055f88bfb5483,,EXACT_CANONICAL_FOUND,Senecio doria subsp. laderoi,Senecio doria subsp. laderoi,"(Pérez Morales, M.E.García & Penas) Blanca",Synonym,,wfo-0000115843,wfo-0000092560,ccfc7e3ca85c8b80aa96eb52d4e50e07e1811d28916b544280d8a4f1a043ba72,,EXACT_CANONICAL_NOT_FOUND,,,,,,,,e6e19630a9415359fba90888864d17313873a984ac79a3677c1d62aac943f991,
2327,ASTERACEAE,Senecio gallicus,NO_API_TAXON,False,KEEP_TAXONIC_RESPONSE,2026-08-19T17:29:43.546552+00:00,EXACT_CANONICAL_FOUND,Senecio gallicus,Senecio gallicus,Vill. ex Chaix,Accepted,,3080987,3080987,6ff1e084d7e1de5bce526a9952c96fbb0f13b4f2c615b0fc30c055f88bfb5483,,EXACT_CANONICAL_FOUND,Senecio gallicus,Senecio gallicus,Vill.,Accepted,,,wfo-0000061294,ccfc7e3ca85c8b80aa96eb52d4e50e07e1811d28916b544280d8a4f1a043ba72,,EXACT_CANONICAL_FOUND,Senecio gallicus,Senecio gallicus Vill.,Vill.,,,,FUND. BIODIVERSIDAD:ANTHOS:33533,e6e19630a9415359fba90888864d17313873a984ac79a3677c1d62aac943f991,
2329,ASTERACEAE,Senecio laderoi subsp. laderoi,NO_API_TAXON,False,KEEP_TAXONIC_RESPONSE,2026-08-19T17:29:43.546561+00:00,EXACT_CANONICAL_NOT_FOUND,,,,,,,,6ff1e084d7e1de5bce526a9952c96fbb0f13b4f2c615b0fc30c055f88bfb5483,,EXACT_CANONICAL_FOUND,Senecio laderoi subsp. laderoi,Senecio laderoi subsp. laderoi,,Synonym,,wfo-0000069703,wfo-0000049275,ccfc7e3ca85c8b80aa96eb52d4e50e07e1811d28916b544280d8a4f1a043ba72,,EXACT_CANONICAL_NOT_FOUND,,,,,,,,e6e19630a9415359fba90888864d17313873a984ac79a3677c1d62aac943f991,
2332,ASTERACEAE,Senecio minutus,NO_API_TAXON,False,KEEP_TAXONIC_RESPONSE,2026-08-19T17:29:43.546571+00:00,EXACT_CANONICAL_FOUND,Senecio minutus,Senecio minutus,(Cav.) DC.,Synonym,,3082674,3082671,6ff1e084d7e1de5bce526a9952c96fbb0f13b4f2c615b0fc30c055f88bfb5483,,EXACT_CANONICAL_FOUND,Senecio minutus,Senecio minutus,DC.,Synonym,,wfo-0000087830,wfo-0000121827,ccfc7e3ca85c8b80aa96eb52d4e50e07e1811d28916b544280d8a4f1a043ba72,,EXACT_CANONICAL_FOUND,Senecio minutus,Senecio minutus (Cav.) DC.,(Cav.) DC.,,,,FUND. BIODIVERSIDAD:ANTHOS:33531,e6e19630a9415359fba90888864d17313873a984ac79a3677c1d62aac943f991,
2339,ORCHIDACEAE,Serapias lingua x parviflora,NO_EXACT_MATCH,False,NO_RESPONSE_ALL_THREE,2026-08-19T17:29:43.546580+00:00,EXACT_CANONICAL_NOT_FOUND,,,,,,,,6ff1e084d7e1de5bce526a9952c96fbb0f13b4f2c615b0fc30c055f88bfb5483,,EXACT_CANONICAL_NOT_FOUND,,,,,,,,ccfc7e3ca85c8b80aa96eb52d4e50e07e1811d28916b544280d8a4f1a043ba72,,EXACT_CANONICAL_NOT_FOUND,,,,,,,,e6e19630a9415359fba90888864d17313873a984ac79a3677c1d62aac943f991,
2341,ASTERACEAE,Serratula leucantha,NO_API_TAXON,False,KEEP_TAXONIC_RESPONSE,2026-08-19T17:29:43.546681+00:00,EXACT_CANONICAL_FOUND,Serratula leucantha,Serratula leucantha,DC.,Synonym,,3047223,3047221,6ff1e084d7e1de5bce526a9952c96fbb0f13b4f2c615b0fc30c055f88bfb5483,,EXACT_CANONICAL_FOUND,Serratula leucantha,Serratula leucantha,DC.,Synonym,,wfo-0000114579,wfo-0000116420,ccfc7e3ca85c8b80aa96eb52d4e50e07e1811d28916b544280d8a4f1a043ba72,,EXACT_CANONICAL_NOT_FOUND,,,,,,,,e6e19630a9415359fba90888864d17313873a984ac79a3677c1d62aac943f991,
2342,ASTERACEAE,Serratula nudicaulis,NO_API_TAXON,False,KEEP_TAXONIC_RESPONSE,2026-08-19T17:29:43.546690+00:00,EXACT_CANONICAL_FOUND,Serratula nudicaulis,Serratula nudicaulis,(L.) DC.,Synonym,,3047322,3047320,6ff1e084d7e1de5bce526a9952c96fbb0f13b4f2c615b0fc30c055f88bfb5483,,EXACT_CANONICAL_FOUND,Serratula nudicaulis,Serratula nudicaulis,(L.) DC.,Synonym,,wfo-0000091137,wfo-0000133205,ccfc7e3ca85c8b80aa96eb52d4e50e07e1811d28916b544280d8a4f1a043ba72,,EXACT_CANONICAL_NOT_FOUND,,,,,,,,e6e19630a9415359fba90888864d17313873a984ac79a3677c1d62aac943f991,
2343,ASTERACEAE,Serratula pinnatifida,NO_API_TAXON,False,KEEP_TAXONIC_RESPONSE,2026-08-19T17:29:43.546700+00:00,EXACT_CANONICAL_FOUND,Serratula pinnatifida,Serratula pinnatifida,Poir.,Synonym,,3047327,3047326,6ff1e084d7e1de5bce526a9952c96fbb0f13b4f2c615b0fc30c055f88bfb5483,,EXACT_CANONICAL_FOUND,Serratula pinnatifida,Serratula pinnatifida,Desf.,Unchecked,,,wfo-0000045743,ccfc7e3ca85c8b80aa96eb52d4e50e07e1811d28916b544280d8a4f1a043ba72,,EXACT_CANONICAL_NOT_FOUND,,,,,,,,e6e19630a9415359fba90888864d17313873a984ac79a3677c1d62aac943f991,
2344,ASTERACEAE,Serratula tinctoria,NO_API_TAXON,False,KEEP_TAXONIC_RESPONSE,2026-08-19T17:29:43.546709+00:00,EXACT_CANONICAL_FOUND,Serratula tinctoria,Serratula tinctoria,L.,Accepted,,3047110,3047110,6ff1e084d7e1de5bce526a9952c96fbb0f13b4f2c615b0fc30c055f88bfb5483,,EXACT_CANONICAL_FOUND,Serratula tinctoria,Serratula tinctoria,Siebold ex Miq.,Unchecked,,,wfo-0000015229,ccfc7e3ca85c8b80aa96eb52d4e50e07e1811d28916b544280d8a4f1a043ba72,,EXACT_CANONICAL_FOUND,Serratula tinctoria,Serratula tinctoria L.,L.,,,,FUND. BIODIVERSIDAD:ANTHOS:33934,e6e19630a9415359fba90888864d17313873a984ac79a3677c1d62aac943f991,
2345,RESEDACEAE,Sesamoides purpurascens,NO_API_TAXON,False,KEEP_TAXONIC_RESPONSE,2026-08-19T17:29:43.546720+00:00,EXACT_CANONICAL_FOUND,Sesamoides purpurascens,Sesamoides purpurascens,(L.) G.López,Accepted,,2600075,2600075,6ff1e084d7e1de5bce526a9952c96fbb0f13b4f2c615b0fc30c055f88bfb5483,,EXACT_CANONICAL_FOUND,Sesamoides purpurascens,Sesamoides purpurascens,(L.) G.López,Accepted,,,wfo-0000504156,ccfc7e3ca85c8b80aa96eb52d4e50e07e1811d28916b544280d8a4f1a043ba72,,EXACT_CANONICAL_FOUND,Sesamoides purpurascens,Sesamoides purpurascens (L.) G. López,(L.) G. López,,,,FUND. BIODIVERSIDAD:ANTHOS:56517,e6e19630a9415359fba90888864d17313873a984ac79a3677c1d62aac943f991,
2346,APIACEAE,Seseli cantabricum,NO_API_TAXON,False,KEEP_TAXONIC_RESPONSE,2026-08-19T17:29:43.546730+00:00,EXACT_CANONICAL_FOUND,Seseli cantabricum,Seseli cantabricum,Lange,Accepted,,2479551,2479551,6ff1e084d7e1de5bce526a9952c96fbb0f13b4f2c615b0fc30c055f88bfb5483,,EXACT_CANONICAL_FOUND,Seseli cantabricum,Seseli cantabricum,Lange,Accepted,,,wfo-0000434729,ccfc7e3ca85c8b80aa96eb52d4e50e07e1811d28916b544280d8a4f1a043ba72,,EXACT_CANONICAL_FOUND,Seseli cantabricum,Seseli cantabricum Lange,Lange,,,,FUND. BIODIVERSIDAD:ANTHOS:28048,e6e19630a9415359fba90888864d17313873a984ac79a3677c1d62aac943f991,
2348,APIACEAE,Seseli libanotis subsp. libanotis,NO_EXACT_MATCH,False,NO_RESPONSE_ALL_THREE,2026-08-19T17:29:43.546740+00:00,EXACT_CANONICAL_NOT_FOUND,,,,,,,,6ff1e084d7e1de5bce526a9952c96fbb0f13b4f2c615b0fc30c055f88bfb5483,,EXACT_CANONICAL_NOT_FOUND,,,,,,,,ccfc7e3ca85c8b80aa96eb52d4e50e07e1811d28916b544280d8a4f1a043ba72,,EXACT_CANONICAL_NOT_FOUND,,,,,,,,e6e19630a9415359fba90888864d17313873a984ac79a3677c1d62aac943f991,
2351,POACEAE,Sesleria albicans,NO_API_TAXON,False,KEEP_TAXONIC_RESPONSE,2026-08-19T17:29:43.546751+00:00,EXACT_CANONICAL_FOUND,Sesleria albicans,Sesleria albicans,Kit. ex Schult.,Accepted,,441954,441954,6ff1e084d7e1de5bce526a9952c96fbb0f13b4f2c615b0fc30c055f88bfb5483,,EXACT_CANONICAL_FOUND,Sesleria albicans,Sesleria albicans,Kit. ex Schult.,Accepted,,,wfo-0000898744,ccfc7e3ca85c8b80aa96eb52d4e50e07e1811d28916b544280d8a4f1a043ba72,,EXACT_CANONICAL_FOUND,Sesleria albicans,Sesleria albicans Kit. ex Schult,Kit. ex Schult,,,,FUND. BIODIVERSIDAD:ANTHOS:36494,e6e19630a9415359fba90888864d17313873a984ac79a3677c1d62aac943f991,
2352,POACEAE,Sesleria argentea subsp. hispanica,NO_EXACT_MATCH,False,NO_RESPONSE_ALL_THREE,2026-08-19T17:29:43.546762+00:00,EXACT_CANONICAL_NOT_FOUND,,,,,,,,6ff1e084d7e1de5bce526a9952c96fbb0f13b4f2c615b0fc30c055f88bfb5483,,EXACT_CANONICAL_NOT_FOUND,,,,,,,,ccfc7e3ca85c8b80aa96eb52d4e50e07e1811d28916b544280d8a4f1a043ba72,,EXACT_CANONICAL_NOT_FOUND,,,,,,,,e6e19630a9415359fba90888864d17313873a984ac79a3677c1d62aac943f991,
2353,POACEAE,Sesleria caerulea,NO_API_TAXON,False,KEEP_TAXONIC_RESPONSE,2026-08-19T17:29:43.546770+00:00,EXACT_CANONICAL_FOUND,Sesleria caerulea,Sesleria caerulea,(L.) Ard.,Accepted,,441982,441982,6ff1e084d7e1de5bce526a9952c96fbb0f13b4f2c615b0fc30c055f88bfb5483,,EXACT_CANONICAL_FOUND,Sesleria caerulea,Sesleria caerulea,(L.) Ard.,Accepted,,,wfo-0000898775,ccfc7e3ca85c8b80aa96eb52d4e50e07e1811d28916b544280d8a4f1a043ba72,,EXACT_CANONICAL_NOT_FOUND,,,,,,,,e6e19630a9415359fba90888864d17313873a984ac79a3677c1d62aac943f991,
2357,LAMIACEAE,Sideritis camarae,NO_API_TAXON,False,KEEP_TAXONIC_RESPONSE,2026-08-19T17:29:43.546781+00:00,EXACT_CANONICAL_FOUND,Sideritis camarae,Sideritis camarae,Pau,Synonym,,191128,191342,6ff1e084d7e1de5bce526a9952c96fbb0f13b4f2c615b0fc30c055f88bfb5483,,EXACT_CANONICAL_FOUND,Sideritis camarae,Sideritis camarae,Pau,Synonym,,wfo-0000309912,wfo-0000310135,ccfc7e3ca85c8b80aa96eb52d4e50e07e1811d28916b544280d8a4f1a043ba72,,EXACT_CANONICAL_NOT_FOUND,,,,,,,,e6e19630a9415359fba90888864d17313873a984ac79a3677c1d62aac943f991,
2358,LAMIACEAE,Sideritis hirsuta,NO_API_TAXON,False,KEEP_TAXONIC_RESPONSE,2026-08-19T17:29:43.546790+00:00,EXACT_CANONICAL_FOUND,Sideritis hirsuta,Sideritis hirsuta,L.,Accepted,,191295,191295,6ff1e084d7e1de5bce526a9952c96fbb0f13b4f2c615b0fc30c055f88bfb5483,,EXACT_CANONICAL_FOUND,Sideritis hirsuta,Sideritis hirsuta,L.,Accepted,,,wfo-0000310086,ccfc7e3ca85c8b80aa96eb52d4e50e07e1811d28916b544280d8a4f1a043ba72,,EXACT_CANONICAL_FOUND,Sideritis hirsuta,Sideritis hirsuta L.,L.,,,,FUND. BIODIVERSIDAD:ANTHOS:30129,e6e19630a9415359fba90888864d17313873a984ac79a3677c1d62aac943f991,
2359,LAMIACEAE,Sideritis linearifolia,NO_API_TAXON,False,KEEP_TAXONIC_RESPONSE,2026-08-19T17:29:43.546799+00:00,EXACT_CANONICAL_FOUND,Sideritis linearifolia,Sideritis × linearifolia,Lam.,Accepted,,191448,191448,6ff1e084d7e1de5bce526a9952c96fbb0f13b4f2c615b0fc30c055f88bfb5483,,EXACT_CANONICAL_FOUND,Sideritis linearifolia,Sideritis × linearifolia,Lam.,Accepted,,,wfo-0000310241,ccfc7e3ca85c8b80aa96eb52d4e50e07e1811d28916b544280d8a4f1a043ba72,,EXACT_CANONICAL_NOT_FOUND,,,,,,,,e6e19630a9415359fba90888864d17313873a984ac79a3677c1d62aac943f991,
2360,LAMIACEAE,Sideritis spinulosa,NO_API_TAXON,False,KEEP_TAXONIC_RESPONSE,2026-08-19T17:29:43.546811+00:00,EXACT_CANONICAL_FOUND,Sideritis spinulosa,Sideritis spinulosa,Barnadez ex Asso,Accepted,,191667,191667,6ff1e084d7e1de5bce526a9952c96fbb0f13b4f2c615b0fc30c055f88bfb5483,,EXACT_CANONICAL_FOUND,Sideritis spinulosa,Sideritis spinulosa,Barnadez ex Asso,Accepted,,,wfo-0000310470,ccfc7e3ca85c8b80aa96eb52d4e50e07e1811d28916b544280d8a4f1a043ba72,,EXACT_CANONICAL_FOUND,Sideritis spinulosa,Sideritis spinulosa Barnades ex Asso,Barnades ex Asso,,,,FUND. BIODIVERSIDAD:ANTHOS:91524,e6e19630a9415359fba90888864d17313873a984ac79a3677c1d62aac943f991,
2361,CARYOPHYLLACEAE,Silene boryi,NO_API_TAXON,False,KEEP_TAXONIC_RESPONSE,2026-08-19T17:29:43.546819+00:00,EXACT_CANONICAL_FOUND,Silene boryi,Silene boryi,Boiss.,Accepted,,2485800,2485800,6ff1e084d7e1de5bce526a9952c96fbb0f13b4f2c615b0fc30c055f88bfb5483,,EXACT_CANONICAL_FOUND,Silene boryi,Silene boryi,Boiss.,Accepted,,,wfo-0000438864,ccfc7e3ca85c8b80aa96eb52d4e50e07e1811d28916b544280d8a4f1a043ba72,,EXACT_CANONICAL_FOUND,Silene boryi,Silene boryi Boiss.,Boiss.,,,,FUND. BIODIVERSIDAD:ANTHOS:21580,e6e19630a9415359fba90888864d17313873a984ac79a3677c1d62aac943f991,
2365,CARYOPHYLLACEAE,Silene conica subsp. conica,NO_EXACT_MATCH,False,KEEP_TAXONIC_RESPONSE,2026-08-19T17:29:43.546831+00:00,EXACT_CANONICAL_FOUND,Silene conica subsp. conica,Silene conica subsp. conica,,Accepted,,3259306,3259306,6ff1e084d7e1de5bce526a9952c96fbb0f13b4f2c615b0fc30c055f88bfb5483,,EXACT_CANONICAL_FOUND,Silene conica subsp. conica,Silene conica subsp. conica,,Synonym,,wfo-0000438672,wfo-0001264387,ccfc7e3ca85c8b80aa96eb52d4e50e07e1811d28916b544280d8a4f1a043ba72,,EXACT_CANONICAL_FOUND,Silene conica subsp. conica,Silene conica subsp. conica L.,L.,,,,FUND. BIODIVERSIDAD:ANTHOS:21661,e6e19630a9415359fba90888864d17313873a984ac79a3677c1d62aac943f991,
2367,CARYOPHYLLACEAE,Silene coutinhoi,NO_API_TAXON,False,KEEP_TAXONIC_RESPONSE,2026-08-19T17:29:43.546840+00:00,EXACT_CANONICAL_FOUND,Silene coutinhoi,Silene coutinhoi,Rothm. & P.Silva,Accepted,,2488261,2488261,6ff1e084d7e1de5bce526a9952c96fbb0f13b4f2c615b0fc30c055f88bfb5483,,EXACT_CANONICAL_FOUND,Silene coutinhoi,Silene coutinhoi,Rothm. & P.Silva,Synonym,,wfo-0000440391,wfo-0000440519,ccfc7e3ca85c8b80aa96eb52d4e50e07e1811d28916b544280d8a4f1a043ba72,,EXACT_CANONICAL_FOUND,Silene coutinhoi,Silene coutinhoi Rothm. & P. Silva,Rothm. & P. Silva,,,,FUND. BIODIVERSIDAD:ANTHOS:64864,e6e19630a9415359fba90888864d17313873a984ac79a3677c1d62aac943f991,
2368,CARYOPHYLLACEAE,Silene dioica,NO_API_TAXON,False,KEEP_TAXONIC_RESPONSE,2026-08-19T17:29:43.546851+00:00,EXACT_CANONICAL_FOUND,Silene dioica,Silene dioica,(L.) Clairv.,Accepted,,2488209,2488209,6ff1e084d7e1de5bce526a9952c96fbb0f13b4f2c615b0fc30c055f88bfb5483,,EXACT_CANONICAL_FOUND,Silene dioica,Silene dioica,(L.) Clairv.,Accepted,,,wfo-0000440478,ccfc7e3ca85c8b80aa96eb52d4e50e07e1811d28916b544280d8a4f1a043ba72,,EXACT_CANONICAL_FOUND,Silene dioica,Silene dioica (L.) Clairv.,(L.) Clairv.,,,,FUND. BIODIVERSIDAD:ANTHOS:21609,e6e19630a9415359fba90888864d17313873a984ac79a3677c1d62aac943f991,
2371,CARYOPHYLLACEAE,Silene inaperta,NO_API_TAXON,False,KEEP_TAXONIC_RESPONSE,2026-08-19T17:29:43.546861+00:00,EXACT_CANONICAL_FOUND,Silene inaperta,Silene inaperta,L.,Accepted,,2488108,2488108,6ff1e084d7e1de5bce526a9952c96fbb0f13b4f2c615b0fc30c055f88bfb5483,,EXACT_CANONICAL_FOUND,Silene inaperta,Silene inaperta,L.,Accepted,,,wfo-0000440397,ccfc7e3ca85c8b80aa96eb52d4e50e07e1811d28916b544280d8a4f1a043ba72,,EXACT_CANONICAL_FOUND,Silene inaperta,Silene inaperta L.,L.,,,,FUND. BIODIVERSIDAD:ANTHOS:21626,e6e19630a9415359fba90888864d17313873a984ac79a3677c1d62aac943f991,
2372,CARYOPHYLLACEAE,Silene inaperta subsp. inaperta,NO_API_TAXON,False,KEEP_TAXONIC_RESPONSE,2026-08-19T17:29:43.546876+00:00,EXACT_CANONICAL_FOUND,Silene inaperta subsp. inaperta,Silene inaperta subsp. inaperta,,Accepted,,3259370,3259370,6ff1e084d7e1de5bce526a9952c96fbb0f13b4f2c615b0fc30c055f88bfb5483,,EXACT_CANONICAL_FOUND,Silene inaperta subsp. inaperta,Silene inaperta subsp. inaperta,,Unchecked,,,wfo-1200108059,ccfc7e3ca85c8b80aa96eb52d4e50e07e1811d28916b544280d8a4f1a043ba72,,EXACT_CANONICAL_FOUND,Silene inaperta subsp. inaperta,Silene inaperta subsp. inaperta L.,L.,,,,FUND. BIODIVERSIDAD:ANTHOS:1032278,e6e19630a9415359fba90888864d17313873a984ac79a3677c1d62aac943f991,
2374,CARYOPHYLLACEAE,Silene italica subsp. italica,NO_EXACT_MATCH,False,KEEP_TAXONIC_RESPONSE,2026-08-19T17:29:43.546887+00:00,EXACT_CANONICAL_FOUND,Silene italica subsp. italica,Silene italica subsp. italica,,Accepted,,3259369,3259369,6ff1e084d7e1de5bce526a9952c96fbb0f13b4f2c615b0fc30c055f88bfb5483,,EXACT_CANONICAL_FOUND,Silene italica subsp. italica,Silene italica subsp. italica,,Unchecked,,,wfo-1200108080,ccfc7e3ca85c8b80aa96eb52d4e50e07e1811d28916b544280d8a4f1a043ba72,,EXACT_CANONICAL_FOUND,Silene italica subsp. italica,Silene italica subsp. italica (L.) Pers.,(L.) Pers.,,,,FUND. BIODIVERSIDAD:ANTHOS:21522,e6e19630a9415359fba90888864d17313873a984ac79a3677c1d62aac943f991,
2376,CARYOPHYLLACEAE,Silene legionensis,NO_API_TAXON,False,KEEP_TAXONIC_RESPONSE,2026-08-19T17:29:43.546931+00:00,EXACT_CANONICAL_FOUND,Silene legionensis,Silene legionensis,Lag.,Accepted,,2488694,2488694,6ff1e084d7e1de5bce526a9952c96fbb0f13b4f2c615b0fc30c055f88bfb5483,,EXACT_CANONICAL_FOUND,Silene legionensis,Silene legionensis,Lag.,Accepted,,,wfo-0000440847,ccfc7e3ca85c8b80aa96eb52d4e50e07e1811d28916b544280d8a4f1a043ba72,,EXACT_CANONICAL_FOUND,Silene legionensis,Silene legionensis Lag.,Lag.,,,,FUND. BIODIVERSIDAD:ANTHOS:21593,e6e19630a9415359fba90888864d17313873a984ac79a3677c1d62aac943f991,
2377,CARYOPHYLLACEAE,Silene mellifera,NO_API_TAXON,False,KEEP_TAXONIC_RESPONSE,2026-08-19T17:29:43.546943+00:00,EXACT_CANONICAL_FOUND,Silene mellifera,Silene mellifera,Boiss. & Reut.,Accepted,,2488705,2488705,6ff1e084d7e1de5bce526a9952c96fbb0f13b4f2c615b0fc30c055f88bfb5483,,EXACT_CANONICAL_FOUND,Silene mellifera,Silene mellifera,Boiss. & Reut.,Accepted,,,wfo-0000440857,ccfc7e3ca85c8b80aa96eb52d4e50e07e1811d28916b544280d8a4f1a043ba72,,EXACT_CANONICAL_FOUND,Silene mellifera,Silene mellifera Boiss. & Reut.,Boiss. & Reut.,,,,FUND. BIODIVERSIDAD:ANTHOS:50868,e6e19630a9415359fba90888864d17313873a984ac79a3677c1d62aac943f991,
2380,CARYOPHYLLACEAE,Silene nutans,NO_API_TAXON,False,KEEP_TAXONIC_RESPONSE,2026-08-19T17:29:43.546958+00:00,EXACT_CANONICAL_FOUND,Silene nutans,Silene nutans,L.,Accepted,,2488633,2488633,6ff1e084d7e1de5bce526a9952c96fbb0f13b4f2c615b0fc30c055f88bfb5483,,EXACT_CANONICAL_FOUND,Silene nutans,Silene nutans,L.,Accepted,,,wfo-0000440799,ccfc7e3ca85c8b80aa96eb52d4e50e07e1811d28916b544280d8a4f1a043ba72,,EXACT_CANONICAL_FOUND,Silene nutans,Silene nutans L.,L.,,,,FUND. BIODIVERSIDAD:ANTHOS:39696,e6e19630a9415359fba90888864d17313873a984ac79a3677c1d62aac943f991,
2381,CARYOPHYLLACEAE,Silene nutans subsp. nutans,NO_API_TAXON,False,KEEP_TAXONIC_RESPONSE,2026-08-19T17:29:43.546973+00:00,EXACT_CANONICAL_FOUND,Silene nutans subsp. nutans,Silene nutans subsp. nutans,,Accepted,,3259393,3259393,6ff1e084d7e1de5bce526a9952c96fbb0f13b4f2c615b0fc30c055f88bfb5483,,EXACT_CANONICAL_FOUND,Silene nutans subsp. nutans,Silene nutans subsp. nutans,,Unchecked,,,wfo-1200107939,ccfc7e3ca85c8b80aa96eb52d4e50e07e1811d28916b544280d8a4f1a043ba72,,EXACT_CANONICAL_FOUND,Silene nutans subsp. nutans,Silene nutans subsp. nutans L.,L.,,,,FUND. BIODIVERSIDAD:ANTHOS:21523,e6e19630a9415359fba90888864d17313873a984ac79a3677c1d62aac943f991,
2383,CARYOPHYLLACEAE,Silene otites subsp. otites,NO_EXACT_MATCH,False,KEEP_TAXONIC_RESPONSE,2026-08-19T17:29:43.546989+00:00,EXACT_CANONICAL_FOUND,Silene otites subsp. otites,Silene otites subsp. otites,,Accepted,,3259391,3259391,6ff1e084d7e1de5bce526a9952c96fbb0f13b4f2c615b0fc30c055f88bfb5483,,EXACT_CANONICAL_FOUND,Silene otites subsp. otites,Silene otites subsp. otites,,Unchecked,,,wfo-1200107802,ccfc7e3ca85c8b80aa96eb52d4e50e07e1811d28916b544280d8a4f1a043ba72,,EXACT_CANONICAL_FOUND,Silene otites subsp. otites,Silene otites subsp. otites (L.) Wibel,(L.) Wibel,,,,FUND. BIODIVERSIDAD:ANTHOS:1453497,e6e19630a9415359fba90888864d17313873a984ac79a3677c1d62aac943f991,
2384,CARYOPHYLLACEAE,Silene portensis subsp. portensis,NO_EXACT_MATCH,False,KEEP_TAXONIC_RESPONSE,2026-08-19T17:29:43.547005+00:00,EXACT_CANONICAL_FOUND,Silene portensis subsp. portensis,Silene portensis subsp. portensis,,Accepted,,3259341,3259341,6ff1e084d7e1de5bce526a9952c96fbb0f13b4f2c615b0fc30c055f88bfb5483,,EXACT_CANONICAL_FOUND,Silene portensis subsp. portensis,Silene portensis subsp. portensis,,Unchecked,,,wfo-1200108583,ccfc7e3ca85c8b80aa96eb52d4e50e07e1811d28916b544280d8a4f1a043ba72,,EXACT_CANONICAL_FOUND,Silene portensis subsp. portensis,Silene portensis subsp. portensis L.,L.,,,,FUND. BIODIVERSIDAD:ANTHOS:59277,e6e19630a9415359fba90888864d17313873a984ac79a3677c1d62aac943f991,
2385,CARYOPHYLLACEAE,Silene rupestris,NO_API_TAXON,False,KEEP_TAXONIC_RESPONSE,2026-08-19T17:29:43.547019+00:00,EXACT_CANONICAL_FOUND,Silene rupestris,Silene rupestris,L.,Synonym,,2664869,2486954,6ff1e084d7e1de5bce526a9952c96fbb0f13b4f2c615b0fc30c055f88bfb5483,,EXACT_CANONICAL_FOUND,Silene rupestris,Silene rupestris,L.,Synonym,,wfo-0000555624,wfo-0000439530,ccfc7e3ca85c8b80aa96eb52d4e50e07e1811d28916b544280d8a4f1a043ba72,,EXACT_CANONICAL_FOUND,Silene rupestris,Silene rupestris L.,L.,,,,FUND. BIODIVERSIDAD:ANTHOS:39684,e6e19630a9415359fba90888864d17313873a984ac79a3677c1d62aac943f991,
2388,CARYOPHYLLACEAE,Silene vulgaris subsp. glareosa,NO_EXACT_MATCH,False,KEEP_TAXONIC_RESPONSE,2026-08-19T17:29:43.547035+00:00,EXACT_CANONICAL_FOUND,Silene vulgaris subsp. glareosa,Silene vulgaris subsp. glareosa,(Jord.) Marsden-Jones & Turrill,Accepted,,2870205,2870205,6ff1e084d7e1de5bce526a9952c96fbb0f13b4f2c615b0fc30c055f88bfb5483,,EXACT_CANONICAL_FOUND,Silene vulgaris subsp. glareosa,Silene vulgaris subsp. glareosa,(Jord.) Marsden-Jones & Turrill,Synonym,,wfo-0000440222,wfo-0000734657,ccfc7e3ca85c8b80aa96eb52d4e50e07e1811d28916b544280d8a4f1a043ba72,,EXACT_CANONICAL_FOUND,Silene vulgaris subsp. glareosa,Silene vulgaris subsp. glareosa (Jord.) Marsden-Jones & Turrill,(Jord.) Marsden-Jones & Turrill,,,,FUND. BIODIVERSIDAD:ANTHOS:958953,e6e19630a9415359fba90888864d17313873a984ac79a3677c1d62aac943f991,
2389,CARYOPHYLLACEAE,Silene vulgaris subsp. prostrata,NO_EXACT_MATCH,False,KEEP_TAXONIC_RESPONSE,2026-08-19T17:29:43.547049+00:00,EXACT_CANONICAL_FOUND,Silene vulgaris subsp. prostrata,Silene vulgaris subsp. prostrata,(Gaudin) Schinz & Thell.,Accepted,,2870207,2870207,6ff1e084d7e1de5bce526a9952c96fbb0f13b4f2c615b0fc30c055f88bfb5483,,EXACT_CANONICAL_FOUND,Silene vulgaris subsp. prostrata,Silene vulgaris subsp. prostrata,(Gaudin) Schinz & Thell.,Synonym,,wfo-0000440208,wfo-0000734659,ccfc7e3ca85c8b80aa96eb52d4e50e07e1811d28916b544280d8a4f1a043ba72,,EXACT_CANONICAL_FOUND,Silene vulgaris subsp. prostrata,Silene vulgaris subsp. prostrata (Gaudin) Schinz & Thell. in Schinz & R. Keller,(Gaudin) Schinz & Thell. in Schinz & R. Keller,,,,FUND. BIODIVERSIDAD:ANTHOS:42172,e6e19630a9415359fba90888864d17313873a984ac79a3677c1d62aac943f991,
2390,CARYOPHYLLACEAE,Silene vulgaris subsp. vulgaris,NO_EXACT_MATCH,False,KEEP_TAXONIC_RESPONSE,2026-08-19T17:29:43.547066+00:00,EXACT_CANONICAL_FOUND,Silene vulgaris subsp. vulgaris,Silene vulgaris subsp. vulgaris,,Accepted,,3259358,3259358,6ff1e084d7e1de5bce526a9952c96fbb0f13b4f2c615b0fc30c055f88bfb5483,,EXACT_CANONICAL_FOUND,Silene vulgaris subsp. vulgaris,Silene vulgaris subsp. vulgaris,,Synonym,,wfo-0000440200,wfo-0001291697,ccfc7e3ca85c8b80aa96eb52d4e50e07e1811d28916b544280d8a4f1a043ba72,,EXACT_CANONICAL_FOUND,Silene vulgaris subsp. vulgaris,Silene vulgaris subsp. vulgaris (Moench) Garcke,(Moench) Garcke,,,,FUND. BIODIVERSIDAD:ANTHOS:21541,e6e19630a9415359fba90888864d17313873a984ac79a3677c1d62aac943f991,
2392,ASPHODELACEAE,Simethis mattiazzi,NO_API_TAXON,False,KEEP_TAXONIC_RESPONSE,2026-08-19T17:29:43.547078+00:00,EXACT_CANONICAL_FOUND,Simethis mattiazzi,Simethis mattiazzi,(Vand.) Sacc.,Accepted,,287770,287770,6ff1e084d7e1de5bce526a9952c96fbb0f13b4f2c615b0fc30c055f88bfb5483,,EXACT_CANONICAL_FOUND,Simethis mattiazzi,Simethis mattiazzi,(Vand.) G.López & C.E.Jarvis,Unchecked,,,wfo-1000084686,ccfc7e3ca85c8b80aa96eb52d4e50e07e1811d28916b544280d8a4f1a043ba72,,EXACT_CANONICAL_NOT_FOUND,,,,,,,,e6e19630a9415359fba90888864d17313873a984ac79a3677c1d62aac943f991,
2393,ASPHODELACEAE,Simethis mattiazzii,NO_API_TAXON,False,KEEP_TAXONIC_RESPONSE,2026-08-19T17:29:43.547092+00:00,EXACT_CANONICAL_NOT_FOUND,,,,,,,,6ff1e084d7e1de5bce526a9952c96fbb0f13b4f2c615b0fc30c055f88bfb5483,,EXACT_CANONICAL_FOUND,Simethis mattiazzii,Simethis mattiazzii,(Vand.) Sacc.,Accepted,,,wfo-0000739080,ccfc7e3ca85c8b80aa96eb52d4e50e07e1811d28916b544280d8a4f1a043ba72,,EXACT_CANONICAL_FOUND,Simethis mattiazzii,Simethis mattiazzii (Vand.) Sacc.,(Vand.) Sacc.,,,,FUND. BIODIVERSIDAD:ANTHOS:1123714,e6e19630a9415359fba90888864d17313873a984ac79a3677c1d62aac943f991,
2394,ASPHODELACEAE,Simethis planifolia,NO_API_TAXON,False,KEEP_TAXONIC_RESPONSE,2026-08-19T17:29:43.547107+00:00,EXACT_CANONICAL_FOUND,Simethis planifolia,Simethis planifolia,(L.) Gren. & Godr.,Synonym,,287770,288410,6ff1e084d7e1de5bce526a9952c96fbb0f13b4f2c615b0fc30c055f88bfb5483,,EXACT_CANONICAL_FOUND,Simethis planifolia,Simethis planifolia,(L.) Gren. & Godr.,Synonym,,wfo-0000739080,wfo-0000740466,ccfc7e3ca85c8b80aa96eb52d4e50e07e1811d28916b544280d8a4f1a043ba72,,EXACT_CANONICAL_NOT_FOUND,,,,,,,,e6e19630a9415359fba90888864d17313873a984ac79a3677c1d62aac943f991,
2395,BRASSICACEAE,Sinapis alba subsp. mairei,NO_EXACT_MATCH,False,KEEP_TAXONIC_RESPONSE,2026-08-19T17:29:43.547123+00:00,EXACT_CANONICAL_FOUND,Sinapis alba subsp. mairei,Sinapis alba subsp. mairei,(H.Lindb.) Maire,Accepted,,2871434,2871434,6ff1e084d7e1de5bce526a9952c96fbb0f13b4f2c615b0fc30c055f88bfb5483,,EXACT_CANONICAL_FOUND,Sinapis alba subsp. mairei,Sinapis alba subsp. mairei,(H.Lindb.) Maire,Accepted,,,wfo-0000735823,ccfc7e3ca85c8b80aa96eb52d4e50e07e1811d28916b544280d8a4f1a043ba72,,EXACT_CANONICAL_FOUND,Sinapis alba subsp. mairei,Sinapis alba subsp. mairei (H. Lindb.) Maire,(H. Lindb.) Maire,,,,FUND. BIODIVERSIDAD:ANTHOS:1030968,e6e19630a9415359fba90888864d17313873a984ac79a3677c1d62aac943f991,
2399,BRASSICACEAE,Sisymbrium austriacum subsp. chrysanthum,NO_API_TAXON,False,KEEP_TAXONIC_RESPONSE,2026-08-19T17:29:43.547139+00:00,EXACT_CANONICAL_FOUND,Sisymbrium austriacum subsp. chrysanthum,Sisymbrium austriacum subsp. chrysanthum,(Jord.) Rouy & Foucaud,Synonym,,2476247,2871106,6ff1e084d7e1de5bce526a9952c96fbb0f13b4f2c615b0fc30c055f88bfb5483,,EXACT_CANONICAL_FOUND,Sisymbrium austriacum subsp. chrysanthum,Sisymbrium austriacum subsp. chrysanthum,(Jord.) Rouy & Foucaud,Synonym,,wfo-0000432564,wfo-0000735494,ccfc7e3ca85c8b80aa96eb52d4e50e07e1811d28916b544280d8a4f1a043ba72,,EXACT_CANONICAL_FOUND,Sisymbrium austriacum subsp. chrysanthum,Sisymbrium austriacum subsp. chrysanthum (Jord.) Rouy & Foucaud,(Jord.) Rouy & Foucaud,,,,FUND. BIODIVERSIDAD:ANTHOS:22504,e6e19630a9415359fba90888864d17313873a984ac79a3677c1d62aac943f991,
2400,BRASSICACEAE,Sisymbrium austriacum subsp. contortum,NO_API_TAXON,False,KEEP_TAXONIC_RESPONSE,2026-08-19T17:29:43.547156+00:00,EXACT_CANONICAL_FOUND,Sisymbrium austriacum subsp. contortum,Sisymbrium austriacum subsp. contortum,(Cav.) Rouy & Foucaud,Synonym,,2474887,2871107,6ff1e084d7e1de5bce526a9952c96fbb0f13b4f2c615b0fc30c055f88bfb5483,,EXACT_CANONICAL_FOUND,Sisymbrium austriacum subsp. contortum,Sisymbrium austriacum subsp. contortum,(Cav.) Rouy & Foucaud,Synonym,,wfo-0000431978,wfo-0000735495,ccfc7e3ca85c8b80aa96eb52d4e50e07e1811d28916b544280d8a4f1a043ba72,,EXACT_CANONICAL_FOUND,Sisymbrium austriacum subsp. contortum,Sisymbrium austriacum subsp. contortum (Cav.) Rouy & Foucaud,(Cav.) Rouy & Foucaud,,,,FUND. BIODIVERSIDAD:ANTHOS:50884,e6e19630a9415359fba90888864d17313873a984ac79a3677c1d62aac943f991,
2402,BRASSICACEAE,Sisymbrium macroloma,NO_API_TAXON,False,KEEP_TAXONIC_RESPONSE,2026-08-19T17:29:43.547170+00:00,EXACT_CANONICAL_FOUND,Sisymbrium macroloma,Sisymbrium macroloma,Pomel,Accepted,,2474976,2474976,6ff1e084d7e1de5bce526a9952c96fbb0f13b4f2c615b0fc30c055f88bfb5483,,EXACT_CANONICAL_FOUND,Sisymbrium macroloma,Sisymbrium macroloma,Pomel,Accepted,,,wfo-0001216512,ccfc7e3ca85c8b80aa96eb52d4e50e07e1811d28916b544280d8a4f1a043ba72,,EXACT_CANONICAL_FOUND,Sisymbrium macroloma,Sisymbrium macroloma Pomel,Pomel,,,,FUND. BIODIVERSIDAD:ANTHOS:22528,e6e19630a9415359fba90888864d17313873a984ac79a3677c1d62aac943f991,
2406,CAPRIFOLIACEAE,Sixalix atropurpurea,NO_API_TAXON,False,KEEP_TAXONIC_RESPONSE,2026-08-19T17:29:43.547185+00:00,EXACT_CANONICAL_FOUND,Sixalix atropurpurea,Sixalix atropurpurea,(L.) Greuter & Burdet,Synonym,,2593568,2594207,6ff1e084d7e1de5bce526a9952c96fbb0f13b4f2c615b0fc30c055f88bfb5483,,EXACT_CANONICAL_FOUND,Sixalix atropurpurea,Sixalix atropurpurea,(L.) Greuter & Burdet,Synonym,,wfo-0000500186,wfo-0000500753,ccfc7e3ca85c8b80aa96eb52d4e50e07e1811d28916b544280d8a4f1a043ba72,,EXACT_CANONICAL_NOT_FOUND,,,,,,,,e6e19630a9415359fba90888864d17313873a984ac79a3677c1d62aac943f991,
2413,ASTERACEAE,Sonchus aquatilis,NO_API_TAXON,False,KEEP_TAXONIC_RESPONSE,2026-08-19T17:29:43.547198+00:00,EXACT_CANONICAL_FOUND,Sonchus aquatilis,Sonchus aquatilis,Pourr.,Synonym,,3062641,3062639,6ff1e084d7e1de5bce526a9952c96fbb0f13b4f2c615b0fc30c055f88bfb5483,,EXACT_CANONICAL_FOUND,Sonchus aquatilis,Sonchus aquatilis,Pourr.,Accepted,,,wfo-0000135732,ccfc7e3ca85c8b80aa96eb52d4e50e07e1811d28916b544280d8a4f1a043ba72,,EXACT_CANONICAL_NOT_FOUND,,,,,,,,e6e19630a9415359fba90888864d17313873a984ac79a3677c1d62aac943f991,
2416,ASTERACEAE,Sonchus asper subsp. asper,NO_EXACT_MATCH,False,KEEP_TAXONIC_RESPONSE,2026-08-19T17:29:43.547215+00:00,EXACT_CANONICAL_FOUND,Sonchus asper subsp. asper,Sonchus asper subsp. asper,,Accepted,,3266669,3266669,6ff1e084d7e1de5bce526a9952c96fbb0f13b4f2c615b0fc30c055f88bfb5483,,EXACT_CANONICAL_FOUND,Sonchus asper subsp. asper,Sonchus asper subsp. asper,(L.) Hill,Accepted,,,wfo-0000083410,ccfc7e3ca85c8b80aa96eb52d4e50e07e1811d28916b544280d8a4f1a043ba72,,EXACT_CANONICAL_FOUND,Sonchus asper subsp. asper,Sonchus asper subsp. asper (L.) Hill,(L.) Hill,,,,FUND. BIODIVERSIDAD:ANTHOS:34334,e6e19630a9415359fba90888864d17313873a984ac79a3677c1d62aac943f991,
2417,ASTERACEAE,Sonchus asper subsp. glaucescens,NO_EXACT_MATCH,False,KEEP_TAXONIC_RESPONSE,2026-08-19T17:29:43.547230+00:00,EXACT_CANONICAL_FOUND,Sonchus asper subsp. glaucescens,Sonchus asper subsp. glaucescens,(Jord.) Ball,Accepted,,3062570,3062570,6ff1e084d7e1de5bce526a9952c96fbb0f13b4f2c615b0fc30c055f88bfb5483,,EXACT_CANONICAL_FOUND,Sonchus asper subsp. glaucescens,Sonchus asper subsp. glaucescens,(Jord.) Ball,Accepted,,,wfo-0000096739,ccfc7e3ca85c8b80aa96eb52d4e50e07e1811d28916b544280d8a4f1a043ba72,,EXACT_CANONICAL_FOUND,Sonchus asper subsp. glaucescens,Sonchus asper subsp. glaucescens (Jord.) Ball,(Jord.) Ball,,,,FUND. BIODIVERSIDAD:ANTHOS:52699,e6e19630a9415359fba90888864d17313873a984ac79a3677c1d62aac943f991,
2422,ROSACEAE,Sorbus aria subsp. aria,NO_EXACT_MATCH,False,KEEP_TAXONIC_RESPONSE,2026-08-19T17:29:43.547244+00:00,EXACT_CANONICAL_NOT_FOUND,,,,,,,,6ff1e084d7e1de5bce526a9952c96fbb0f13b4f2c615b0fc30c055f88bfb5483,,EXACT_CANONICAL_FOUND,Sorbus aria subsp. aria,Sorbus aria subsp. aria,,Unchecked,,,wfo-0000984413,ccfc7e3ca85c8b80aa96eb52d4e50e07e1811d28916b544280d8a4f1a043ba72,,EXACT_CANONICAL_NOT_FOUND,,,,,,,,e6e19630a9415359fba90888864d17313873a984ac79a3677c1d62aac943f991,
2434,CARYOPHYLLACEAE,Spergula bocconei,NO_API_TAXON,False,KEEP_TAXONIC_RESPONSE,2026-08-19T17:29:43.547257+00:00,EXACT_CANONICAL_FOUND,Spergula bocconei,Spergula bocconei,(Scheele) Pedersen,Synonym,,2478142,2487610,6ff1e084d7e1de5bce526a9952c96fbb0f13b4f2c615b0fc30c055f88bfb5483,,EXACT_CANONICAL_FOUND,Spergula bocconei,Spergula bocconei,(Scheele) Pedersen,Synonym,,wfo-0000433735,wfo-0000440028,ccfc7e3ca85c8b80aa96eb52d4e50e07e1811d28916b544280d8a4f1a043ba72,,EXACT_CANONICAL_NOT_FOUND,,,,,,,,e6e19630a9415359fba90888864d17313873a984ac79a3677c1d62aac943f991,
2435,CARYOPHYLLACEAE,Spergula capillacea,NO_API_TAXON,False,KEEP_TAXONIC_RESPONSE,2026-08-19T17:29:43.547271+00:00,EXACT_CANONICAL_FOUND,Spergula capillacea,Spergula capillacea,(Kindb. & Lange) G.López,Synonym,,2482106,2998764,6ff1e084d7e1de5bce526a9952c96fbb0f13b4f2c615b0fc30c055f88bfb5483,,EXACT_CANONICAL_NOT_FOUND,,,,,,,,ccfc7e3ca85c8b80aa96eb52d4e50e07e1811d28916b544280d8a4f1a043ba72,,EXACT_CANONICAL_NOT_FOUND,,,,,,,,e6e19630a9415359fba90888864d17313873a984ac79a3677c1d62aac943f991,
2436,CARYOPHYLLACEAE,Spergula diandra,NO_API_TAXON,False,KEEP_TAXONIC_RESPONSE,2026-08-19T17:29:43.547283+00:00,EXACT_CANONICAL_FOUND,Spergula diandra,Spergula diandra,(Guss.) Murb.,Synonym,,2482163,2487612,6ff1e084d7e1de5bce526a9952c96fbb0f13b4f2c615b0fc30c055f88bfb5483,,EXACT_CANONICAL_FOUND,Spergula diandra,Spergula diandra,(Guss.) Murb.,Synonym,,wfo-0000436482,wfo-0000440029,ccfc7e3ca85c8b80aa96eb52d4e50e07e1811d28916b544280d8a4f1a043ba72,,EXACT_CANONICAL_NOT_FOUND,,,,,,,,e6e19630a9415359fba90888864d17313873a984ac79a3677c1d62aac943f991,
2437,CARYOPHYLLACEAE,Spergula marina,NO_API_TAXON,False,KEEP_TAXONIC_RESPONSE,2026-08-19T17:29:43.547298+00:00,EXACT_CANONICAL_FOUND,Spergula marina,Spergula marina,(L.) Bartl. & H.L.Wendl.,Synonym,,2487483,2487651,6ff1e084d7e1de5bce526a9952c96fbb0f13b4f2c615b0fc30c055f88bfb5483,,EXACT_CANONICAL_FOUND,Spergula marina,Spergula marina,Bartl. & H.L.Wendl.,Synonym,,wfo-0000439925,wfo-0000440059,ccfc7e3ca85c8b80aa96eb52d4e50e07e1811d28916b544280d8a4f1a043ba72,,EXACT_CANONICAL_NOT_FOUND,,,,,,,,e6e19630a9415359fba90888864d17313873a984ac79a3677c1d62aac943f991,
2438,CARYOPHYLLACEAE,Spergula media,NO_API_TAXON,False,KEEP_TAXONIC_RESPONSE,2026-08-19T17:29:43.547312+00:00,EXACT_CANONICAL_FOUND,Spergula media,Spergula media,(L.) Bartl. & H.L.Wendl.,Synonym,,2487471,2487626,6ff1e084d7e1de5bce526a9952c96fbb0f13b4f2c615b0fc30c055f88bfb5483,,EXACT_CANONICAL_FOUND,Spergula media,Spergula media,Bartl. & H.L.Wendl.,Synonym,,wfo-0000439919,wfo-0000440041,ccfc7e3ca85c8b80aa96eb52d4e50e07e1811d28916b544280d8a4f1a043ba72,,EXACT_CANONICAL_NOT_FOUND,,,,,,,,e6e19630a9415359fba90888864d17313873a984ac79a3677c1d62aac943f991,
2439,CARYOPHYLLACEAE,Spergula morisonii,NO_API_TAXON,False,KEEP_TAXONIC_RESPONSE,2026-08-19T17:29:43.547325+00:00,EXACT_CANONICAL_FOUND,Spergula morisonii,Spergula morisonii,Boreau,Accepted,,2487622,2487622,6ff1e084d7e1de5bce526a9952c96fbb0f13b4f2c615b0fc30c055f88bfb5483,,EXACT_CANONICAL_FOUND,Spergula morisonii,Spergula morisonii,Boreau,Accepted,,,wfo-0000440039,ccfc7e3ca85c8b80aa96eb52d4e50e07e1811d28916b544280d8a4f1a043ba72,,EXACT_CANONICAL_FOUND,Spergula morisonii,Spergula morisonii Boreau,Boreau,,,,FUND. BIODIVERSIDAD:ANTHOS:1123777,e6e19630a9415359fba90888864d17313873a984ac79a3677c1d62aac943f991,
2441,CARYOPHYLLACEAE,Spergula rubra,NO_API_TAXON,False,KEEP_TAXONIC_RESPONSE,2026-08-19T17:29:43.547339+00:00,EXACT_CANONICAL_FOUND,Spergula rubra,Spergula rubra,(L.) Bartl.,Synonym,,2482087,2487541,6ff1e084d7e1de5bce526a9952c96fbb0f13b4f2c615b0fc30c055f88bfb5483,,EXACT_CANONICAL_FOUND,Spergula rubra,Spergula rubra,(L.) D.Dietr.,Accepted,,,wfo-0001291353,ccfc7e3ca85c8b80aa96eb52d4e50e07e1811d28916b544280d8a4f1a043ba72,,EXACT_CANONICAL_NOT_FOUND,,,,,,,,e6e19630a9415359fba90888864d17313873a984ac79a3677c1d62aac943f991,
2447,ROSACEAE,Spiraea hypericifolia subsp. obovata,NO_API_TAXON,False,KEEP_TAXONIC_RESPONSE,2026-08-19T17:29:43.547356+00:00,EXACT_CANONICAL_FOUND,Spiraea hypericifolia subsp. obovata,Spiraea hypericifolia subsp. obovata,(Waldst. & Kit. ex Willd.) H.Huber,Accepted,,2993208,2993208,6ff1e084d7e1de5bce526a9952c96fbb0f13b4f2c615b0fc30c055f88bfb5483,,EXACT_CANONICAL_FOUND,Spiraea hypericifolia subsp. obovata,Spiraea hypericifolia subsp. obovata,(Waldst. & Kit. ex Willd.) H.Huber,Accepted,,,wfo-0001007659,ccfc7e3ca85c8b80aa96eb52d4e50e07e1811d28916b544280d8a4f1a043ba72,,EXACT_CANONICAL_FOUND,Spiraea hypericifolia subsp. obovata,Spiraea hypericifolia subsp. obovata (Waldst. & Kit. ex Willd.) H. Huber in Hegi,(Waldst. & Kit. ex Willd.) H. Huber in Hegi,,,,FUND. BIODIVERSIDAD:ANTHOS:23774,e6e19630a9415359fba90888864d17313873a984ac79a3677c1d62aac943f991,
2453,LAMIACEAE,Stachys heraclea,NO_API_TAXON,False,KEEP_TAXONIC_RESPONSE,2026-08-19T17:29:43.547372+00:00,EXACT_CANONICAL_FOUND,Stachys heraclea,Stachys heraclea,Webb ex Ball,Invalid,,195098,195145,6ff1e084d7e1de5bce526a9952c96fbb0f13b4f2c615b0fc30c055f88bfb5483,,EXACT_CANONICAL_FOUND,Stachys heraclea,Stachys heraclea,Webb ex Ball,Synonym,,wfo-0000314027,wfo-0000314077,ccfc7e3ca85c8b80aa96eb52d4e50e07e1811d28916b544280d8a4f1a043ba72,,EXACT_CANONICAL_FOUND,Stachys heraclea,Stachys heraclea All.,All.,,,,FUND. BIODIVERSIDAD:ANTHOS:30347,e6e19630a9415359fba90888864d17313873a984ac79a3677c1d62aac943f991,
2454,LAMIACEAE,Stachys recta subsp. recta,NO_EXACT_MATCH,False,KEEP_TAXONIC_RESPONSE,2026-08-19T17:29:43.547387+00:00,EXACT_CANONICAL_FOUND,Stachys recta subsp. recta,Stachys recta subsp. recta,,Accepted,,195538,195538,6ff1e084d7e1de5bce526a9952c96fbb0f13b4f2c615b0fc30c055f88bfb5483,,EXACT_CANONICAL_FOUND,Stachys recta subsp. recta,Stachys recta subsp. recta,,Accepted,,,wfo-0000314493,ccfc7e3ca85c8b80aa96eb52d4e50e07e1811d28916b544280d8a4f1a043ba72,,EXACT_CANONICAL_NOT_FOUND,,,,,,,,e6e19630a9415359fba90888864d17313873a984ac79a3677c1d62aac943f991,
2456,ASTERACEAE,Staehelina dubia,NO_API_TAXON,False,KEEP_TAXONIC_RESPONSE,2026-08-19T17:29:43.547403+00:00,EXACT_CANONICAL_FOUND,Staehelina dubia,Staehelina dubia,L.,Accepted,,3040718,3040718,6ff1e084d7e1de5bce526a9952c96fbb0f13b4f2c615b0fc30c055f88bfb5483,,EXACT_CANONICAL_FOUND,Staehelina dubia,Staehelina dubia,L.,Accepted,,,wfo-0000044492,ccfc7e3ca85c8b80aa96eb52d4e50e07e1811d28916b544280d8a4f1a043ba72,,EXACT_CANONICAL_FOUND,Staehelina dubia,Staehelina dubia L.,L.,,,,FUND. BIODIVERSIDAD:ANTHOS:33668,e6e19630a9415359fba90888864d17313873a984ac79a3677c1d62aac943f991,
2459,CARYOPHYLLACEAE,Stellaria holostea,NO_API_TAXON,False,KEEP_TAXONIC_RESPONSE,2026-08-19T17:29:43.547415+00:00,EXACT_CANONICAL_FOUND,Stellaria holostea,Stellaria holostea,L.,Synonym,,3246437,2481934,6ff1e084d7e1de5bce526a9952c96fbb0f13b4f2c615b0fc30c055f88bfb5483,,EXACT_CANONICAL_FOUND,Stellaria holostea,Stellaria holostea,L.,Synonym,,wfo-1000079164,wfo-0000436323,ccfc7e3ca85c8b80aa96eb52d4e50e07e1811d28916b544280d8a4f1a043ba72,,EXACT_CANONICAL_FOUND,Stellaria holostea,Stellaria holostea L.,L.,,,,FUND. BIODIVERSIDAD:ANTHOS:1124359,e6e19630a9415359fba90888864d17313873a984ac79a3677c1d62aac943f991,
2462,CARYOPHYLLACEAE,Stellaria nemorum subsp. montana,NO_EXACT_MATCH,False,KEEP_TAXONIC_RESPONSE,2026-08-19T17:29:43.547431+00:00,EXACT_CANONICAL_FOUND,Stellaria nemorum subsp. montana,Stellaria nemorum subsp. montana,Berher,Accepted,,2916102,2916102,6ff1e084d7e1de5bce526a9952c96fbb0f13b4f2c615b0fc30c055f88bfb5483,,EXACT_CANONICAL_FOUND,Stellaria nemorum subsp. montana,Stellaria nemorum subsp. montana,(Pierrat) Berher,Unchecked,,,wfo-1200112890,ccfc7e3ca85c8b80aa96eb52d4e50e07e1811d28916b544280d8a4f1a043ba72,,EXACT_CANONICAL_FOUND,Stellaria nemorum subsp. montana,Stellaria nemorum subsp. montana (Pierrat) Berher,(Pierrat) Berher,,,,FUND. BIODIVERSIDAD:ANTHOS:104106,e6e19630a9415359fba90888864d17313873a984ac79a3677c1d62aac943f991,
2465,POACEAE,Stipa gigantea subsp. gigantea,NO_EXACT_MATCH,False,NO_RESPONSE_ALL_THREE,2026-08-19T17:29:43.547446+00:00,EXACT_CANONICAL_NOT_FOUND,,,,,,,,6ff1e084d7e1de5bce526a9952c96fbb0f13b4f2c615b0fc30c055f88bfb5483,,EXACT_CANONICAL_NOT_FOUND,,,,,,,,ccfc7e3ca85c8b80aa96eb52d4e50e07e1811d28916b544280d8a4f1a043ba72,,EXACT_CANONICAL_NOT_FOUND,,,,,,,,e6e19630a9415359fba90888864d17313873a984ac79a3677c1d62aac943f991,
2470,LILIACEAE,Streptopus amplexifolius,NO_API_TAXON,False,KEEP_TAXONIC_RESPONSE,2026-08-19T17:29:43.547462+00:00,EXACT_CANONICAL_FOUND,Streptopus amplexifolius,Streptopus amplexifolius,(L.) DC.,Accepted,,287538,287538,6ff1e084d7e1de5bce526a9952c96fbb0f13b4f2c615b0fc30c055f88bfb5483,,EXACT_CANONICAL_FOUND,Streptopus amplexifolius,Streptopus amplexifolius,(L.) DC.,Accepted,,,wfo-0000738256,ccfc7e3ca85c8b80aa96eb52d4e50e07e1811d28916b544280d8a4f1a043ba72,,EXACT_CANONICAL_FOUND,Streptopus amplexifolius,Streptopus amplexifolius (L.) DC. in Lam. & DC.,(L.) DC. in Lam. & DC.,,,,FUND. BIODIVERSIDAD:ANTHOS:41156,e6e19630a9415359fba90888864d17313873a984ac79a3677c1d62aac943f991,
2471,AMARANTHACEAE,Suaeda spicata,NO_API_TAXON,False,KEEP_TAXONIC_RESPONSE,2026-08-19T17:29:43.547475+00:00,EXACT_CANONICAL_FOUND,Suaeda spicata,Suaeda spicata,(Willd.) Moq.,Accepted,,2484705,2484705,6ff1e084d7e1de5bce526a9952c96fbb0f13b4f2c615b0fc30c055f88bfb5483,,EXACT_CANONICAL_FOUND,Suaeda spicata,Suaeda spicata,(Willd.) Moq.,Accepted,,,wfo-0000438065,ccfc7e3ca85c8b80aa96eb52d4e50e07e1811d28916b544280d8a4f1a043ba72,,EXACT_CANONICAL_FOUND,Suaeda spicata,Suaeda spicata (Willd.) Moq.,(Willd.) Moq.,,,,FUND. BIODIVERSIDAD:ANTHOS:223384,e6e19630a9415359fba90888864d17313873a984ac79a3677c1d62aac943f991,
2472,AMARANTHACEAE,Suaeda vera subsp. braun-blanquetii,NO_EXACT_MATCH,False,NO_RESPONSE_ALL_THREE,2026-08-19T17:29:43.547490+00:00,EXACT_CANONICAL_NOT_FOUND,,,,,,,,6ff1e084d7e1de5bce526a9952c96fbb0f13b4f2c615b0fc30c055f88bfb5483,,EXACT_CANONICAL_NOT_FOUND,,,,,,,,ccfc7e3ca85c8b80aa96eb52d4e50e07e1811d28916b544280d8a4f1a043ba72,,EXACT_CANONICAL_NOT_FOUND,,,,,,,,e6e19630a9415359fba90888864d17313873a984ac79a3677c1d62aac943f991,
2481,DIOSCOREACEAE,Tamus communis,NO_API_TAXON,False,KEEP_TAXONIC_RESPONSE,2026-08-19T17:29:43.547504+00:00,EXACT_CANONICAL_FOUND,Tamus communis,Tamus communis,L.,Synonym,,239990,267905,6ff1e084d7e1de5bce526a9952c96fbb0f13b4f2c615b0fc30c055f88bfb5483,,EXACT_CANONICAL_FOUND,Tamus communis,Tamus communis,L.,Synonym,,wfo-0000389997,wfo-0000568332,ccfc7e3ca85c8b80aa96eb52d4e50e07e1811d28916b544280d8a4f1a043ba72,,EXACT_CANONICAL_FOUND,Tamus communis,Tamus communis L.,L.,,,,FUND. BIODIVERSIDAD:ANTHOS:1123842,e6e19630a9415359fba90888864d17313873a984ac79a3677c1d62aac943f991,
2483,ASTERACEAE,Tanacetum corymbosum subsp. corymbosum,NO_EXACT_MATCH,False,KEEP_TAXONIC_RESPONSE,2026-08-19T17:29:43.547521+00:00,EXACT_CANONICAL_FOUND,Tanacetum corymbosum subsp. corymbosum,Tanacetum corymbosum subsp. corymbosum,,Accepted,,3111595,3111595,6ff1e084d7e1de5bce526a9952c96fbb0f13b4f2c615b0fc30c055f88bfb5483,,EXACT_CANONICAL_FOUND,Tanacetum corymbosum subsp. corymbosum,Tanacetum corymbosum subsp. corymbosum,,Accepted,,,wfo-0000046960,ccfc7e3ca85c8b80aa96eb52d4e50e07e1811d28916b544280d8a4f1a043ba72,,EXACT_CANONICAL_NOT_FOUND,,,,,,,,e6e19630a9415359fba90888864d17313873a984ac79a3677c1d62aac943f991,
2485,ASTERACEAE,Taraxacum ciliare,NO_API_TAXON,False,KEEP_TAXONIC_RESPONSE,2026-08-19T17:29:43.547535+00:00,EXACT_CANONICAL_FOUND,Taraxacum ciliare,Taraxacum ciliare,Soest,Accepted,,3058890,3058890,6ff1e084d7e1de5bce526a9952c96fbb0f13b4f2c615b0fc30c055f88bfb5483,,EXACT_CANONICAL_FOUND,Taraxacum ciliare,Taraxacum ciliare,Soest,Accepted,,,wfo-0000074500,ccfc7e3ca85c8b80aa96eb52d4e50e07e1811d28916b544280d8a4f1a043ba72,,EXACT_CANONICAL_FOUND,Taraxacum ciliare,Taraxacum ciliare Soest,Soest,,,,FUND. BIODIVERSIDAD:ANTHOS:2621696,e6e19630a9415359fba90888864d17313873a984ac79a3677c1d62aac943f991,
2486,ASTERACEAE,Taraxacum elegantius,NO_API_TAXON,False,KEEP_TAXONIC_RESPONSE,2026-08-19T17:29:43.547548+00:00,EXACT_CANONICAL_FOUND,Taraxacum elegantius,Taraxacum elegantius,"Kirschner, H.Øllg. & Štěpánek",Accepted,,3058984,3058984,6ff1e084d7e1de5bce526a9952c96fbb0f13b4f2c615b0fc30c055f88bfb5483,,EXACT_CANONICAL_FOUND,Taraxacum elegantius,Taraxacum elegantius,"Kirschner, H.Øllg. & Štěpánek",Accepted,,,wfo-0000043742,ccfc7e3ca85c8b80aa96eb52d4e50e07e1811d28916b544280d8a4f1a043ba72,,EXACT_CANONICAL_NOT_FOUND,,,,,,,,e6e19630a9415359fba90888864d17313873a984ac79a3677c1d62aac943f991,
2487,ASTERACEAE,Taraxacum gasparrinii,NO_API_TAXON,False,KEEP_TAXONIC_RESPONSE,2026-08-19T17:29:43.547563+00:00,EXACT_CANONICAL_FOUND,Taraxacum gasparrinii,Taraxacum gasparrinii,Tineo ex Lojac.,Accepted,,3059278,3059278,6ff1e084d7e1de5bce526a9952c96fbb0f13b4f2c615b0fc30c055f88bfb5483,,EXACT_CANONICAL_FOUND,Taraxacum gasparrinii,Taraxacum gasparrinii,Tineo ex Lojac.,Unchecked,,,wfo-0000125845,ccfc7e3ca85c8b80aa96eb52d4e50e07e1811d28916b544280d8a4f1a043ba72,,EXACT_CANONICAL_FOUND,Taraxacum gasparrinii,Taraxacum gasparrinii Lojac.,Lojac.,,,,FUND. BIODIVERSIDAD:ANTHOS:68454,e6e19630a9415359fba90888864d17313873a984ac79a3677c1d62aac943f991,
2488,ASTERACEAE,Taraxacum gr.,UNPARSABLE_NAME,False,NO_RESPONSE_ALL_THREE,2026-08-19T17:29:43.547576+00:00,EXACT_CANONICAL_NOT_FOUND,,,,,,,,6ff1e084d7e1de5bce526a9952c96fbb0f13b4f2c615b0fc30c055f88bfb5483,,EXACT_CANONICAL_NOT_FOUND,,,,,,,,ccfc7e3ca85c8b80aa96eb52d4e50e07e1811d28916b544280d8a4f1a043ba72,,EXACT_CANONICAL_NOT_FOUND,,,,,,,,e6e19630a9415359fba90888864d17313873a984ac79a3677c1d62aac943f991,
2489,ASTERACEAE,Taraxacum malato-belizii,NO_API_TAXON,False,KEEP_TAXONIC_RESPONSE,2026-08-19T17:29:43.547592+00:00,EXACT_CANONICAL_FOUND,Taraxacum malato-belizii,Taraxacum malato-belizii,Soest,Accepted,,3059441,3059441,6ff1e084d7e1de5bce526a9952c96fbb0f13b4f2c615b0fc30c055f88bfb5483,,EXACT_CANONICAL_FOUND,Taraxacum malato-belizii,Taraxacum malato-belizii,Soest,Accepted,,,wfo-0000048331,ccfc7e3ca85c8b80aa96eb52d4e50e07e1811d28916b544280d8a4f1a043ba72,,EXACT_CANONICAL_FOUND,Taraxacum malato-belizii,Taraxacum malato-belizii Soest,Soest,,,,FUND. BIODIVERSIDAD:ANTHOS:1376097,e6e19630a9415359fba90888864d17313873a984ac79a3677c1d62aac943f991,
2490,ASTERACEAE,Taraxacum marginellum,NO_API_TAXON,False,KEEP_TAXONIC_RESPONSE,2026-08-19T17:29:43.547605+00:00,EXACT_CANONICAL_FOUND,Taraxacum marginellum,Taraxacum marginellum,M.P.Christ.,Synonym,,3058883,3058882,6ff1e084d7e1de5bce526a9952c96fbb0f13b4f2c615b0fc30c055f88bfb5483,,EXACT_CANONICAL_FOUND,Taraxacum marginellum,Taraxacum marginellum,M.P.Christ.,Synonym,,wfo-0000049277,wfo-0000006163,ccfc7e3ca85c8b80aa96eb52d4e50e07e1811d28916b544280d8a4f1a043ba72,,EXACT_CANONICAL_FOUND,Taraxacum marginellum,Taraxacum marginellum H. Lindb.,H. Lindb.,,,,FUND. BIODIVERSIDAD:ANTHOS:34504,e6e19630a9415359fba90888864d17313873a984ac79a3677c1d62aac943f991,
2491,ASTERACEAE,Taraxacum obovatum,NO_API_TAXON,False,KEEP_TAXONIC_RESPONSE,2026-08-19T17:29:43.547620+00:00,EXACT_CANONICAL_FOUND,Taraxacum obovatum,Taraxacum obovatum,(Willd.) DC.,Accepted,,3060026,3060026,6ff1e084d7e1de5bce526a9952c96fbb0f13b4f2c615b0fc30c055f88bfb5483,,EXACT_CANONICAL_FOUND,Taraxacum obovatum,Taraxacum obovatum,(Willd.) DC.,Accepted,,,wfo-0000017127,ccfc7e3ca85c8b80aa96eb52d4e50e07e1811d28916b544280d8a4f1a043ba72,,EXACT_CANONICAL_FOUND,Taraxacum obovatum,Taraxacum obovatum (Willd.) DC.,(Willd.) DC.,,,,FUND. BIODIVERSIDAD:ANTHOS:1123846,e6e19630a9415359fba90888864d17313873a984ac79a3677c1d62aac943f991,
2492,ASTERACEAE,Taraxacum pinto-silvae,NO_API_TAXON,False,KEEP_TAXONIC_RESPONSE,2026-08-19T17:29:43.547633+00:00,EXACT_CANONICAL_FOUND,Taraxacum pinto-silvae,Taraxacum pinto-silvae,Soest,Accepted,,3060197,3060197,6ff1e084d7e1de5bce526a9952c96fbb0f13b4f2c615b0fc30c055f88bfb5483,,EXACT_CANONICAL_FOUND,Taraxacum pinto-silvae,Taraxacum pinto-silvae,Soest,Accepted,,,wfo-0000126572,ccfc7e3ca85c8b80aa96eb52d4e50e07e1811d28916b544280d8a4f1a043ba72,,EXACT_CANONICAL_FOUND,Taraxacum pinto-silvae,Taraxacum pinto-silvae Soest,Soest,,,,FUND. BIODIVERSIDAD:ANTHOS:1376143,e6e19630a9415359fba90888864d17313873a984ac79a3677c1d62aac943f991,
2493,ASTERACEAE,Taraxacum pyropappum,NO_API_TAXON,False,KEEP_TAXONIC_RESPONSE,2026-08-19T17:29:43.547649+00:00,EXACT_CANONICAL_FOUND,Taraxacum pyropappum,Taraxacum pyropappum,Boiss. & Reut.,Accepted,,3060553,3060553,6ff1e084d7e1de5bce526a9952c96fbb0f13b4f2c615b0fc30c055f88bfb5483,,EXACT_CANONICAL_FOUND,Taraxacum pyropappum,Taraxacum pyropappum,Boiss. & Reut.,Synonym,,wfo-1200067475,wfo-0000117037,ccfc7e3ca85c8b80aa96eb52d4e50e07e1811d28916b544280d8a4f1a043ba72,,EXACT_CANONICAL_FOUND,Taraxacum pyropappum,Taraxacum pyropappum Boiss. & Reut.,Boiss. & Reut.,,,,FUND. BIODIVERSIDAD:ANTHOS:56960,e6e19630a9415359fba90888864d17313873a984ac79a3677c1d62aac943f991,
2494,ASTERACEAE,Taraxacum sp.,UNPARSABLE_NAME,False,NO_RESPONSE_ALL_THREE,2026-08-19T17:29:43.547662+00:00,EXACT_CANONICAL_NOT_FOUND,,,,,,,,6ff1e084d7e1de5bce526a9952c96fbb0f13b4f2c615b0fc30c055f88bfb5483,,EXACT_CANONICAL_NOT_FOUND,,,,,,,,ccfc7e3ca85c8b80aa96eb52d4e50e07e1811d28916b544280d8a4f1a043ba72,,EXACT_CANONICAL_NOT_FOUND,,,,,,,,e6e19630a9415359fba90888864d17313873a984ac79a3677c1d62aac943f991,
2497,BRASSICACEAE,Teesdalia nudicaulis,NO_API_TAXON,False,KEEP_TAXONIC_RESPONSE,2026-08-19T17:29:43.547677+00:00,EXACT_CANONICAL_FOUND,Teesdalia nudicaulis,Teesdalia nudicaulis,(L.) W.T.Aiton,Accepted,,2437875,2437875,6ff1e084d7e1de5bce526a9952c96fbb0f13b4f2c615b0fc30c055f88bfb5483,,EXACT_CANONICAL_FOUND,Teesdalia nudicaulis,Teesdalia nudicaulis,(L.) W.T.Aiton,Accepted,,,wfo-0000411015,ccfc7e3ca85c8b80aa96eb52d4e50e07e1811d28916b544280d8a4f1a043ba72,,EXACT_CANONICAL_FOUND,Teesdalia nudicaulis,Teesdalia nudicaulis (L.) R. Br. in W.T. Aiton,(L.) R. Br. in W.T. Aiton,,,,FUND. BIODIVERSIDAD:ANTHOS:1123855,e6e19630a9415359fba90888864d17313873a984ac79a3677c1d62aac943f991,
2499,FABACEAE,Tetragonolobus maritimus,NO_API_TAXON,False,KEEP_TAXONIC_RESPONSE,2026-08-19T17:29:43.547691+00:00,EXACT_CANONICAL_FOUND,Tetragonolobus maritimus,Tetragonolobus maritimus,(L.) Roth,Synonym,,2345120,2443700,6ff1e084d7e1de5bce526a9952c96fbb0f13b4f2c615b0fc30c055f88bfb5483,,EXACT_CANONICAL_FOUND,Tetragonolobus maritimus,Tetragonolobus maritimus,(L.) Roth,Synonym,,wfo-0000212213,wfo-0000212214,ccfc7e3ca85c8b80aa96eb52d4e50e07e1811d28916b544280d8a4f1a043ba72,,EXACT_CANONICAL_FOUND,Tetragonolobus maritimus,Tetragonolobus maritimus (L.) Roth,(L.) Roth,,,,FUND. BIODIVERSIDAD:ANTHOS:1123860,e6e19630a9415359fba90888864d17313873a984ac79a3677c1d62aac943f991,
2503,LAMIACEAE,Teucrium gnaphalodes,NO_API_TAXON,False,KEEP_TAXONIC_RESPONSE,2026-08-19T17:29:43.547706+00:00,EXACT_CANONICAL_FOUND,Teucrium gnaphalodes,Teucrium gnaphalodes,L'Hér.,Accepted,,202949,202949,6ff1e084d7e1de5bce526a9952c96fbb0f13b4f2c615b0fc30c055f88bfb5483,,EXACT_CANONICAL_FOUND,Teucrium gnaphalodes,Teucrium gnaphalodes,L'Hér.,Accepted,,,wfo-0000322156,ccfc7e3ca85c8b80aa96eb52d4e50e07e1811d28916b544280d8a4f1a043ba72,,EXACT_CANONICAL_FOUND,Teucrium gnaphalodes,Teucrium gnaphalodes L´Hér.,L´Hér.,,,,FUND. BIODIVERSIDAD:ANTHOS:78513,e6e19630a9415359fba90888864d17313873a984ac79a3677c1d62aac943f991,
2504,LAMIACEAE,Teucrium polium,NO_API_TAXON,False,KEEP_TAXONIC_RESPONSE,2026-08-19T17:29:43.547719+00:00,EXACT_CANONICAL_FOUND,Teucrium polium,Teucrium polium,L.,Accepted,,203217,203217,6ff1e084d7e1de5bce526a9952c96fbb0f13b4f2c615b0fc30c055f88bfb5483,,EXACT_CANONICAL_FOUND,Teucrium polium,Teucrium polium,L.,Accepted,,,wfo-0000322436,ccfc7e3ca85c8b80aa96eb52d4e50e07e1811d28916b544280d8a4f1a043ba72,,EXACT_CANONICAL_FOUND,Teucrium polium,Teucrium polium L.,L.,,,,FUND. BIODIVERSIDAD:ANTHOS:58659,e6e19630a9415359fba90888864d17313873a984ac79a3677c1d62aac943f991,
2505,LAMIACEAE,Teucrium pyrenaicum,NO_API_TAXON,False,KEEP_TAXONIC_RESPONSE,2026-08-19T17:29:43.547734+00:00,EXACT_CANONICAL_FOUND,Teucrium pyrenaicum,Teucrium pyrenaicum,L.,Accepted,,203314,203314,6ff1e084d7e1de5bce526a9952c96fbb0f13b4f2c615b0fc30c055f88bfb5483,,EXACT_CANONICAL_FOUND,Teucrium pyrenaicum,Teucrium pyrenaicum,L.,Accepted,,,wfo-0000322540,ccfc7e3ca85c8b80aa96eb52d4e50e07e1811d28916b544280d8a4f1a043ba72,,EXACT_CANONICAL_FOUND,Teucrium pyrenaicum,Teucrium pyrenaicum L.,L.,,,,FUND. BIODIVERSIDAD:ANTHOS:40925,e6e19630a9415359fba90888864d17313873a984ac79a3677c1d62aac943f991,
2508,RANUNCULACEAE,Thalictrum minus subsp. minus,NO_EXACT_MATCH,False,KEEP_TAXONIC_RESPONSE,2026-08-19T17:29:43.547748+00:00,EXACT_CANONICAL_FOUND,Thalictrum minus subsp. minus,Thalictrum minus subsp. minus,,Accepted,,3259794,3259794,6ff1e084d7e1de5bce526a9952c96fbb0f13b4f2c615b0fc30c055f88bfb5483,,EXACT_CANONICAL_FOUND,Thalictrum minus subsp. minus,Thalictrum minus subsp. minus,,Unchecked,,,wfo-0001316403,ccfc7e3ca85c8b80aa96eb52d4e50e07e1811d28916b544280d8a4f1a043ba72,,EXACT_CANONICAL_FOUND,Thalictrum minus subsp. minus,Thalictrum minus subsp. minus L.,L.,,,,FUND. BIODIVERSIDAD:ANTHOS:22284,e6e19630a9415359fba90888864d17313873a984ac79a3677c1d62aac943f991,
2509,RANUNCULACEAE,Thalictrum tuberosum,NO_API_TAXON,False,KEEP_TAXONIC_RESPONSE,2026-08-19T17:29:43.547766+00:00,EXACT_CANONICAL_FOUND,Thalictrum tuberosum,Thalictrum tuberosum,L.,Accepted,,2512822,2512822,6ff1e084d7e1de5bce526a9952c96fbb0f13b4f2c615b0fc30c055f88bfb5483,,EXACT_CANONICAL_FOUND,Thalictrum tuberosum,Thalictrum tuberosum,L.,Accepted,,,wfo-0000454158,ccfc7e3ca85c8b80aa96eb52d4e50e07e1811d28916b544280d8a4f1a043ba72,,EXACT_CANONICAL_FOUND,Thalictrum tuberosum,Thalictrum tuberosum L.,L.,,,,FUND. BIODIVERSIDAD:ANTHOS:22271,e6e19630a9415359fba90888864d17313873a984ac79a3677c1d62aac943f991,
2510,APIACEAE,Thapsia dissecta,NO_API_TAXON,False,KEEP_TAXONIC_RESPONSE,2026-08-19T17:29:43.547778+00:00,EXACT_CANONICAL_FOUND,Thapsia dissecta,Thapsia dissecta,(Boiss.) Arán & Mateo,Accepted,,2435938,2435938,6ff1e084d7e1de5bce526a9952c96fbb0f13b4f2c615b0fc30c055f88bfb5483,,EXACT_CANONICAL_FOUND,Thapsia dissecta,Thapsia dissecta,(Boiss.) Arán & Mateo,Synonym,,wfo-1200100530,wfo-0000409880,ccfc7e3ca85c8b80aa96eb52d4e50e07e1811d28916b544280d8a4f1a043ba72,,EXACT_CANONICAL_NOT_FOUND,,,,,,,,e6e19630a9415359fba90888864d17313873a984ac79a3677c1d62aac943f991,
2511,APIACEAE,Thapsia villosa,NO_API_TAXON,False,KEEP_TAXONIC_RESPONSE,2026-08-19T17:29:43.547790+00:00,EXACT_CANONICAL_FOUND,Thapsia villosa,Thapsia villosa,L.,Accepted,,2435585,2435585,6ff1e084d7e1de5bce526a9952c96fbb0f13b4f2c615b0fc30c055f88bfb5483,,EXACT_CANONICAL_FOUND,Thapsia villosa,Thapsia villosa,L.,Accepted,,,wfo-0000409614,ccfc7e3ca85c8b80aa96eb52d4e50e07e1811d28916b544280d8a4f1a043ba72,,EXACT_CANONICAL_FOUND,Thapsia villosa,Thapsia villosa L.,L.,,,,FUND. BIODIVERSIDAD:ANTHOS:1123883,e6e19630a9415359fba90888864d17313873a984ac79a3677c1d62aac943f991,
2513,SANTALACEAE,Thesium humifusum,NO_API_TAXON,False,KEEP_TAXONIC_RESPONSE,2026-08-19T17:29:43.547804+00:00,EXACT_CANONICAL_FOUND,Thesium humifusum,Thesium humifusum,DC.,Accepted,,2513633,2513633,6ff1e084d7e1de5bce526a9952c96fbb0f13b4f2c615b0fc30c055f88bfb5483,,EXACT_CANONICAL_FOUND,Thesium humifusum,Thesium humifusum,DC.,Accepted,,,wfo-0000454690,ccfc7e3ca85c8b80aa96eb52d4e50e07e1811d28916b544280d8a4f1a043ba72,,EXACT_CANONICAL_FOUND,Thesium humifusum,Thesium humifusum DC. in Lam. & DC.,DC. in Lam. & DC.,,,,FUND. BIODIVERSIDAD:ANTHOS:1123886,e6e19630a9415359fba90888864d17313873a984ac79a3677c1d62aac943f991,
2515,BRASSICACEAE,Thlaspi perfoliatum,NO_API_TAXON,False,KEEP_TAXONIC_RESPONSE,2026-08-19T17:29:43.547817+00:00,EXACT_CANONICAL_FOUND,Thlaspi perfoliatum,Thlaspi perfoliatum,L.,Synonym,,3002727,2432333,6ff1e084d7e1de5bce526a9952c96fbb0f13b4f2c615b0fc30c055f88bfb5483,,EXACT_CANONICAL_FOUND,Thlaspi perfoliatum,Thlaspi perfoliatum,L.,Synonym,,wfo-0000369668,wfo-0000407449,ccfc7e3ca85c8b80aa96eb52d4e50e07e1811d28916b544280d8a4f1a043ba72,,EXACT_CANONICAL_FOUND,Thlaspi perfoliatum,Thlaspi perfoliatum L.,L.,,,,FUND. BIODIVERSIDAD:ANTHOS:1123888,e6e19630a9415359fba90888864d17313873a984ac79a3677c1d62aac943f991,
2516,BRASSICACEAE,Thlaspi stenopterum,NO_API_TAXON,False,KEEP_TAXONIC_RESPONSE,2026-08-19T17:29:43.547830+00:00,EXACT_CANONICAL_FOUND,Thlaspi stenopterum,Thlaspi stenopterum,Boiss. & Reut.,Synonym,,2381176,2432267,6ff1e084d7e1de5bce526a9952c96fbb0f13b4f2c615b0fc30c055f88bfb5483,,EXACT_CANONICAL_FOUND,Thlaspi stenopterum,Thlaspi stenopterum,Boiss. & Reut.,Synonym,,wfo-0001037057,wfo-0000407407,ccfc7e3ca85c8b80aa96eb52d4e50e07e1811d28916b544280d8a4f1a043ba72,,EXACT_CANONICAL_FOUND,Thlaspi stenopterum,Thlaspi stenopterum Boiss. & Reut. in Boiss.,Boiss. & Reut. in Boiss.,,,,FUND. BIODIVERSIDAD:ANTHOS:23088,e6e19630a9415359fba90888864d17313873a984ac79a3677c1d62aac943f991,
2517,ASTERACEAE,Thrincia hispida,NO_API_TAXON,False,KEEP_TAXONIC_RESPONSE,2026-08-19T17:29:43.547842+00:00,EXACT_CANONICAL_FOUND,Thrincia hispida,Thrincia hispida,Roth,Synonym,,3075159,3075074,6ff1e084d7e1de5bce526a9952c96fbb0f13b4f2c615b0fc30c055f88bfb5483,,EXACT_CANONICAL_FOUND,Thrincia hispida,Thrincia hispida,(Roth) Roth,Synonym,,wfo-0000101200,wfo-0000072247,ccfc7e3ca85c8b80aa96eb52d4e50e07e1811d28916b544280d8a4f1a043ba72,,EXACT_CANONICAL_NOT_FOUND,,,,,,,,e6e19630a9415359fba90888864d17313873a984ac79a3677c1d62aac943f991,
2518,ASTERACEAE,Thrincia saxatilis,NO_API_TAXON,False,KEEP_TAXONIC_RESPONSE,2026-08-19T17:29:43.547857+00:00,EXACT_CANONICAL_FOUND,Thrincia saxatilis,Thrincia saxatilis,(Lam.) Holub & Moravec,Synonym,,3075173,3256643,6ff1e084d7e1de5bce526a9952c96fbb0f13b4f2c615b0fc30c055f88bfb5483,,EXACT_CANONICAL_FOUND,Thrincia saxatilis,Thrincia saxatilis,(Lam.) Holub & Moravec,Synonym,,wfo-0000043980,wfo-0000137726,ccfc7e3ca85c8b80aa96eb52d4e50e07e1811d28916b544280d8a4f1a043ba72,,EXACT_CANONICAL_NOT_FOUND,,,,,,,,e6e19630a9415359fba90888864d17313873a984ac79a3677c1d62aac943f991,
2519,ASTERACEAE,Thrincia tuberosa,NO_API_TAXON,False,KEEP_TAXONIC_RESPONSE,2026-08-19T17:29:43.547869+00:00,EXACT_CANONICAL_FOUND,Thrincia tuberosa,Thrincia tuberosa,(L.) DC.,Synonym,,3075253,3075252,6ff1e084d7e1de5bce526a9952c96fbb0f13b4f2c615b0fc30c055f88bfb5483,,EXACT_CANONICAL_FOUND,Thrincia tuberosa,Thrincia tuberosa,(L.) DC.,Synonym,,wfo-0000126409,wfo-0000096018,ccfc7e3ca85c8b80aa96eb52d4e50e07e1811d28916b544280d8a4f1a043ba72,,EXACT_CANONICAL_NOT_FOUND,,,,,,,,e6e19630a9415359fba90888864d17313873a984ac79a3677c1d62aac943f991,
2520,THYMELAEACEAE,Thymelaea coridifolia,NO_API_TAXON,False,KEEP_TAXONIC_RESPONSE,2026-08-19T17:29:43.547884+00:00,EXACT_CANONICAL_FOUND,Thymelaea coridifolia,Thymelaea coridifolia,(Lam.) Endl.,Accepted,,2518381,2518381,6ff1e084d7e1de5bce526a9952c96fbb0f13b4f2c615b0fc30c055f88bfb5483,,EXACT_CANONICAL_FOUND,Thymelaea coridifolia,Thymelaea coridifolia,(Lam.) Endl.,Accepted,,,wfo-0000457596,ccfc7e3ca85c8b80aa96eb52d4e50e07e1811d28916b544280d8a4f1a043ba72,,EXACT_CANONICAL_FOUND,Thymelaea coridifolia,Thymelaea coridifolia (Lam.) Endl.,(Lam.) Endl.,,,,FUND. BIODIVERSIDAD:ANTHOS:26952,e6e19630a9415359fba90888864d17313873a984ac79a3677c1d62aac943f991,
2522,THYMELAEACEAE,Thymelaea pubescens,NO_API_TAXON,False,KEEP_TAXONIC_RESPONSE,2026-08-19T17:29:43.547911+00:00,EXACT_CANONICAL_FOUND,Thymelaea pubescens,Thymelaea pubescens,(L.) Meisn.,Accepted,,2518144,2518144,6ff1e084d7e1de5bce526a9952c96fbb0f13b4f2c615b0fc30c055f88bfb5483,,EXACT_CANONICAL_FOUND,Thymelaea pubescens,Thymelaea pubescens,(L.) Meisn.,Accepted,,,wfo-0000457424,ccfc7e3ca85c8b80aa96eb52d4e50e07e1811d28916b544280d8a4f1a043ba72,,EXACT_CANONICAL_FOUND,Thymelaea pubescens,Thymelaea pubescens (L.) Meisn. in DC.,(L.) Meisn. in DC.,,,,FUND. BIODIVERSIDAD:ANTHOS:26944,e6e19630a9415359fba90888864d17313873a984ac79a3677c1d62aac943f991,
2523,THYMELAEACEAE,Thymelaea ruizii,NO_API_TAXON,False,KEEP_TAXONIC_RESPONSE,2026-08-19T17:29:43.547924+00:00,EXACT_CANONICAL_FOUND,Thymelaea ruizii,Thymelaea ruizii,Loscos ex Casav.,Accepted,,2518139,2518139,6ff1e084d7e1de5bce526a9952c96fbb0f13b4f2c615b0fc30c055f88bfb5483,,EXACT_CANONICAL_FOUND,Thymelaea ruizii,Thymelaea ruizii,Loscos ex Casav.,Accepted,,,wfo-0000457421,ccfc7e3ca85c8b80aa96eb52d4e50e07e1811d28916b544280d8a4f1a043ba72,,EXACT_CANONICAL_FOUND,Thymelaea ruizii,Thymelaea ruizii Loscos in Ruiz Casaviella,Loscos in Ruiz Casaviella,,,,FUND. BIODIVERSIDAD:ANTHOS:26953,e6e19630a9415359fba90888864d17313873a984ac79a3677c1d62aac943f991,
2524,THYMELAEACEAE,Thymelaea sanamunda,NO_API_TAXON,False,KEEP_TAXONIC_RESPONSE,2026-08-19T17:29:43.547936+00:00,EXACT_CANONICAL_FOUND,Thymelaea sanamunda,Thymelaea sanamunda,All.,Accepted,,2518411,2518411,6ff1e084d7e1de5bce526a9952c96fbb0f13b4f2c615b0fc30c055f88bfb5483,,EXACT_CANONICAL_FOUND,Thymelaea sanamunda,Thymelaea sanamunda,All.,Accepted,,,wfo-0000457610,ccfc7e3ca85c8b80aa96eb52d4e50e07e1811d28916b544280d8a4f1a043ba72,,EXACT_CANONICAL_FOUND,Thymelaea sanamunda,Thymelaea sanamunda All.,All.,,,,FUND. BIODIVERSIDAD:ANTHOS:41032,e6e19630a9415359fba90888864d17313873a984ac79a3677c1d62aac943f991,
2527,LAMIACEAE,Thymus mastigophorus,NO_API_TAXON,False,KEEP_TAXONIC_RESPONSE,2026-08-19T17:29:43.547951+00:00,EXACT_CANONICAL_FOUND,Thymus mastigophorus,Thymus mastigophorus,Lacaita,Accepted,,205083,205083,6ff1e084d7e1de5bce526a9952c96fbb0f13b4f2c615b0fc30c055f88bfb5483,,EXACT_CANONICAL_FOUND,Thymus mastigophorus,Thymus mastigophorus,Lacaita,Accepted,,,wfo-0000324370,ccfc7e3ca85c8b80aa96eb52d4e50e07e1811d28916b544280d8a4f1a043ba72,,EXACT_CANONICAL_FOUND,Thymus mastigophorus,Thymus mastigophorus Lacaita,Lacaita,,,,FUND. BIODIVERSIDAD:ANTHOS:30612,e6e19630a9415359fba90888864d17313873a984ac79a3677c1d62aac943f991,
2533,MALVACEAE,Tilia x vulgaris,UNPARSABLE_NAME,False,NO_RESPONSE_ALL_THREE,2026-08-19T17:29:43.547966+00:00,EXACT_CANONICAL_NOT_FOUND,,,,,,,,6ff1e084d7e1de5bce526a9952c96fbb0f13b4f2c615b0fc30c055f88bfb5483,,EXACT_CANONICAL_NOT_FOUND,,,,,,,,ccfc7e3ca85c8b80aa96eb52d4e50e07e1811d28916b544280d8a4f1a043ba72,,EXACT_CANONICAL_NOT_FOUND,,,,,,,,e6e19630a9415359fba90888864d17313873a984ac79a3677c1d62aac943f991,
2538,APIACEAE,Torilis arvensis subsp. arvensis,NO_EXACT_MATCH,False,KEEP_TAXONIC_RESPONSE,2026-08-19T17:29:43.547981+00:00,EXACT_CANONICAL_FOUND,Torilis arvensis subsp. arvensis,Torilis arvensis subsp. arvensis,,Accepted,,3258539,3258539,6ff1e084d7e1de5bce526a9952c96fbb0f13b4f2c615b0fc30c055f88bfb5483,,EXACT_CANONICAL_FOUND,Torilis arvensis subsp. arvensis,Torilis arvensis subsp. arvensis,,Accepted,,,wfo-1200100532,ccfc7e3ca85c8b80aa96eb52d4e50e07e1811d28916b544280d8a4f1a043ba72,,EXACT_CANONICAL_NOT_FOUND,,,,,,,,e6e19630a9415359fba90888864d17313873a984ac79a3677c1d62aac943f991,
2539,APIACEAE,Torilis arvensis subsp. neglecta,NO_EXACT_MATCH,False,KEEP_TAXONIC_RESPONSE,2026-08-19T17:29:43.547996+00:00,EXACT_CANONICAL_FOUND,Torilis arvensis subsp. neglecta,Torilis arvensis subsp. neglecta,(Schult.) Thell.,Accepted,,2898317,2898317,6ff1e084d7e1de5bce526a9952c96fbb0f13b4f2c615b0fc30c055f88bfb5483,,EXACT_CANONICAL_FOUND,Torilis arvensis subsp. neglecta,Torilis arvensis subsp. neglecta,(Schult.) Thell.,Accepted,,,wfo-0000745387,ccfc7e3ca85c8b80aa96eb52d4e50e07e1811d28916b544280d8a4f1a043ba72,,EXACT_CANONICAL_FOUND,Torilis arvensis subsp. neglecta,Torilis arvensis subsp. neglecta (Spreng.) Thell. in Hegi,(Spreng.) Thell. in Hegi,,,,FUND. BIODIVERSIDAD:ANTHOS:1123913,e6e19630a9415359fba90888864d17313873a984ac79a3677c1d62aac943f991,
2540,APIACEAE,Torilis arvensis subsp. purpurea,NO_EXACT_MATCH,False,KEEP_TAXONIC_RESPONSE,2026-08-19T17:29:43.548011+00:00,EXACT_CANONICAL_FOUND,Torilis arvensis subsp. purpurea,Torilis arvensis subsp. purpurea,(Ten.) Hayek,Synonym,,2435695,2906526,6ff1e084d7e1de5bce526a9952c96fbb0f13b4f2c615b0fc30c055f88bfb5483,,EXACT_CANONICAL_FOUND,Torilis arvensis subsp. purpurea,Torilis arvensis subsp. purpurea,(Ten.) Hayek,Synonym,,wfo-0001068320,wfo-0000734357,ccfc7e3ca85c8b80aa96eb52d4e50e07e1811d28916b544280d8a4f1a043ba72,,EXACT_CANONICAL_FOUND,Torilis arvensis subsp. purpurea,Torilis arvensis subsp. purpurea (Ten.) Hayek,(Ten.) Hayek,,,,FUND. BIODIVERSIDAD:ANTHOS:28513,e6e19630a9415359fba90888864d17313873a984ac79a3677c1d62aac943f991,
2541,APIACEAE,Torilis arvensis subsp. recta,NO_EXACT_MATCH,False,KEEP_TAXONIC_RESPONSE,2026-08-19T17:29:43.548021+00:00,EXACT_CANONICAL_FOUND,Torilis arvensis subsp. recta,Torilis arvensis subsp. recta,Jury,Accepted,,2435692,2435692,6ff1e084d7e1de5bce526a9952c96fbb0f13b4f2c615b0fc30c055f88bfb5483,,EXACT_CANONICAL_FOUND,Torilis arvensis subsp. recta,Torilis arvensis subsp. recta,Jury,Accepted,,,wfo-0001366942,ccfc7e3ca85c8b80aa96eb52d4e50e07e1811d28916b544280d8a4f1a043ba72,,EXACT_CANONICAL_FOUND,Torilis arvensis subsp. recta,Torilis arvensis subsp. recta Jury,Jury,,,,FUND. BIODIVERSIDAD:ANTHOS:116982,e6e19630a9415359fba90888864d17313873a984ac79a3677c1d62aac943f991,
2546,ASTERACEAE,Tragopogon crocifolius,NO_API_TAXON,False,KEEP_TAXONIC_RESPONSE,2026-08-19T17:29:43.548032+00:00,EXACT_CANONICAL_FOUND,Tragopogon crocifolius,Tragopogon crocifolius,L.,Accepted,,3072454,3072454,6ff1e084d7e1de5bce526a9952c96fbb0f13b4f2c615b0fc30c055f88bfb5483,,EXACT_CANONICAL_FOUND,Tragopogon crocifolius,Tragopogon crocifolius,Sm.,Unchecked,,,wfo-0000003661,ccfc7e3ca85c8b80aa96eb52d4e50e07e1811d28916b544280d8a4f1a043ba72,,EXACT_CANONICAL_FOUND,Tragopogon crocifolius,Tragopogon crocifolius L.,L.,,,,FUND. BIODIVERSIDAD:ANTHOS:1123927,e6e19630a9415359fba90888864d17313873a984ac79a3677c1d62aac943f991,
2548,ASTERACEAE,Tragopogon lamottei,NO_API_TAXON,False,KEEP_TAXONIC_RESPONSE,2026-08-19T17:29:43.548042+00:00,EXACT_CANONICAL_FOUND,Tragopogon lamottei,Tragopogon lamottei,Rouy,Accepted,,3072520,3072520,6ff1e084d7e1de5bce526a9952c96fbb0f13b4f2c615b0fc30c055f88bfb5483,,EXACT_CANONICAL_FOUND,Tragopogon lamottei,Tragopogon lamottei,Rouy,Accepted,,,wfo-0000058462,ccfc7e3ca85c8b80aa96eb52d4e50e07e1811d28916b544280d8a4f1a043ba72,,EXACT_CANONICAL_NOT_FOUND,,,,,,,,e6e19630a9415359fba90888864d17313873a984ac79a3677c1d62aac943f991,
2563,FABACEAE,Trifolium montanum,NO_API_TAXON,False,KEEP_TAXONIC_RESPONSE,2026-08-19T17:29:43.548052+00:00,EXACT_CANONICAL_FOUND,Trifolium montanum,Trifolium montanum,L.,Accepted,,2439202,2439202,6ff1e084d7e1de5bce526a9952c96fbb0f13b4f2c615b0fc30c055f88bfb5483,,EXACT_CANONICAL_FOUND,Trifolium montanum,Trifolium montanum,L.,Accepted,,,wfo-0000213031,ccfc7e3ca85c8b80aa96eb52d4e50e07e1811d28916b544280d8a4f1a043ba72,,EXACT_CANONICAL_FOUND,Trifolium montanum,Trifolium montanum L.,L.,,,,FUND. BIODIVERSIDAD:ANTHOS:25324,e6e19630a9415359fba90888864d17313873a984ac79a3677c1d62aac943f991,
2565,FABACEAE,Trifolium phleoides subsp. willkommii,NO_EXACT_MATCH,False,KEEP_TAXONIC_RESPONSE,2026-08-19T17:29:43.548167+00:00,EXACT_CANONICAL_FOUND,Trifolium phleoides subsp. willkommii,Trifolium phleoides subsp. willkommii,(Chabert) Muñoz Rodr.,Accepted,,2440026,2440026,6ff1e084d7e1de5bce526a9952c96fbb0f13b4f2c615b0fc30c055f88bfb5483,,EXACT_CANONICAL_FOUND,Trifolium phleoides subsp. willkommii,Trifolium phleoides subsp. willkommii,(Chabert) Muñoz Rodr.,Accepted,,,wfo-0001366346,ccfc7e3ca85c8b80aa96eb52d4e50e07e1811d28916b544280d8a4f1a043ba72,,EXACT_CANONICAL_FOUND,Trifolium phleoides subsp. willkommii,Trifolium phleoides subsp. willkommii (Chabert) Muñoz Rodr.,(Chabert) Muñoz Rodr.,,,,FUND. BIODIVERSIDAD:ANTHOS:1030227,e6e19630a9415359fba90888864d17313873a984ac79a3677c1d62aac943f991,
2568,FABACEAE,Trifolium repens subsp. repens,NO_EXACT_MATCH,False,KEEP_TAXONIC_RESPONSE,2026-08-19T17:29:43.548176+00:00,EXACT_CANONICAL_FOUND,Trifolium repens subsp. repens,Trifolium repens subsp. repens,,Accepted,,3224250,3224250,6ff1e084d7e1de5bce526a9952c96fbb0f13b4f2c615b0fc30c055f88bfb5483,,EXACT_CANONICAL_FOUND,Trifolium repens subsp. repens,Trifolium repens subsp. repens,,Accepted,,,wfo-0000214199,ccfc7e3ca85c8b80aa96eb52d4e50e07e1811d28916b544280d8a4f1a043ba72,,EXACT_CANONICAL_NOT_FOUND,,,,,,,,e6e19630a9415359fba90888864d17313873a984ac79a3677c1d62aac943f991,
2571,FABACEAE,Trifolium rubens,NO_API_TAXON,False,KEEP_TAXONIC_RESPONSE,2026-08-19T17:29:43.548187+00:00,EXACT_CANONICAL_FOUND,Trifolium rubens,Trifolium rubens,L.,Accepted,,2439628,2439628,6ff1e084d7e1de5bce526a9952c96fbb0f13b4f2c615b0fc30c055f88bfb5483,,EXACT_CANONICAL_FOUND,Trifolium rubens,Trifolium rubens,L.,Accepted,,,wfo-0000214000,ccfc7e3ca85c8b80aa96eb52d4e50e07e1811d28916b544280d8a4f1a043ba72,,EXACT_CANONICAL_FOUND,Trifolium rubens,Trifolium rubens L.,L.,,,,FUND. BIODIVERSIDAD:ANTHOS:39758,e6e19630a9415359fba90888864d17313873a984ac79a3677c1d62aac943f991,
2583,FABACEAE,Trigonella monspeliaca,NO_API_TAXON,False,KEEP_TAXONIC_RESPONSE,2026-08-19T17:29:43.548197+00:00,EXACT_CANONICAL_FOUND,Trigonella monspeliaca,Trigonella monspeliaca,L.,Synonym,,2368352,2441565,6ff1e084d7e1de5bce526a9952c96fbb0f13b4f2c615b0fc30c055f88bfb5483,,EXACT_CANONICAL_FOUND,Trigonella monspeliaca,Trigonella monspeliaca,L.,Synonym,,wfo-0000186593,wfo-0000212951,ccfc7e3ca85c8b80aa96eb52d4e50e07e1811d28916b544280d8a4f1a043ba72,,EXACT_CANONICAL_FOUND,Trigonella monspeliaca,Trigonella monspeliaca L.,L.,,,,FUND. BIODIVERSIDAD:ANTHOS:1124011,e6e19630a9415359fba90888864d17313873a984ac79a3677c1d62aac943f991,
2584,FABACEAE,Trigonella polyceratia,NO_API_TAXON,False,KEEP_TAXONIC_RESPONSE,2026-08-19T17:29:43.548207+00:00,EXACT_CANONICAL_FOUND,Trigonella polyceratia,Trigonella polyceratia,L.,Synonym,,2369066,2441216,6ff1e084d7e1de5bce526a9952c96fbb0f13b4f2c615b0fc30c055f88bfb5483,,EXACT_CANONICAL_FOUND,Trigonella polyceratia,Trigonella polyceratia,L.,Synonym,,wfo-0000185446,wfo-0000212954,ccfc7e3ca85c8b80aa96eb52d4e50e07e1811d28916b544280d8a4f1a043ba72,,EXACT_CANONICAL_FOUND,Trigonella polyceratia,Trigonella polyceratia L.,L.,,,,FUND. BIODIVERSIDAD:ANTHOS:1124016,e6e19630a9415359fba90888864d17313873a984ac79a3677c1d62aac943f991,
2585,APIACEAE,Trinia dufourii,NO_API_TAXON,False,KEEP_TAXONIC_RESPONSE,2026-08-19T17:29:43.548216+00:00,EXACT_CANONICAL_FOUND,Trinia dufourii,Trinia dufourii,DC.,Synonym,,3258581,2438022,6ff1e084d7e1de5bce526a9952c96fbb0f13b4f2c615b0fc30c055f88bfb5483,,EXACT_CANONICAL_NOT_FOUND,,,,,,,,ccfc7e3ca85c8b80aa96eb52d4e50e07e1811d28916b544280d8a4f1a043ba72,,EXACT_CANONICAL_FOUND,Trinia dufourii,Trinia dufourii DC.,DC.,,,,FUND. BIODIVERSIDAD:ANTHOS:28208,e6e19630a9415359fba90888864d17313873a984ac79a3677c1d62aac943f991,
2587,APIACEAE,Trinia glauca subsp. glauca,NO_EXACT_MATCH,False,KEEP_TAXONIC_RESPONSE,2026-08-19T17:29:43.548229+00:00,EXACT_CANONICAL_FOUND,Trinia glauca subsp. glauca,Trinia glauca subsp. glauca,,Accepted,,3258581,3258581,6ff1e084d7e1de5bce526a9952c96fbb0f13b4f2c615b0fc30c055f88bfb5483,,EXACT_CANONICAL_FOUND,Trinia glauca subsp. glauca,Trinia glauca subsp. glauca,,Accepted,,,wfo-1200100536,ccfc7e3ca85c8b80aa96eb52d4e50e07e1811d28916b544280d8a4f1a043ba72,,EXACT_CANONICAL_NOT_FOUND,,,,,,,,e6e19630a9415359fba90888864d17313873a984ac79a3677c1d62aac943f991,
2589,POACEAE,Trisetaria loeflingiana,NO_API_TAXON,False,KEEP_TAXONIC_RESPONSE,2026-08-19T17:29:43.548239+00:00,EXACT_CANONICAL_FOUND,Trisetaria loeflingiana,Trisetaria loeflingiana,(L.) Paunero,Accepted,,447662,447662,6ff1e084d7e1de5bce526a9952c96fbb0f13b4f2c615b0fc30c055f88bfb5483,,EXACT_CANONICAL_FOUND,Trisetaria loeflingiana,Trisetaria loeflingiana,(L.) Paunero,Accepted,,,wfo-0000904921,ccfc7e3ca85c8b80aa96eb52d4e50e07e1811d28916b544280d8a4f1a043ba72,,EXACT_CANONICAL_NOT_FOUND,,,,,,,,e6e19630a9415359fba90888864d17313873a984ac79a3677c1d62aac943f991,
2591,POACEAE,Trisetaria panicea,NO_API_TAXON,False,KEEP_TAXONIC_RESPONSE,2026-08-19T17:29:43.548249+00:00,EXACT_CANONICAL_FOUND,Trisetaria panicea,Trisetaria panicea,(Lam.) Paunero,Accepted,,447671,447671,6ff1e084d7e1de5bce526a9952c96fbb0f13b4f2c615b0fc30c055f88bfb5483,,EXACT_CANONICAL_FOUND,Trisetaria panicea,Trisetaria panicea,(Lam.) Paunero,Accepted,,,wfo-0000904930,ccfc7e3ca85c8b80aa96eb52d4e50e07e1811d28916b544280d8a4f1a043ba72,,EXACT_CANONICAL_NOT_FOUND,,,,,,,,e6e19630a9415359fba90888864d17313873a984ac79a3677c1d62aac943f991,
2594,POACEAE,Trisetum hispidum,NO_API_TAXON,False,KEEP_TAXONIC_RESPONSE,2026-08-19T17:29:43.548258+00:00,EXACT_CANONICAL_FOUND,Trisetum hispidum,Trisetum hispidum,Lange,Synonym,,548244,447924,6ff1e084d7e1de5bce526a9952c96fbb0f13b4f2c615b0fc30c055f88bfb5483,,EXACT_CANONICAL_FOUND,Trisetum hispidum,Trisetum hispidum,Lange,Synonym,,wfo-1000032920,wfo-0000905197,ccfc7e3ca85c8b80aa96eb52d4e50e07e1811d28916b544280d8a4f1a043ba72,,EXACT_CANONICAL_FOUND,Trisetum hispidum,Trisetum hispidum Lange,Lange,,,,FUND. BIODIVERSIDAD:ANTHOS:61093,e6e19630a9415359fba90888864d17313873a984ac79a3677c1d62aac943f991,
2595,POACEAE,Trisetum loeflingianum,NO_API_TAXON,False,KEEP_TAXONIC_RESPONSE,2026-08-19T17:29:43.548268+00:00,EXACT_CANONICAL_FOUND,Trisetum loeflingianum,Trisetum loeflingianum,(L.) P.Beauv.,Synonym,,447662,447969,6ff1e084d7e1de5bce526a9952c96fbb0f13b4f2c615b0fc30c055f88bfb5483,,EXACT_CANONICAL_FOUND,Trisetum loeflingianum,Trisetum loeflingianum,(L.) P.Beauv.,Synonym,,wfo-0000904921,wfo-1000037993,ccfc7e3ca85c8b80aa96eb52d4e50e07e1811d28916b544280d8a4f1a043ba72,,EXACT_CANONICAL_FOUND,Trisetum loeflingianum,Trisetum loeflingianum (L.) C.Presl,(L.) C.Presl,,,,FUND. BIODIVERSIDAD:ANTHOS:92494,e6e19630a9415359fba90888864d17313873a984ac79a3677c1d62aac943f991,
2596,POACEAE,Trisetum ovatum,NO_API_TAXON,False,KEEP_TAXONIC_RESPONSE,2026-08-19T17:29:43.548276+00:00,EXACT_CANONICAL_FOUND,Trisetum ovatum,Trisetum ovatum,Pers.,Synonym,,447670,448029,6ff1e084d7e1de5bce526a9952c96fbb0f13b4f2c615b0fc30c055f88bfb5483,,EXACT_CANONICAL_FOUND,Trisetum ovatum,Trisetum ovatum,Pers.,Synonym,,wfo-0000904929,wfo-0000905310,ccfc7e3ca85c8b80aa96eb52d4e50e07e1811d28916b544280d8a4f1a043ba72,,EXACT_CANONICAL_FOUND,Trisetum ovatum,Trisetum ovatum (Cav.) Pers.,(Cav.) Pers.,,,,FUND. BIODIVERSIDAD:ANTHOS:1124020,e6e19630a9415359fba90888864d17313873a984ac79a3677c1d62aac943f991,
2597,POACEAE,Trisetum paniceum,NO_API_TAXON,False,KEEP_TAXONIC_RESPONSE,2026-08-19T17:29:43.548287+00:00,EXACT_CANONICAL_FOUND,Trisetum paniceum,Trisetum paniceum,(Lam.) Pers.,Synonym,,447671,448033,6ff1e084d7e1de5bce526a9952c96fbb0f13b4f2c615b0fc30c055f88bfb5483,,EXACT_CANONICAL_FOUND,Trisetum paniceum,Trisetum paniceum,(Lam.) Pers.,Synonym,,wfo-0000904930,wfo-0000905315,ccfc7e3ca85c8b80aa96eb52d4e50e07e1811d28916b544280d8a4f1a043ba72,,EXACT_CANONICAL_FOUND,Trisetum paniceum,Trisetum paniceum (Lam.) Pers.,(Lam.) Pers.,,,,FUND. BIODIVERSIDAD:ANTHOS:1124027,e6e19630a9415359fba90888864d17313873a984ac79a3677c1d62aac943f991,
2600,ASTERACEAE,Trommsdorffia maculata,NO_API_TAXON,False,KEEP_TAXONIC_RESPONSE,2026-08-19T17:29:43.548296+00:00,EXACT_CANONICAL_FOUND,Trommsdorffia maculata,Trommsdorffia maculata,(L.) Bernh.,Synonym,,3074611,3211412,6ff1e084d7e1de5bce526a9952c96fbb0f13b4f2c615b0fc30c055f88bfb5483,,EXACT_CANONICAL_FOUND,Trommsdorffia maculata,Trommsdorffia maculata,(L.) Bernh.,Synonym,,wfo-0000017636,wfo-0000083447,ccfc7e3ca85c8b80aa96eb52d4e50e07e1811d28916b544280d8a4f1a043ba72,,EXACT_CANONICAL_NOT_FOUND,,,,,,,,e6e19630a9415359fba90888864d17313873a984ac79a3677c1d62aac943f991,
2602,CISTACEAE,Tuberaria lignosa,NO_API_TAXON,False,KEEP_TAXONIC_RESPONSE,2026-08-19T17:29:43.548306+00:00,EXACT_CANONICAL_FOUND,Tuberaria lignosa,Tuberaria lignosa,(Sweet) Samp.,Accepted,,2431002,2431002,6ff1e084d7e1de5bce526a9952c96fbb0f13b4f2c615b0fc30c055f88bfb5483,,EXACT_CANONICAL_FOUND,Tuberaria lignosa,Tuberaria lignosa,(Sweet) Samp.,Accepted,,,wfo-0000406726,ccfc7e3ca85c8b80aa96eb52d4e50e07e1811d28916b544280d8a4f1a043ba72,,EXACT_CANONICAL_FOUND,Tuberaria lignosa,Tuberaria lignosa (Sweet) Samp.,(Sweet) Samp.,,,,FUND. BIODIVERSIDAD:ANTHOS:27297,e6e19630a9415359fba90888864d17313873a984ac79a3677c1d62aac943f991,
2603,LILIACEAE,Tulipa sylvestris subsp. australis,NO_EXACT_MATCH,False,KEEP_TAXONIC_RESPONSE,2026-08-19T17:29:43.548317+00:00,EXACT_CANONICAL_FOUND,Tulipa sylvestris subsp. australis,Tulipa sylvestris subsp. australis,(Link) Pamp.,Accepted,,309074,309074,6ff1e084d7e1de5bce526a9952c96fbb0f13b4f2c615b0fc30c055f88bfb5483,,EXACT_CANONICAL_FOUND,Tulipa sylvestris subsp. australis,Tulipa sylvestris subsp. australis,(Link) Pamp.,Accepted,,,wfo-0000770353,ccfc7e3ca85c8b80aa96eb52d4e50e07e1811d28916b544280d8a4f1a043ba72,,EXACT_CANONICAL_FOUND,Tulipa sylvestris subsp. australis,Tulipa sylvestris subsp. australis (Link) Pamp.,(Link) Pamp.,,,,FUND. BIODIVERSIDAD:ANTHOS:1124031,e6e19630a9415359fba90888864d17313873a984ac79a3677c1d62aac943f991,
2612,ULMACEAE,Ulmus x hollandica,UNPARSABLE_NAME,False,NO_RESPONSE_ALL_THREE,2026-08-19T17:29:43.548327+00:00,EXACT_CANONICAL_NOT_FOUND,,,,,,,,6ff1e084d7e1de5bce526a9952c96fbb0f13b4f2c615b0fc30c055f88bfb5483,,EXACT_CANONICAL_NOT_FOUND,,,,,,,,ccfc7e3ca85c8b80aa96eb52d4e50e07e1811d28916b544280d8a4f1a043ba72,,EXACT_CANONICAL_NOT_FOUND,,,,,,,,e6e19630a9415359fba90888864d17313873a984ac79a3677c1d62aac943f991,
2613,CRASSULACEAE,Umbilicus heylandianus,NO_API_TAXON,False,KEEP_TAXONIC_RESPONSE,2026-08-19T17:29:43.548338+00:00,EXACT_CANONICAL_FOUND,Umbilicus heylandianus,Umbilicus heylandianus,Webb & Berthel.,Accepted,,2446650,2446650,6ff1e084d7e1de5bce526a9952c96fbb0f13b4f2c615b0fc30c055f88bfb5483,,EXACT_CANONICAL_FOUND,Umbilicus heylandianus,Umbilicus heylandianus,Webb & Berthel.,Accepted,,,wfo-0000415390,ccfc7e3ca85c8b80aa96eb52d4e50e07e1811d28916b544280d8a4f1a043ba72,,EXACT_CANONICAL_FOUND,Umbilicus heylandianus,Umbilicus heylandianus Webb in Webb & Berthel.,Webb in Webb & Berthel.,,,,FUND. BIODIVERSIDAD:ANTHOS:51039,e6e19630a9415359fba90888864d17313873a984ac79a3677c1d62aac943f991,
2619,CARYOPHYLLACEAE,Vaccaria hispanica,NO_API_TAXON,False,KEEP_TAXONIC_RESPONSE,2026-08-19T17:29:43.548347+00:00,EXACT_CANONICAL_FOUND,Vaccaria hispanica,Vaccaria hispanica,(Mill.) Rauschert,Synonym,,2836944,2456818,6ff1e084d7e1de5bce526a9952c96fbb0f13b4f2c615b0fc30c055f88bfb5483,,EXACT_CANONICAL_FOUND,Vaccaria hispanica,Vaccaria hispanica,(Mill.) Rauschert,Synonym,,wfo-0000713816,wfo-0000421686,ccfc7e3ca85c8b80aa96eb52d4e50e07e1811d28916b544280d8a4f1a043ba72,,EXACT_CANONICAL_FOUND,Vaccaria hispanica,Vaccaria hispanica (Mill.) Rauschert,(Mill.) Rauschert,,,,FUND. BIODIVERSIDAD:ANTHOS:21695,e6e19630a9415359fba90888864d17313873a984ac79a3677c1d62aac943f991,
2622,CAPRIFOLIACEAE,Valeriana apula,NO_API_TAXON,False,KEEP_TAXONIC_RESPONSE,2026-08-19T17:29:43.548359+00:00,EXACT_CANONICAL_FOUND,Valeriana apula,Valeriana apula,Pourr.,Accepted,,2462246,2462246,6ff1e084d7e1de5bce526a9952c96fbb0f13b4f2c615b0fc30c055f88bfb5483,,EXACT_CANONICAL_FOUND,Valeriana apula,Valeriana apula,Pourr.,Accepted,,,wfo-0000425322,ccfc7e3ca85c8b80aa96eb52d4e50e07e1811d28916b544280d8a4f1a043ba72,,EXACT_CANONICAL_FOUND,Valeriana apula,Valeriana apula Pourr.,Pourr.,,,,FUND. BIODIVERSIDAD:ANTHOS:40155,e6e19630a9415359fba90888864d17313873a984ac79a3677c1d62aac943f991,
2623,CAPRIFOLIACEAE,Valeriana longiflora,NO_API_TAXON,False,KEEP_TAXONIC_RESPONSE,2026-08-19T17:29:43.548368+00:00,EXACT_CANONICAL_FOUND,Valeriana longiflora,Valeriana longiflora,Willk.,Accepted,,2464163,2464163,6ff1e084d7e1de5bce526a9952c96fbb0f13b4f2c615b0fc30c055f88bfb5483,,EXACT_CANONICAL_FOUND,Valeriana longiflora,Valeriana longiflora,Willk.,Accepted,,,wfo-0000426722,ccfc7e3ca85c8b80aa96eb52d4e50e07e1811d28916b544280d8a4f1a043ba72,,EXACT_CANONICAL_FOUND,Valeriana longiflora,Valeriana longiflora Willk.,Willk.,,,,FUND. BIODIVERSIDAD:ANTHOS:32199,e6e19630a9415359fba90888864d17313873a984ac79a3677c1d62aac943f991,
2624,CAPRIFOLIACEAE,Valeriana longifolia,NO_API_TAXON,False,KEEP_TAXONIC_RESPONSE,2026-08-19T17:29:43.548379+00:00,EXACT_CANONICAL_FOUND,Valeriana longifolia,Valeriana longifolia,Kunth,Synonym,,2464737,2464161,6ff1e084d7e1de5bce526a9952c96fbb0f13b4f2c615b0fc30c055f88bfb5483,,EXACT_CANONICAL_FOUND,Valeriana longifolia,Valeriana longifolia,Kunth,Synonym,,wfo-0000427013,wfo-0000426721,ccfc7e3ca85c8b80aa96eb52d4e50e07e1811d28916b544280d8a4f1a043ba72,,EXACT_CANONICAL_NOT_FOUND,,,,,,,,e6e19630a9415359fba90888864d17313873a984ac79a3677c1d62aac943f991,
2627,CAPRIFOLIACEAE,Valeriana officinalis subsp. tenuifolia,NO_EXACT_MATCH,False,KEEP_TAXONIC_RESPONSE,2026-08-19T17:29:43.548391+00:00,EXACT_CANONICAL_FOUND,Valeriana officinalis subsp. tenuifolia,Valeriana officinalis subsp. tenuifolia,(Vahl) Schübl. & G.Martens,Accepted,,2933366,2933366,6ff1e084d7e1de5bce526a9952c96fbb0f13b4f2c615b0fc30c055f88bfb5483,,EXACT_CANONICAL_NOT_FOUND,,,,,,,,ccfc7e3ca85c8b80aa96eb52d4e50e07e1811d28916b544280d8a4f1a043ba72,,EXACT_CANONICAL_FOUND,Valeriana officinalis subsp. tenuifolia,Valeriana officinalis subsp. tenuifolia (Vahl) Schübl. & G. Martens,(Vahl) Schübl. & G. Martens,,,,FUND. BIODIVERSIDAD:ANTHOS:1520678,e6e19630a9415359fba90888864d17313873a984ac79a3677c1d62aac943f991,
2628,CAPRIFOLIACEAE,Valeriana pyrenaica,NO_API_TAXON,False,KEEP_TAXONIC_RESPONSE,2026-08-19T17:29:43.548402+00:00,EXACT_CANONICAL_FOUND,Valeriana pyrenaica,Valeriana pyrenaica,L.,Accepted,,2464690,2464690,6ff1e084d7e1de5bce526a9952c96fbb0f13b4f2c615b0fc30c055f88bfb5483,,EXACT_CANONICAL_FOUND,Valeriana pyrenaica,Valeriana pyrenaica,L.,Accepted,,,wfo-0000426990,ccfc7e3ca85c8b80aa96eb52d4e50e07e1811d28916b544280d8a4f1a043ba72,,EXACT_CANONICAL_FOUND,Valeriana pyrenaica,Valeriana pyrenaica L.,L.,,,,FUND. BIODIVERSIDAD:ANTHOS:32161,e6e19630a9415359fba90888864d17313873a984ac79a3677c1d62aac943f991,
2635,CAPRIFOLIACEAE,Valerianella fusiformis,NO_API_TAXON,False,KEEP_TAXONIC_RESPONSE,2026-08-19T17:29:43.548411+00:00,EXACT_CANONICAL_FOUND,Valerianella fusiformis,Valerianella fusiformis,Pau,Unplaced,,,2463527,6ff1e084d7e1de5bce526a9952c96fbb0f13b4f2c615b0fc30c055f88bfb5483,,EXACT_CANONICAL_FOUND,Valerianella fusiformis,Valerianella fusiformis,Pau,Unchecked,,,wfo-0000426283,ccfc7e3ca85c8b80aa96eb52d4e50e07e1811d28916b544280d8a4f1a043ba72,,EXACT_CANONICAL_FOUND,Valerianella fusiformis,Valerianella fusiformis Pau,Pau,,,,FUND. BIODIVERSIDAD:ANTHOS:32141,e6e19630a9415359fba90888864d17313873a984ac79a3677c1d62aac943f991,
2637,CAPRIFOLIACEAE,Valerianella locusta subsp. lusitanica,NO_EXACT_MATCH,False,KEEP_TAXONIC_RESPONSE,2026-08-19T17:29:43.548423+00:00,EXACT_CANONICAL_FOUND,Valerianella locusta subsp. lusitanica,Valerianella locusta subsp. lusitanica,(Pau ex Font Quer) M.Laínz,Synonym,,2464165,3255676,6ff1e084d7e1de5bce526a9952c96fbb0f13b4f2c615b0fc30c055f88bfb5483,,EXACT_CANONICAL_FOUND,Valerianella locusta subsp. lusitanica,Valerianella locusta subsp. lusitanica,(Font Quer) M. Laínz,Unchecked,,,wfo-1200112143,ccfc7e3ca85c8b80aa96eb52d4e50e07e1811d28916b544280d8a4f1a043ba72,,EXACT_CANONICAL_FOUND,Valerianella locusta subsp. lusitanica,Valerianella locusta subsp. lusitanica (Pau ex Font Quer) M. Laínz,(Pau ex Font Quer) M. Laínz,,,,FUND. BIODIVERSIDAD:ANTHOS:118118,e6e19630a9415359fba90888864d17313873a984ac79a3677c1d62aac943f991,
2638,CAPRIFOLIACEAE,Valerianella lusitanica,NO_API_TAXON,False,KEEP_TAXONIC_RESPONSE,2026-08-19T17:29:43.548431+00:00,EXACT_CANONICAL_FOUND,Valerianella lusitanica,Valerianella lusitanica,Pau ex Font Quer,Synonym,,2464165,2463671,6ff1e084d7e1de5bce526a9952c96fbb0f13b4f2c615b0fc30c055f88bfb5483,,EXACT_CANONICAL_FOUND,Valerianella lusitanica,Valerianella lusitanica,Pau ex Font Quer,Synonym,,wfo-0000426723,wfo-0000426406,ccfc7e3ca85c8b80aa96eb52d4e50e07e1811d28916b544280d8a4f1a043ba72,,EXACT_CANONICAL_NOT_FOUND,,,,,,,,e6e19630a9415359fba90888864d17313873a984ac79a3677c1d62aac943f991,
2639,CAPRIFOLIACEAE,Valerianella muricata,NO_API_TAXON,False,KEEP_TAXONIC_RESPONSE,2026-08-19T17:29:43.548441+00:00,EXACT_CANONICAL_FOUND,Valerianella muricata,Valerianella muricata,(Steven ex Roem. & Schult.) W.H.Baxter,Synonym,,3309669,2463604,6ff1e084d7e1de5bce526a9952c96fbb0f13b4f2c615b0fc30c055f88bfb5483,,EXACT_CANONICAL_FOUND,Valerianella muricata,Valerianella muricata,(Steven ex M.Bieb.) W.H.Baxter,Accepted,,,wfo-0000426344,ccfc7e3ca85c8b80aa96eb52d4e50e07e1811d28916b544280d8a4f1a043ba72,,EXACT_CANONICAL_NOT_FOUND,,,,,,,,e6e19630a9415359fba90888864d17313873a984ac79a3677c1d62aac943f991,
2645,SCROPHULARIACEAE,Verbascum rotundifolium subsp. ripacurcicum,NO_API_TAXON,False,KEEP_TAXONIC_RESPONSE,2026-08-19T17:29:43.548452+00:00,EXACT_CANONICAL_FOUND,Verbascum rotundifolium subsp. ripacurcicum,Verbascum rotundifolium subsp. ripacurcicum,O.Bolòs & Vigo,Synonym,,3258661,2453528,6ff1e084d7e1de5bce526a9952c96fbb0f13b4f2c615b0fc30c055f88bfb5483,,EXACT_CANONICAL_FOUND,Verbascum rotundifolium subsp. ripacurcicum,Verbascum rotundifolium subsp. ripacurcicum,O.Bolòs & Vigo,Synonym,,wfo-1200035279,wfo-0001365256,ccfc7e3ca85c8b80aa96eb52d4e50e07e1811d28916b544280d8a4f1a043ba72,,EXACT_CANONICAL_FOUND,Verbascum rotundifolium subsp. ripacurcicum,Verbascum rotundifolium subsp. ripacurcicum O. Bolòs & Vigo,O. Bolòs & Vigo,,,,FUND. BIODIVERSIDAD:ANTHOS:1460136,e6e19630a9415359fba90888864d17313873a984ac79a3677c1d62aac943f991,
2648,SCROPHULARIACEAE,Verbascum thapsus subsp. crassifolium,NO_EXACT_MATCH,False,KEEP_TAXONIC_RESPONSE,2026-08-19T17:29:43.548464+00:00,EXACT_CANONICAL_FOUND,Verbascum thapsus subsp. crassifolium,Verbascum thapsus subsp. crassifolium,(DC.) Murb.,Synonym,,3254354,2898511,6ff1e084d7e1de5bce526a9952c96fbb0f13b4f2c615b0fc30c055f88bfb5483,,EXACT_CANONICAL_FOUND,Verbascum thapsus subsp. crassifolium,Verbascum thapsus subsp. crassifolium,(DC.) Murb.,Synonym,,wfo-1200012194,wfo-0000745568,ccfc7e3ca85c8b80aa96eb52d4e50e07e1811d28916b544280d8a4f1a043ba72,,EXACT_CANONICAL_NOT_FOUND,,,,,,,,e6e19630a9415359fba90888864d17313873a984ac79a3677c1d62aac943f991,
2649,SCROPHULARIACEAE,Verbascum thapsus subsp. montanum,NO_EXACT_MATCH,False,KEEP_TAXONIC_RESPONSE,2026-08-19T17:29:43.548475+00:00,EXACT_CANONICAL_FOUND,Verbascum thapsus subsp. montanum,Verbascum thapsus subsp. montanum,(Schrad.) Bonnier & Layens,Accepted,,3254354,3254354,6ff1e084d7e1de5bce526a9952c96fbb0f13b4f2c615b0fc30c055f88bfb5483,,EXACT_CANONICAL_FOUND,Verbascum thapsus subsp. montanum,Verbascum thapsus subsp. montanum,(Schrad.) Bonnier & Layens,Accepted,,,wfo-1200012194,ccfc7e3ca85c8b80aa96eb52d4e50e07e1811d28916b544280d8a4f1a043ba72,,EXACT_CANONICAL_NOT_FOUND,,,,,,,,e6e19630a9415359fba90888864d17313873a984ac79a3677c1d62aac943f991,
2650,SCROPHULARIACEAE,Verbascum thapsus subsp. thapsus,NO_EXACT_MATCH,False,KEEP_TAXONIC_RESPONSE,2026-08-19T17:29:43.548486+00:00,EXACT_CANONICAL_FOUND,Verbascum thapsus subsp. thapsus,Verbascum thapsus subsp. thapsus,,Accepted,,3258655,3258655,6ff1e084d7e1de5bce526a9952c96fbb0f13b4f2c615b0fc30c055f88bfb5483,,EXACT_CANONICAL_FOUND,Verbascum thapsus subsp. thapsus,Verbascum thapsus subsp. thapsus,,Accepted,,,wfo-0001316394,ccfc7e3ca85c8b80aa96eb52d4e50e07e1811d28916b544280d8a4f1a043ba72,,EXACT_CANONICAL_NOT_FOUND,,,,,,,,e6e19630a9415359fba90888864d17313873a984ac79a3677c1d62aac943f991,
2651,SCROPHULARIACEAE,Verbascum virgatum,NO_API_TAXON,False,KEEP_TAXONIC_RESPONSE,2026-08-19T17:29:43.548495+00:00,EXACT_CANONICAL_FOUND,Verbascum virgatum,Verbascum virgatum,Stokes,Accepted,,2453273,2453273,6ff1e084d7e1de5bce526a9952c96fbb0f13b4f2c615b0fc30c055f88bfb5483,,EXACT_CANONICAL_FOUND,Verbascum virgatum,Verbascum virgatum,Stokes,Accepted,,,wfo-0000419074,ccfc7e3ca85c8b80aa96eb52d4e50e07e1811d28916b544280d8a4f1a043ba72,,EXACT_CANONICAL_FOUND,Verbascum virgatum,Verbascum virgatum Stokes in With.,Stokes in With.,,,,FUND. BIODIVERSIDAD:ANTHOS:1124096,e6e19630a9415359fba90888864d17313873a984ac79a3677c1d62aac943f991,
2657,PLANTAGINACEAE,Veronica austriaca subsp. vahlii,NO_EXACT_MATCH,False,KEEP_TAXONIC_RESPONSE,2026-08-19T17:29:43.548506+00:00,EXACT_CANONICAL_FOUND,Veronica austriaca subsp. vahlii,Veronica austriaca subsp. vahlii,(Gaudin) D.A.Webb,Synonym,,2454054,2454007,6ff1e084d7e1de5bce526a9952c96fbb0f13b4f2c615b0fc30c055f88bfb5483,,EXACT_CANONICAL_FOUND,Veronica austriaca subsp. vahlii,Veronica austriaca subsp. vahlii,(Gaudin) D.A.Webb,Synonym,,wfo-0000419785,wfo-0000419743,ccfc7e3ca85c8b80aa96eb52d4e50e07e1811d28916b544280d8a4f1a043ba72,,EXACT_CANONICAL_NOT_FOUND,,,,,,,,e6e19630a9415359fba90888864d17313873a984ac79a3677c1d62aac943f991,
2658,PLANTAGINACEAE,Veronica becabunga,NO_API_TAXON,False,NO_RESPONSE_ALL_THREE,2026-08-19T17:29:43.548515+00:00,EXACT_CANONICAL_NOT_FOUND,,,,,,,,6ff1e084d7e1de5bce526a9952c96fbb0f13b4f2c615b0fc30c055f88bfb5483,,EXACT_CANONICAL_NOT_FOUND,,,,,,,,ccfc7e3ca85c8b80aa96eb52d4e50e07e1811d28916b544280d8a4f1a043ba72,,EXACT_CANONICAL_NOT_FOUND,,,,,,,,e6e19630a9415359fba90888864d17313873a984ac79a3677c1d62aac943f991,
2661,PLANTAGINACEAE,Veronica chamaedrys subsp. chamaedrys,NO_EXACT_MATCH,False,KEEP_TAXONIC_RESPONSE,2026-08-19T17:29:43.548527+00:00,EXACT_CANONICAL_FOUND,Veronica chamaedrys subsp. chamaedrys,Veronica chamaedrys subsp. chamaedrys,,Accepted,,3258666,3258666,6ff1e084d7e1de5bce526a9952c96fbb0f13b4f2c615b0fc30c055f88bfb5483,,EXACT_CANONICAL_FOUND,Veronica chamaedrys subsp. chamaedrys,Veronica chamaedrys subsp. chamaedrys,,Accepted,,,wfo-0001136612,ccfc7e3ca85c8b80aa96eb52d4e50e07e1811d28916b544280d8a4f1a043ba72,,EXACT_CANONICAL_FOUND,Veronica chamaedrys subsp. chamaedrys,Veronica chamaedrys subsp. chamaedrys L.,L.,,,,FUND. BIODIVERSIDAD:ANTHOS:31261,e6e19630a9415359fba90888864d17313873a984ac79a3677c1d62aac943f991,
2662,PLANTAGINACEAE,Veronica fruticans subsp. cantabrica,NO_API_TAXON,False,KEEP_TAXONIC_RESPONSE,2026-08-19T17:29:43.548537+00:00,EXACT_CANONICAL_FOUND,Veronica fruticans subsp. cantabrica,Veronica fruticans subsp. cantabrica,M.Laínz,Accepted,,3036268,3036268,6ff1e084d7e1de5bce526a9952c96fbb0f13b4f2c615b0fc30c055f88bfb5483,,EXACT_CANONICAL_FOUND,Veronica fruticans subsp. cantabrica,Veronica fruticans subsp. cantabrica,M.Laínz,Accepted,,,wfo-0001407320,ccfc7e3ca85c8b80aa96eb52d4e50e07e1811d28916b544280d8a4f1a043ba72,,EXACT_CANONICAL_FOUND,Veronica fruticans subsp. cantabrica,Veronica fruticans subsp. cantabrica M. Laínz,M. Laínz,,,,FUND. BIODIVERSIDAD:ANTHOS:69299,e6e19630a9415359fba90888864d17313873a984ac79a3677c1d62aac943f991,
2664,PLANTAGINACEAE,Veronica hederifolia subsp. hederifolia,NO_EXACT_MATCH,False,KEEP_TAXONIC_RESPONSE,2026-08-19T17:29:43.548547+00:00,EXACT_CANONICAL_FOUND,Veronica hederifolia subsp. hederifolia,Veronica hederifolia subsp. hederifolia,,Accepted,,3258957,3258957,6ff1e084d7e1de5bce526a9952c96fbb0f13b4f2c615b0fc30c055f88bfb5483,,EXACT_CANONICAL_FOUND,Veronica hederifolia subsp. hederifolia,Veronica hederifolia subsp. hederifolia,,Accepted,,,wfo-0001316395,ccfc7e3ca85c8b80aa96eb52d4e50e07e1811d28916b544280d8a4f1a043ba72,,EXACT_CANONICAL_NOT_FOUND,,,,,,,,e6e19630a9415359fba90888864d17313873a984ac79a3677c1d62aac943f991,
2669,PLANTAGINACEAE,Veronica ponae,NO_API_TAXON,False,KEEP_TAXONIC_RESPONSE,2026-08-19T17:29:43.548558+00:00,EXACT_CANONICAL_FOUND,Veronica ponae,Veronica ponae,Gouan,Accepted,,2463043,2463043,6ff1e084d7e1de5bce526a9952c96fbb0f13b4f2c615b0fc30c055f88bfb5483,,EXACT_CANONICAL_FOUND,Veronica ponae,Veronica ponae,Gouan,Accepted,,,wfo-0000425877,ccfc7e3ca85c8b80aa96eb52d4e50e07e1811d28916b544280d8a4f1a043ba72,,EXACT_CANONICAL_FOUND,Veronica ponae,Veronica ponae Gouan,Gouan,,,,FUND. BIODIVERSIDAD:ANTHOS:40779,e6e19630a9415359fba90888864d17313873a984ac79a3677c1d62aac943f991,
2672,PLANTAGINACEAE,Veronica sennenii,NO_API_TAXON,False,KEEP_TAXONIC_RESPONSE,2026-08-19T17:29:43.548567+00:00,EXACT_CANONICAL_FOUND,Veronica sennenii,Veronica sennenii,(Pau) M.M.Mart.Ort. & E.Rico,Accepted,,2462098,2462098,6ff1e084d7e1de5bce526a9952c96fbb0f13b4f2c615b0fc30c055f88bfb5483,,EXACT_CANONICAL_FOUND,Veronica sennenii,Veronica sennenii,(Pau) M.M.Mart.Ort. & E.Rico,Accepted,,,wfo-0000425208,ccfc7e3ca85c8b80aa96eb52d4e50e07e1811d28916b544280d8a4f1a043ba72,,EXACT_CANONICAL_FOUND,Veronica sennenii,Veronica sennenii (Pau) M.M. Mart. Ort. & E. Rico,(Pau) M.M. Mart. Ort. & E. Rico,,,,FUND. BIODIVERSIDAD:ANTHOS:1127527,e6e19630a9415359fba90888864d17313873a984ac79a3677c1d62aac943f991,
2678,FABACEAE,Vicia amphycarpa,NO_API_TAXON,False,NO_RESPONSE_ALL_THREE,2026-08-19T17:29:43.548580+00:00,EXACT_CANONICAL_NOT_FOUND,,,,,,,,6ff1e084d7e1de5bce526a9952c96fbb0f13b4f2c615b0fc30c055f88bfb5483,,EXACT_CANONICAL_NOT_FOUND,,,,,,,,ccfc7e3ca85c8b80aa96eb52d4e50e07e1811d28916b544280d8a4f1a043ba72,,EXACT_CANONICAL_NOT_FOUND,,,,,,,,e6e19630a9415359fba90888864d17313873a984ac79a3677c1d62aac943f991,
2679,FABACEAE,Vicia angustifolia,NO_API_TAXON,False,KEEP_TAXONIC_RESPONSE,2026-08-19T17:29:43.548591+00:00,EXACT_CANONICAL_FOUND,Vicia angustifolia,Vicia angustifolia,L.,Synonym,,2872689,2452469,6ff1e084d7e1de5bce526a9952c96fbb0f13b4f2c615b0fc30c055f88bfb5483,,EXACT_CANONICAL_FOUND,Vicia angustifolia,Vicia angustifolia,Hohen.,Synonym,,wfo-0000212745,wfo-0000191324,ccfc7e3ca85c8b80aa96eb52d4e50e07e1811d28916b544280d8a4f1a043ba72,,EXACT_CANONICAL_FOUND,Vicia angustifolia,Vicia angustifolia L.,L.,,,,FUND. BIODIVERSIDAD:ANTHOS:1124189,e6e19630a9415359fba90888864d17313873a984ac79a3677c1d62aac943f991,
2683,FABACEAE,Vicia faba,NO_API_TAXON,False,KEEP_TAXONIC_RESPONSE,2026-08-19T17:29:43.548602+00:00,EXACT_CANONICAL_FOUND,Vicia faba,Vicia faba,L.,Accepted,,2452318,2452318,6ff1e084d7e1de5bce526a9952c96fbb0f13b4f2c615b0fc30c055f88bfb5483,,EXACT_CANONICAL_FOUND,Vicia faba,Vicia faba,L.,Accepted,,,wfo-0000212739,ccfc7e3ca85c8b80aa96eb52d4e50e07e1811d28916b544280d8a4f1a043ba72,,EXACT_CANONICAL_FOUND,Vicia faba,Vicia faba L.,L.,,,,FUND. BIODIVERSIDAD:ANTHOS:51092,e6e19630a9415359fba90888864d17313873a984ac79a3677c1d62aac943f991,
2689,FABACEAE,Vicia monantha subsp. calcarata,NO_EXACT_MATCH,False,KEEP_TAXONIC_RESPONSE,2026-08-19T17:29:43.548612+00:00,EXACT_CANONICAL_FOUND,Vicia monantha subsp. calcarata,Vicia monantha subsp. calcarata,(Desf.) Romero Zarco,Synonym,,2915992,2453043,6ff1e084d7e1de5bce526a9952c96fbb0f13b4f2c615b0fc30c055f88bfb5483,,EXACT_CANONICAL_FOUND,Vicia monantha subsp. calcarata,Vicia monantha subsp. calcarata,(Desf.) Romero Zarco,Synonym,,wfo-0000212757,wfo-0000212754,ccfc7e3ca85c8b80aa96eb52d4e50e07e1811d28916b544280d8a4f1a043ba72,,EXACT_CANONICAL_FOUND,Vicia monantha subsp. calcarata,Vicia monantha subsp. calcarata (Desf.) Romero Zarco,(Desf.) Romero Zarco,,,,FUND. BIODIVERSIDAD:ANTHOS:114192,e6e19630a9415359fba90888864d17313873a984ac79a3677c1d62aac943f991,
2698,FABACEAE,Vicia sativa subsp. sativa,NO_EXACT_MATCH,False,KEEP_TAXONIC_RESPONSE,2026-08-19T17:29:43.548624+00:00,EXACT_CANONICAL_FOUND,Vicia sativa subsp. sativa,Vicia sativa subsp. sativa,,Accepted,,3231990,3231990,6ff1e084d7e1de5bce526a9952c96fbb0f13b4f2c615b0fc30c055f88bfb5483,,EXACT_CANONICAL_FOUND,Vicia sativa subsp. sativa,Vicia sativa subsp. sativa,,Accepted,,,wfo-0000212791,ccfc7e3ca85c8b80aa96eb52d4e50e07e1811d28916b544280d8a4f1a043ba72,,EXACT_CANONICAL_FOUND,Vicia sativa subsp. sativa,Vicia sativa subsp. sativa L.,L.,,,,FUND. BIODIVERSIDAD:ANTHOS:24899,e6e19630a9415359fba90888864d17313873a984ac79a3677c1d62aac943f991,
2703,APOCYNACEAE,Vinca difformis,NO_API_TAXON,False,KEEP_TAXONIC_RESPONSE,2026-08-19T17:29:43.548634+00:00,EXACT_CANONICAL_FOUND,Vinca difformis,Vinca difformis,Pourr.,Accepted,,213148,213148,6ff1e084d7e1de5bce526a9952c96fbb0f13b4f2c615b0fc30c055f88bfb5483,,EXACT_CANONICAL_FOUND,Vinca difformis,Vinca difformis,Pourr.,Accepted,,,wfo-0000332765,ccfc7e3ca85c8b80aa96eb52d4e50e07e1811d28916b544280d8a4f1a043ba72,,EXACT_CANONICAL_FOUND,Vinca difformis,Vinca difformis Pourr.,Pourr.,,,,FUND. BIODIVERSIDAD:ANTHOS:64745,e6e19630a9415359fba90888864d17313873a984ac79a3677c1d62aac943f991,
2704,APOCYNACEAE,Vinca major subsp. major,NO_EXACT_MATCH,False,KEEP_TAXONIC_RESPONSE,2026-08-19T17:29:43.548645+00:00,EXACT_CANONICAL_FOUND,Vinca major subsp. major,Vinca major subsp. major,,Accepted,,213170,213170,6ff1e084d7e1de5bce526a9952c96fbb0f13b4f2c615b0fc30c055f88bfb5483,,EXACT_CANONICAL_FOUND,Vinca major subsp. major,Vinca major subsp. major,,Accepted,,,wfo-0000332790,ccfc7e3ca85c8b80aa96eb52d4e50e07e1811d28916b544280d8a4f1a043ba72,,EXACT_CANONICAL_FOUND,Vinca major subsp. major,Vinca major subsp. major L.,L.,,,,FUND. BIODIVERSIDAD:ANTHOS:1372742,e6e19630a9415359fba90888864d17313873a984ac79a3677c1d62aac943f991,
2706,APOCYNACEAE,Vincetoxicum nigrum,NO_API_TAXON,False,KEEP_TAXONIC_RESPONSE,2026-08-19T17:29:43.548656+00:00,EXACT_CANONICAL_FOUND,Vincetoxicum nigrum,Vincetoxicum nigrum,(L.) Moench,Accepted,,513699,513699,6ff1e084d7e1de5bce526a9952c96fbb0f13b4f2c615b0fc30c055f88bfb5483,,EXACT_CANONICAL_FOUND,Vincetoxicum nigrum,Vincetoxicum nigrum,(L.) Moench,Accepted,,,wfo-0000420947,ccfc7e3ca85c8b80aa96eb52d4e50e07e1811d28916b544280d8a4f1a043ba72,,EXACT_CANONICAL_FOUND,Vincetoxicum nigrum,Vincetoxicum nigrum (L.) Moench,(L.) Moench,,,,FUND. BIODIVERSIDAD:ANTHOS:29244,e6e19630a9415359fba90888864d17313873a984ac79a3677c1d62aac943f991,
2707,VIOLACEAE,Viola alba,NO_API_TAXON,False,KEEP_TAXONIC_RESPONSE,2026-08-19T17:29:43.548668+00:00,EXACT_CANONICAL_FOUND,Viola alba,Viola alba,Besser,Accepted,,2463476,2463476,6ff1e084d7e1de5bce526a9952c96fbb0f13b4f2c615b0fc30c055f88bfb5483,,EXACT_CANONICAL_FOUND,Viola alba,Viola alba,Besser,Accepted,,,wfo-0000426240,ccfc7e3ca85c8b80aa96eb52d4e50e07e1811d28916b544280d8a4f1a043ba72,,EXACT_CANONICAL_FOUND,Viola alba,Viola alba Besser,Besser,,,,FUND. BIODIVERSIDAD:ANTHOS:27152,e6e19630a9415359fba90888864d17313873a984ac79a3677c1d62aac943f991,
2709,VIOLACEAE,Viola bubanii,NO_API_TAXON,False,KEEP_TAXONIC_RESPONSE,2026-08-19T17:29:43.548676+00:00,EXACT_CANONICAL_FOUND,Viola bubanii,Viola bubanii,Timb.-Lagr.,Accepted,,2463993,2463993,6ff1e084d7e1de5bce526a9952c96fbb0f13b4f2c615b0fc30c055f88bfb5483,,EXACT_CANONICAL_FOUND,Viola bubanii,Viola bubanii,Timb.-Lagr.,Accepted,,,wfo-0000426621,ccfc7e3ca85c8b80aa96eb52d4e50e07e1811d28916b544280d8a4f1a043ba72,,EXACT_CANONICAL_FOUND,Viola bubanii,Viola bubanii Timb.-Lagr.,Timb.-Lagr.,,,,FUND. BIODIVERSIDAD:ANTHOS:27233,e6e19630a9415359fba90888864d17313873a984ac79a3677c1d62aac943f991,
2713,VIOLACEAE,Viola montcaunica,NO_API_TAXON,False,KEEP_TAXONIC_RESPONSE,2026-08-19T17:29:43.548686+00:00,EXACT_CANONICAL_FOUND,Viola montcaunica,Viola montcaunica,Pau,Accepted,,2459444,2459444,6ff1e084d7e1de5bce526a9952c96fbb0f13b4f2c615b0fc30c055f88bfb5483,,EXACT_CANONICAL_FOUND,Viola montcaunica,Viola montcaunica,Pau,Unchecked,,,wfo-1000080168,ccfc7e3ca85c8b80aa96eb52d4e50e07e1811d28916b544280d8a4f1a043ba72,,EXACT_CANONICAL_FOUND,Viola montcaunica,Viola montcaunica Pau,Pau,,,,FUND. BIODIVERSIDAD:ANTHOS:66483,e6e19630a9415359fba90888864d17313873a984ac79a3677c1d62aac943f991,
2719,VIOLACEAE,Viola rupestris subsp. rupestris,NO_EXACT_MATCH,False,KEEP_TAXONIC_RESPONSE,2026-08-19T17:29:43.548696+00:00,EXACT_CANONICAL_FOUND,Viola rupestris subsp. rupestris,Viola rupestris subsp. rupestris,,Accepted,,3258804,3258804,6ff1e084d7e1de5bce526a9952c96fbb0f13b4f2c615b0fc30c055f88bfb5483,,EXACT_CANONICAL_FOUND,Viola rupestris subsp. rupestris,Viola rupestris subsp. rupestris,,Accepted,,,wfo-0001144443,ccfc7e3ca85c8b80aa96eb52d4e50e07e1811d28916b544280d8a4f1a043ba72,,EXACT_CANONICAL_FOUND,Viola rupestris subsp. rupestris,Viola rupestris subsp. rupestris F.W. Schmidt,F.W. Schmidt,,,,FUND. BIODIVERSIDAD:ANTHOS:45464,e6e19630a9415359fba90888864d17313873a984ac79a3677c1d62aac943f991,
2720,VIOLACEAE,Viola saxatilis,NO_API_TAXON,False,KEEP_TAXONIC_RESPONSE,2026-08-19T17:29:43.548707+00:00,EXACT_CANONICAL_FOUND,Viola saxatilis,Viola saxatilis,F.W.Schmidt,Synonym,,3233863,2459747,6ff1e084d7e1de5bce526a9952c96fbb0f13b4f2c615b0fc30c055f88bfb5483,,EXACT_CANONICAL_FOUND,Viola saxatilis,Viola saxatilis,F.W.Schmidt,Synonym,,wfo-0000747998,wfo-0000423680,ccfc7e3ca85c8b80aa96eb52d4e50e07e1811d28916b544280d8a4f1a043ba72,,EXACT_CANONICAL_FOUND,Viola saxatilis,Viola saxatilis F.W. Schmidt,F.W. Schmidt,,,,FUND. BIODIVERSIDAD:ANTHOS:1124215,e6e19630a9415359fba90888864d17313873a984ac79a3677c1d62aac943f991,
2723,SANTALACEAE,Viscum album subsp. austriacum,NO_EXACT_MATCH,False,KEEP_TAXONIC_RESPONSE,2026-08-19T17:29:43.548716+00:00,EXACT_CANONICAL_FOUND,Viscum album subsp. austriacum,Viscum album subsp. austriacum,(Wiesb.) Vollm.,Accepted,,2869500,2869500,6ff1e084d7e1de5bce526a9952c96fbb0f13b4f2c615b0fc30c055f88bfb5483,,EXACT_CANONICAL_FOUND,Viscum album subsp. austriacum,Viscum album subsp. austriacum,(Wiesb.) Vollm.,Accepted,,,wfo-0000734053,ccfc7e3ca85c8b80aa96eb52d4e50e07e1811d28916b544280d8a4f1a043ba72,,EXACT_CANONICAL_FOUND,Viscum album subsp. austriacum,Viscum album subsp. austriacum (Wiesb.) Vollm.,(Wiesb.) Vollm.,,,,FUND. BIODIVERSIDAD:ANTHOS:85626,e6e19630a9415359fba90888864d17313873a984ac79a3677c1d62aac943f991,
2725,VITACEAE,Vitis vinifera subsp. sylvestris,NO_EXACT_MATCH,False,KEEP_TAXONIC_RESPONSE,2026-08-19T17:29:43.548728+00:00,EXACT_CANONICAL_FOUND,Vitis vinifera subsp. sylvestris,Vitis vinifera subsp. sylvestris,(Willd.) Hegi,Synonym,,2457006,2873553,6ff1e084d7e1de5bce526a9952c96fbb0f13b4f2c615b0fc30c055f88bfb5483,,EXACT_CANONICAL_FOUND,Vitis vinifera subsp. sylvestris,Vitis vinifera subsp. sylvestris,(Willd.) Hegi,Synonym,,wfo-0000421791,wfo-0000737682,ccfc7e3ca85c8b80aa96eb52d4e50e07e1811d28916b544280d8a4f1a043ba72,,EXACT_CANONICAL_FOUND,Vitis vinifera subsp. sylvestris,Vitis vinifera subsp. sylvestris (C.C. Gmel.) Hegi,(C.C. Gmel.) Hegi,,,,FUND. BIODIVERSIDAD:ANTHOS:48545,e6e19630a9415359fba90888864d17313873a984ac79a3677c1d62aac943f991,
2726,VITACEAE,Vitis vinifera subsp. vinifera,NO_EXACT_MATCH,False,KEEP_TAXONIC_RESPONSE,2026-08-19T17:29:43.548737+00:00,EXACT_CANONICAL_NOT_FOUND,,,,,,,,6ff1e084d7e1de5bce526a9952c96fbb0f13b4f2c615b0fc30c055f88bfb5483,,EXACT_CANONICAL_NOT_FOUND,,,,,,,,ccfc7e3ca85c8b80aa96eb52d4e50e07e1811d28916b544280d8a4f1a043ba72,,EXACT_CANONICAL_FOUND,Vitis vinifera subsp. vinifera,Vitis vinifera subsp. vinifera L.,L.,,,,FUND. BIODIVERSIDAD:ANTHOS:51126,e6e19630a9415359fba90888864d17313873a984ac79a3677c1d62aac943f991,
2733,CAMPANULACEAE,Wahlenbergia hederacea,NO_API_TAXON,False,KEEP_TAXONIC_RESPONSE,2026-08-19T17:29:43.548747+00:00,EXACT_CANONICAL_FOUND,Wahlenbergia hederacea,Wahlenbergia hederacea,(L.) Rchb.,Accepted,,357563,357563,6ff1e084d7e1de5bce526a9952c96fbb0f13b4f2c615b0fc30c055f88bfb5483,,EXACT_CANONICAL_FOUND,Wahlenbergia hederacea,Wahlenbergia hederacea,Rchb.,Synonym,,wfo-0001338562,wfo-0000819828,ccfc7e3ca85c8b80aa96eb52d4e50e07e1811d28916b544280d8a4f1a043ba72,,EXACT_CANONICAL_FOUND,Wahlenbergia hederacea,Wahlenbergia hederacea (L.) Rchb.,(L.) Rchb.,,,,FUND. BIODIVERSIDAD:ANTHOS:1124235,e6e19630a9415359fba90888864d17313873a984ac79a3677c1d62aac943f991,
2735,ASTERACEAE,Xanthium orientale subsp. italicum,NO_EXACT_MATCH,False,KEEP_TAXONIC_RESPONSE,2026-08-19T17:29:43.548758+00:00,EXACT_CANONICAL_FOUND,Xanthium orientale subsp. italicum,Xanthium orientale subsp. italicum,(Moretti) Greuter,Synonym,,2916928,2916616,6ff1e084d7e1de5bce526a9952c96fbb0f13b4f2c615b0fc30c055f88bfb5483,,EXACT_CANONICAL_FOUND,Xanthium orientale subsp. italicum,Xanthium orientale subsp. italicum,(Moretti) Greuter,Synonym,,wfo-0000046646,wfo-0000111477,ccfc7e3ca85c8b80aa96eb52d4e50e07e1811d28916b544280d8a4f1a043ba72,,EXACT_CANONICAL_FOUND,Xanthium orientale subsp. italicum,Xanthium orientale subsp. italicum (Moretti) Greuter,(Moretti) Greuter,,,,FUND. BIODIVERSIDAD:ANTHOS:1124239,e6e19630a9415359fba90888864d17313873a984ac79a3677c1d62aac943f991,
2739,CISTACEAE,Xolantha tuberaria,NO_API_TAXON,False,KEEP_TAXONIC_RESPONSE,2026-08-19T17:29:43.548767+00:00,EXACT_CANONICAL_FOUND,Xolantha tuberaria,Xolantha tuberaria,"(L.) M.J.Gallego, Muñoz Garm. & C.Navarro",Synonym,,2431002,2468461,6ff1e084d7e1de5bce526a9952c96fbb0f13b4f2c615b0fc30c055f88bfb5483,,EXACT_CANONICAL_FOUND,Xolantha tuberaria,Xolantha tuberaria,"(L.) M.J.Gallego, Muñoz Garm. & C.Navarro",Synonym,,wfo-0000406726,wfo-0000429061,ccfc7e3ca85c8b80aa96eb52d4e50e07e1811d28916b544280d8a4f1a043ba72,,EXACT_CANONICAL_NOT_FOUND,,,,,,,,e6e19630a9415359fba90888864d17313873a984ac79a3677c1d62aac943f991,
